TYPE,PRICE,BEDS,BATH,PROPERTYSQFT,ADDRESS,STATE,LOCALITY,FORMATTED_ADDRESS
House for sale,94601238.0,5,5,5938.49,"Moratuwa, Colombo",Colombo,Moratuwa,"Moratuwa, Colombo"
House for sale,46044725.0,3,3,1768.45,"Homagama, Colombo",Colombo,Homagama,"Homagama, Colombo"
House for sale,90985626.0,5,4,5063.38,"Boralesgamuwa, Colombo",Colombo,Boralesgamuwa,"Boralesgamuwa, Colombo"
House for sale,28967644.0,3,2,2619.82,"Piliyandala, Colombo",Colombo,Piliyandala,"Piliyandala, Colombo"
Villa for sale,98596073.0,5,5,4914.25,"Boralesgamuwa, Colombo",Colombo,Boralesgamuwa,"Boralesgamuwa, Colombo"
House for sale,11677723.0,4,2,1431.04,"Padukka, Colombo",Colombo,Padukka,"Padukka, Colombo"
House for sale,55940507.0,4,3,2138.28,"Dehiwala, Colombo",Colombo,Dehiwala,"Dehiwala, Colombo"
House for sale,60773161.0,3,3,3048.53,"Dehiwala, Colombo",Colombo,Dehiwala,"Dehiwala, Colombo"
House for sale,26788426.0,4,3,2620.5,"Piliyandala, Colombo",Colombo,Piliyandala,"Piliyandala, Colombo"
House for sale,81789774.0,5,4,3029.48,"Pitakotte, Colombo",Colombo,Pitakotte,"Pitakotte, Colombo"
House for sale,132060273.0,3,3,4538.45,"Mount Lavinia, Colombo",Colombo,Mount Lavinia,"Mount Lavinia, Colombo"
House for sale,496440000.0,4,4,4500.0,"Bouddhaloka Mawatha, Colombo 07",Colombo,Colombo 7,"Bouddhaloka Mawatha, Colombo 07"
House for sale,51155911.0,3,3,3433.46,"Thalawathugoda, Colombo",Colombo,Thalawathugoda,"Thalawathugoda, Colombo"
House for sale,68871285.0,4,3,1975.8,"Pitakotte, Colombo",Colombo,Pitakotte,"Pitakotte, Colombo"
House for sale,34378572.0,4,3,4212.9,"Awissawella, Colombo",Colombo,Awissawella,"Awissawella, Colombo"
House for sale,384617603.0,7,6,8569.58,"Kohuwala, Colombo",Colombo,Kohuwala,"Kohuwala, Colombo"
House for sale,38159437.0,4,3,4597.9,"Awissawella, Colombo",Colombo,Awissawella,"Awissawella, Colombo"
House for sale,39381635.0,4,3,2298.82,"Moratuwa, Colombo",Colombo,Moratuwa,"Moratuwa, Colombo"
House for sale,63006045.0,2,2,1403.82,"Pamankada, Colombo",Colombo,Pamankada,"Pamankada, Colombo"
House for sale,47849007.0,3,3,3392.55,"Kesbewa, Colombo",Colombo,Kesbewa,"Kesbewa, Colombo"
House for sale,24500000.0,5,2,2500.0,"Mahalwarawa, Pannipitiya",Colombo,Pannipitiya,"Mahalwarawa, Pannipitiya"
House for sale,111925187.0,5,3,3491.42,"Kottawa, Colombo",Colombo,Kottawa,"Kottawa, Colombo"
House for sale,302950112.0,10,8,9019.7,"Battaramulla, Colombo",Colombo,Battaramulla,"Battaramulla, Colombo"
House for sale,39530898.0,5,3,4844.28,"Awissawella, Colombo",Colombo,Awissawella,"Awissawella, Colombo"
House for sale,59695110.0,3,3,3693.34,"Pitakotte, Colombo",Colombo,Pitakotte,"Pitakotte, Colombo"
House for sale,164355412.0,3,4,3661.97,"Nawala, Colombo",Colombo,Nawala,"Nawala, Colombo"
House for sale,41646121.0,4,4,2250.6,"Colombo 7, Colombo",Colombo,Colombo 7,"Colombo 7, Colombo"
House for sale,38265553.0,5,4,4628.65,"Malabe, Colombo",Colombo,Malabe,"Malabe, Colombo"
House for sale,13459149.0,2,2,896.0,"Kolonnawa, Colombo",Colombo,Kolonnawa,"Kolonnawa, Colombo"
House for sale,137043300.0,4,5,3053.43,"Nawala, Colombo",Colombo,Nawala,"Nawala, Colombo"
House for sale,85940564.0,3,3,2955.27,"Colombo 6, Colombo",Colombo,Colombo 6,"Colombo 6, Colombo"
House for sale,65498722.0,5,5,5282.14,"Pitakotte, Colombo",Colombo,Pitakotte,"Pitakotte, Colombo"
Villa for sale,23040739.0,5,3,2523.1,"Pannipitiya, Colombo",Colombo,Pannipitiya,"Pannipitiya, Colombo"
House for sale,253861899.0,9,8,8117.52,"Battaramulla, Colombo",Colombo,Battaramulla,"Battaramulla, Colombo"
House for sale,25729471.0,5,3,2876.5,"Pannipitiya, Colombo",Colombo,Pannipitiya,"Pannipitiya, Colombo"
House for sale,62994345.0,5,5,3337.25,"Dehiwala, Colombo",Colombo,Dehiwala,"Dehiwala, Colombo"
House for sale,104844219.0,4,4,5033.31,"Nugegoda, Colombo",Colombo,Nugegoda,"Nugegoda, Colombo"
House for sale,24172340.0,4,3,2007.34,"Polgasovita, Colombo",Colombo,Polgasovita,"Polgasovita, Colombo"
House for sale,36903673.0,3,3,2332.94,"Colombo 9, Colombo",Colombo,Colombo 9,"Colombo 9, Colombo"
House for sale,70059786.0,5,5,3315.37,"Moratuwa, Colombo",Colombo,Moratuwa,"Moratuwa, Colombo"
House for sale,39059086.0,4,3,4786.47,"Awissawella, Colombo",Colombo,Awissawella,"Awissawella, Colombo"
House for sale,35000000.0,3,2,1200.0,"Temple Road, Maharagama",Colombo,Maharagama,"Temple Road, Maharagama"
House for sale,45957272.0,5,3,2134.43,"Kottawa, Colombo",Colombo,Kottawa,"Kottawa, Colombo"
House for sale,61826821.0,3,3,2988.12,"Thalawathugoda, Colombo",Colombo,Thalawathugoda,"Thalawathugoda, Colombo"
House for sale,15668196.0,2,2,896.0,"Kolonnawa, Colombo",Colombo,Kolonnawa,"Kolonnawa, Colombo"
House for sale,164198640.0,4,3,3658.47,"Colombo 7, Colombo",Colombo,Colombo 7,"Colombo 7, Colombo"
House for sale,108601425.0,4,4,3489.17,"Kohuwala, Colombo",Colombo,Kohuwala,"Kohuwala, Colombo"
House for sale,108000000.0,2,1,1500.0,"Havelock road, Pamankada",Colombo,Pamankada,"Havelock road, Pamankada"
House for sale,207849948.0,6,5,4874.54,"Colombo 7, Colombo",Colombo,Colombo 7,"Colombo 7, Colombo"
House for sale,131685369.0,5,5,3860.6,"Nawala, Colombo",Colombo,Nawala,"Nawala, Colombo"
House for sale,58335706.0,4,4,3492.08,"Thalawathugoda, Colombo",Colombo,Thalawathugoda,"Thalawathugoda, Colombo"
House for sale,21318478.0,1,2,1001.39,"Padukka, Colombo",Colombo,Padukka,"Padukka, Colombo"
House for sale,85165018.0,5,4,4530.57,"Battaramulla, Colombo",Colombo,Battaramulla,"Battaramulla, Colombo"
House for sale,42820801.0,5,3,5247.44,"Makadana, Colombo",Colombo,Makadana,"Makadana, Colombo"
House for sale,95514234.0,5,4,4426.11,"Pitakotte, Colombo",Colombo,Pitakotte,"Pitakotte, Colombo"
House for sale,325312925.0,8,6,8468.89,"Pamankada, Colombo",Colombo,Pamankada,"Pamankada, Colombo"
Villa for sale,78281464.0,5,4,3656.59,"Pitakotte, Colombo",Colombo,Pitakotte,"Pitakotte, Colombo"
House for sale,114665697.0,5,5,4771.84,"Thalawathugoda, Colombo",Colombo,Thalawathugoda,"Thalawathugoda, Colombo"
House for sale,34750299.0,4,3,2457.76,"Kottawa, Colombo",Colombo,Kottawa,"Kottawa, Colombo"
House for sale,85311041.0,4,5,3658.19,"Mount Lavinia, Colombo",Colombo,Mount Lavinia,"Mount Lavinia, Colombo"
House for sale,89800566.0,5,5,4886.03,"Moratuwa, Colombo",Colombo,Moratuwa,"Moratuwa, Colombo"
House for sale,147810742.0,6,6,3343.12,"Colombo 6, Colombo",Colombo,Colombo 6,"Colombo 6, Colombo"
House for sale,78946203.0,3,4,3843.97,"Kottawa, Colombo",Colombo,Kottawa,"Kottawa, Colombo"
House for sale,272094554.0,10,8,9019.7,"Bambalapitiya , Colombo",Colombo,Bambalapitiya ,"Bambalapitiya , Colombo"
House for sale,23000000.0,6,3,2500.0,"Kynsey Terrace, Colombo 8",Colombo,Colombo 8,"Kynsey Terrace, Colombo 8"
House for sale,87109646.0,5,3,4826.43,"Colombo 6, Colombo",Colombo,Colombo 6,"Colombo 6, Colombo"
House for sale,95906917.0,6,4,4874.57,"Nawala, Colombo",Colombo,Nawala,"Nawala, Colombo"
House for sale,68712079.0,5,3,2120.05,"Colombo 9, Colombo",Colombo,Colombo 9,"Colombo 9, Colombo"
House for sale,36736767.0,2,2,1181.63,"Maharagama, Colombo",Colombo,Maharagama,"Maharagama, Colombo"
House for sale,45330358.0,5,3,2060.2,"Rathmalana, Colombo",Colombo,Rathmalana,"Rathmalana, Colombo"
House for sale,33665176.0,4,2,1880.61,"Boralesgamuwa, Colombo",Colombo,Boralesgamuwa,"Boralesgamuwa, Colombo"
House for sale,76035065.0,6,4,3370.72,"Pitakotte, Colombo",Colombo,Pitakotte,"Pitakotte, Colombo"
House for sale,110296542.0,5,4,3773.03,"Maharagama, Colombo",Colombo,Maharagama,"Maharagama, Colombo"
House for sale,13336613.0,2,2,1634.33,"Mount Lavinia, Colombo",Colombo,Mount Lavinia,"Mount Lavinia, Colombo"
House for sale,19175744.0,2,2,1142.38,"Maththegoda, Colombo",Colombo,Maththegoda,"Maththegoda, Colombo"
House for sale,26437220.0,3,3,1510.43,"Makumbura, Colombo",Colombo,Makumbura,"Makumbura, Colombo"
Villa for sale,322768462.0,6,5,9019.7,"Boralesgamuwa, Colombo",Colombo,Boralesgamuwa,"Boralesgamuwa, Colombo"
House for sale,42641370.0,5,3,3104.02,"Makadana, Colombo",Colombo,Makadana,"Makadana, Colombo"
House for sale,115602114.0,4,5,2845.55,"Nawala, Colombo",Colombo,Nawala,"Nawala, Colombo"
House for sale,31558355.0,4,5,3014.8,"Kaduwela, Colombo",Colombo,Kaduwela,"Kaduwela, Colombo"
House for sale,363464640.0,7,5,8098.27,"Colombo 7, Colombo",Colombo,Colombo 7,"Colombo 7, Colombo"
House for sale,34990810.0,4,3,2947.04,"Maharagama, Colombo",Colombo,Maharagama,"Maharagama, Colombo"
House for sale,33244873.0,4,3,1874.35,"Homagama, Colombo",Colombo,Homagama,"Homagama, Colombo"
Villa for sale,43421083.0,4,2,2716.38,"Rathmalana, Colombo",Colombo,Rathmalana,"Rathmalana, Colombo"
House for sale,31102899.0,4,3,2382.66,"Homagama, Colombo",Colombo,Homagama,"Homagama, Colombo"
House for sale,136320569.0,4,4,3255.55,"Kohuwala, Colombo",Colombo,Kohuwala,"Kohuwala, Colombo"
Villa for sale,159419521.0,6,5,3863.82,"Colombo 6, Colombo",Colombo,Colombo 6,"Colombo 6, Colombo"
House for sale,31881990.0,5,3,2372.42,"Malabe, Colombo",Colombo,Malabe,"Malabe, Colombo"
House for sale,42022642.0,3,3,3168.19,"Kesbewa, Colombo",Colombo,Kesbewa,"Kesbewa, Colombo"
House for sale,40170895.0,4,3,2643.94,"Wellampitiya, Colombo",Colombo,Wellampitiya,"Wellampitiya, Colombo"
House for sale,13350135.0,3,3,960.59,"Wellampitiya, Colombo",Colombo,Wellampitiya,"Wellampitiya, Colombo"
House for sale,131307093.0,6,5,2984.06,"Nawala, Colombo",Colombo,Nawala,"Nawala, Colombo"
House for sale,170954176.0,6,4,3808.99,"Mount Lavinia, Colombo",Colombo,Mount Lavinia,"Mount Lavinia, Colombo"
House for sale,120801193.0,4,4,4279.47,"Thalawathugoda, Colombo",Colombo,Thalawathugoda,"Thalawathugoda, Colombo"
House for sale,31752343.0,2,1,2538.98,"Boralesgamuwa, Colombo",Colombo,Boralesgamuwa,"Boralesgamuwa, Colombo"
House for sale,58297108.0,4,3,4508.22,"Morakatiya, Colombo",Colombo,Morakatiya,"Morakatiya, Colombo"
House for sale,149801187.0,3,4,3337.69,"Boralesgamuwa, Colombo",Colombo,Boralesgamuwa,"Boralesgamuwa, Colombo"
House for sale,28776200.0,3,4,2624.68,"Colombo 9, Colombo",Colombo,Colombo 9,"Colombo 9, Colombo"
Villa for sale,114474412.0,4,6,4359.07,"Boralesgamuwa, Colombo",Colombo,Boralesgamuwa,"Boralesgamuwa, Colombo"
House for sale,339688479.0,7,5,7568.52,"Kohuwala, Colombo",Colombo,Kohuwala,"Kohuwala, Colombo"
House for sale,71466697.0,3,4,3510.42,"Thalawathugoda, Colombo",Colombo,Thalawathugoda,"Thalawathugoda, Colombo"
House for sale,35000000.0,4,5,3250.0,"Pannipitiya, Moraketiya",Colombo,Morakatiya,"Pannipitiya, Moraketiya"
House for sale,28490250.0,4,3,1310.14,"Kolonnawa, Colombo",Colombo,Kolonnawa,"Kolonnawa, Colombo"
House for sale,26218145.0,3,2,3212.88,"Padukka, Colombo",Colombo,Padukka,"Padukka, Colombo"
House for sale,15743905.0,2,2,1070.38,"Mount Lavinia, Colombo",Colombo,Mount Lavinia,"Mount Lavinia, Colombo"
House for sale,50139042.0,4,4,4228.66,"Malabe, Colombo",Colombo,Malabe,"Malabe, Colombo"
House for sale,173878418.0,4,4,3874.15,"Nawala, Colombo",Colombo,Nawala,"Nawala, Colombo"
House for sale,55828255.0,6,5,3317.75,"Dehiwala, Colombo",Colombo,Dehiwala,"Dehiwala, Colombo"
House for sale,34500000.0,5,3,4653.0,"Thalduwa, Awissawella",Colombo,Awissawella,"Thalduwa, Awissawella"
House for sale,84691395.0,3,4,3680.99,"Rathmalana, Colombo",Colombo,Rathmalana,"Rathmalana, Colombo"
House for sale,231752639.0,7,6,5163.63,"Pitakotte, Colombo",Colombo,Pitakotte,"Pitakotte, Colombo"
House for sale,35811433.0,3,3,1850.78,"Wellampitiya, Colombo",Colombo,Wellampitiya,"Wellampitiya, Colombo"
House for sale,70734430.0,7,6,4959.33,"Rathmalana, Colombo",Colombo,Rathmalana,"Rathmalana, Colombo"
House for sale,53392936.0,4,4,3174.79,"Dehiwala, Colombo",Colombo,Dehiwala,"Dehiwala, Colombo"
House for sale,15264672.0,3,3,896.0,"Wellampitiya, Colombo",Colombo,Wellampitiya,"Wellampitiya, Colombo"
House for sale,117999426.0,4,4,3973.09,"Kohuwala, Colombo",Colombo,Kohuwala,"Kohuwala, Colombo"
House for sale,30000000.0,4,2,2700.0,"Piliyandala, Colombo",Colombo,Piliyandala,"Piliyandala, Colombo"
House for sale,8559900.0,3,2,896.0,"Wellampitiya, Colombo",Colombo,Wellampitiya,"Wellampitiya, Colombo"
House for sale,47742446.0,2,2,2740.19,"Thalawathugoda, Colombo",Colombo,Thalawathugoda,"Thalawathugoda, Colombo"
House for sale,232402404.0,5,5,5178.11,"Mount Lavinia, Colombo",Colombo,Mount Lavinia,"Mount Lavinia, Colombo"
House for sale,187628039.0,5,4,4243.64,"Nugegoda, Colombo",Colombo,Nugegoda,"Nugegoda, Colombo"
House for sale,48700496.0,4,4,3211.24,"Dehiwala, Colombo",Colombo,Dehiwala,"Dehiwala, Colombo"
House for sale,116989619.0,4,4,4075.17,"Maharagama, Colombo",Colombo,Maharagama,"Maharagama, Colombo"
House for sale,186974736.0,4,4,4333.29,"Nawala, Colombo",Colombo,Nawala,"Nawala, Colombo"
House for sale,7777000.0,2,1,896.0,"Pannipitiya, Colombo",Colombo,Pannipitiya,"Pannipitiya, Colombo"
House for sale,48706669.0,3,2,3201.6,"Thalawathugoda, Colombo",Colombo,Thalawathugoda,"Thalawathugoda, Colombo"
House for sale,61314383.0,2,3,3056.75,"Moratuwa, Colombo",Colombo,Moratuwa,"Moratuwa, Colombo"
House for sale,68134581.0,4,3,3868.44,"Thalawathugoda, Colombo",Colombo,Thalawathugoda,"Thalawathugoda, Colombo"
House for sale,59794710.0,3,3,2603.28,"Thalawathugoda, Colombo",Colombo,Thalawathugoda,"Thalawathugoda, Colombo"
House for sale,72709836.0,8,7,5166.41,"Dehiwala, Colombo",Colombo,Dehiwala,"Dehiwala, Colombo"
House for sale,40214044.0,3,5,896.0,"Colombo 9, Colombo",Colombo,Colombo 9,"Colombo 9, Colombo"
House for sale,13828294.0,2,2,896.0,"Kolonnawa, Colombo",Colombo,Kolonnawa,"Kolonnawa, Colombo"
House for sale,56870847.0,4,3,2401.54,"Kirulapona, Colombo",Colombo,Kirulapona,"Kirulapona, Colombo"
Villa for sale,215855578.0,5,5,4809.43,"Colombo 7, Colombo",Colombo,Colombo 7,"Colombo 7, Colombo"
House for sale,187130364.0,3,4,4169.41,"Colombo 7, Colombo",Colombo,Colombo 7,"Colombo 7, Colombo"
Villa for sale,158831808.0,7,6,3538.9,"Rathmalana, Colombo",Colombo,Rathmalana,"Rathmalana, Colombo"
House for sale,13823441.0,2,1,1081.11,"Mount Lavinia, Colombo",Colombo,Mount Lavinia,"Mount Lavinia, Colombo"
House for sale,34045787.0,3,3,2507.08,"Maharagama, Colombo",Colombo,Maharagama,"Maharagama, Colombo"
House for sale,86056942.0,3,4,2860.73,"Dehiwala, Colombo",Colombo,Dehiwala,"Dehiwala, Colombo"
House for sale,164980728.0,5,3,3675.9,"Nawala, Colombo",Colombo,Nawala,"Nawala, Colombo"
House for sale,115108395.0,4,5,2564.7,"Boralesgamuwa, Colombo",Colombo,Boralesgamuwa,"Boralesgamuwa, Colombo"
House for sale,71090696.0,8,7,4001.35,"Mount Lavinia, Colombo",Colombo,Mount Lavinia,"Mount Lavinia, Colombo"
Villa for sale,252160892.0,5,5,5618.34,"Colombo 7, Colombo",Colombo,Colombo 7,"Colombo 7, Colombo"
House for sale,43265765.0,2,2,3199.51,"Pitakotte, Colombo",Colombo,Pitakotte,"Pitakotte, Colombo"
House for sale,16254034.0,2,2,896.0,"Kolonnawa, Colombo",Colombo,Kolonnawa,"Kolonnawa, Colombo"
House for sale,354131542.0,6,5,7927.63,"Colombo 6, Colombo",Colombo,Colombo 6,"Colombo 6, Colombo"
House for sale,93969654.0,3,4,3932.32,"Thalawathugoda, Colombo",Colombo,Thalawathugoda,"Thalawathugoda, Colombo"
House for sale,175657257.0,7,4,3913.78,"Colombo 7, Colombo",Colombo,Colombo 7,"Colombo 7, Colombo"
House for sale,146504577.0,7,6,3684.69,"Rathmalana, Colombo",Colombo,Rathmalana,"Rathmalana, Colombo"
House for sale,15854455.0,3,2,896.0,"Kolonnawa, Colombo",Colombo,Kolonnawa,"Kolonnawa, Colombo"
House for sale,19294868.0,2,3,1241.93,"Homagama, Colombo",Colombo,Homagama,"Homagama, Colombo"
House for sale,86411488.0,4,4,2398.91,"Dehiwala, Colombo",Colombo,Dehiwala,"Dehiwala, Colombo"
House for sale,43471392.0,4,3,1681.77,"Homagama, Colombo",Colombo,Homagama,"Homagama, Colombo"
Villa for sale,37525226.0,5,4,3775.04,"Malabe, Colombo",Colombo,Malabe,"Malabe, Colombo"
House for sale,33315126.0,3,2,1537.99,"Thalawathugoda, Colombo",Colombo,Thalawathugoda,"Thalawathugoda, Colombo"
House for sale,57304495.0,3,4,3561.77,"Thalawathugoda, Colombo",Colombo,Thalawathugoda,"Thalawathugoda, Colombo"
House for sale,64469491.0,4,4,3248.1,"Pitakotte, Colombo",Colombo,Pitakotte,"Pitakotte, Colombo"
House for sale,38939277.0,4,4,3241.82,"Kesbewa, Colombo",Colombo,Kesbewa,"Kesbewa, Colombo"
House for sale,46843026.0,4,3,1637.72,"Kolonnawa, Colombo",Colombo,Kolonnawa,"Kolonnawa, Colombo"
House for sale,11399183.0,2,2,1396.9,"Padukka, Colombo",Colombo,Padukka,"Padukka, Colombo"
House for sale,73177465.0,5,3,3484.18,"Dehiwala, Colombo",Colombo,Dehiwala,"Dehiwala, Colombo"
Villa for sale,82868023.0,4,2,3213.0,"Kottawa, Colombo",Colombo,Kottawa,"Kottawa, Colombo"
Villa for sale,84164221.0,5,5,2548.96,"Rathmalana, Colombo",Colombo,Rathmalana,"Rathmalana, Colombo"
House for sale,31265987.0,2,2,1710.12,"Boralesgamuwa, Colombo",Colombo,Boralesgamuwa,"Boralesgamuwa, Colombo"
House for sale,29881925.0,4,3,3661.86,"Kaduwela, Colombo",Colombo,Kaduwela,"Kaduwela, Colombo"
House for sale,62412350.0,3,3,2287.78,"Kolonnawa, Colombo",Colombo,Kolonnawa,"Kolonnawa, Colombo"
House for sale,46500000.0,4,2,2335.0,"Serene Court, Vihara Mawatha, Kaduwela",Colombo,Kaduwela,"Serene Court, Vihara Mawatha, Kaduwela"
House for sale,69621087.0,1,1,1551.21,"Pamankada, Colombo",Colombo,Pamankada,"Pamankada, Colombo"
House for sale,30897633.0,4,4,2739.74,"Maharagama, Colombo",Colombo,Maharagama,"Maharagama, Colombo"
House for sale,32618882.0,4,5,3606.11,"Malabe, Colombo",Colombo,Malabe,"Malabe, Colombo"
House for sale,104833990.0,3,2,4348.49,"Kottawa, Colombo",Colombo,Kottawa,"Kottawa, Colombo"
House for sale,9691157.0,1,1,1187.6,"Polgasovita, Colombo",Colombo,Polgasovita,"Polgasovita, Colombo"
House for sale,68976840.0,3,3,1536.86,"Kolonnawa, Colombo",Colombo,Kolonnawa,"Kolonnawa, Colombo"
House for sale,147209923.0,4,4,3279.95,"Battaramulla, Colombo",Colombo,Battaramulla,"Battaramulla, Colombo"
House for sale,82934176.0,3,4,4239.82,"Pitakotte, Colombo",Colombo,Pitakotte,"Pitakotte, Colombo"
House for sale,42075841.0,4,2,2394.89,"Rathmalana, Colombo",Colombo,Rathmalana,"Rathmalana, Colombo"
House for sale,17456939.0,2,1,1146.58,"Mount Lavinia, Colombo",Colombo,Mount Lavinia,"Mount Lavinia, Colombo"
House for sale,178742708.0,6,3,3982.53,"Colombo 7, Colombo",Colombo,Colombo 7,"Colombo 7, Colombo"
House for sale,115071617.0,4,5,2780.84,"Battaramulla, Colombo",Colombo,Battaramulla,"Battaramulla, Colombo"
Villa for sale,24715673.0,5,3,2676.4,"Colombo 8, Colombo",Colombo,Colombo 8,"Colombo 8, Colombo"
House for sale,40607082.0,5,3,2553.46,"Rathmalana, Colombo",Colombo,Rathmalana,"Rathmalana, Colombo"
House for sale,30024198.0,1,1,2047.19,"Boralesgamuwa, Colombo",Colombo,Boralesgamuwa,"Boralesgamuwa, Colombo"
House for sale,74883209.0,8,6,4212.18,"Mount Lavinia, Colombo",Colombo,Mount Lavinia,"Mount Lavinia, Colombo"
House for sale,123232390.0,6,4,4782.88,"Thalawathugoda, Colombo",Colombo,Thalawathugoda,"Thalawathugoda, Colombo"
House for sale,23269807.0,3,2,1263.0,"Maththegoda, Colombo",Colombo,Maththegoda,"Maththegoda, Colombo"
House for sale,316963177.0,6,5,7062.18,"Bambalapitiya , Colombo",Colombo,Bambalapitiya ,"Bambalapitiya , Colombo"
House for sale,86022945.0,8,6,4825.83,"Boralesgamuwa, Colombo",Colombo,Boralesgamuwa,"Boralesgamuwa, Colombo"
House for sale,13876174.0,3,2,1700.45,"Kottawa, Colombo",Colombo,Kottawa,"Kottawa, Colombo"
House for sale,100857482.0,4,4,3416.8,"Pitakotte, Colombo",Colombo,Pitakotte,"Pitakotte, Colombo"
House for sale,83995003.0,5,3,5129.23,"Nawala, Colombo",Colombo,Nawala,"Nawala, Colombo"
House for sale,95965037.0,4,4,4112.62,"Thalawathugoda, Colombo",Colombo,Thalawathugoda,"Thalawathugoda, Colombo"
House for sale,37678570.0,3,2,3112.4,"Boralesgamuwa, Colombo",Colombo,Boralesgamuwa,"Boralesgamuwa, Colombo"
House for sale,30380977.0,4,3,1625.83,"Polgasovita, Colombo",Colombo,Polgasovita,"Polgasovita, Colombo"
House for sale,61087413.0,5,5,3056.13,"Dehiwala, Colombo",Colombo,Dehiwala,"Dehiwala, Colombo"
House for sale,16747503.0,3,3,1207.69,"Homagama, Colombo",Colombo,Homagama,"Homagama, Colombo"
Villa for sale,88824830.0,6,6,5266.21,"Nawala, Colombo",Colombo,Nawala,"Nawala, Colombo"
House for sale,74415857.0,4,4,1658.04,"Bambalapitiya , Colombo",Colombo,Bambalapitiya ,"Bambalapitiya , Colombo"
House for sale,41585419.0,4,5,1136.46,"Kaduwela, Colombo",Colombo,Kaduwela,"Kaduwela, Colombo"
House for sale,17300155.0,2,2,1109.51,"Homagama, Colombo",Colombo,Homagama,"Homagama, Colombo"
House for sale,229345430.0,5,5,5109.99,"Pitakotte, Colombo",Colombo,Pitakotte,"Pitakotte, Colombo"
House for sale,21193482.0,4,3,1379.72,"Kesbewa, Colombo",Colombo,Kesbewa,"Kesbewa, Colombo"
House for sale,46678432.0,2,3,2026.1,"Piliyandala, Colombo",Colombo,Piliyandala,"Piliyandala, Colombo"
House for sale,24537445.0,2,2,1084.3,"Makumbura, Colombo",Colombo,Makumbura,"Makumbura, Colombo"
House for sale,161356494.0,5,5,3595.15,"Dehiwala, Colombo",Colombo,Dehiwala,"Dehiwala, Colombo"
House for sale,100707261.0,3,3,4490.61,"Colombo 6, Colombo",Colombo,Colombo 6,"Colombo 6, Colombo"
House for sale,30353030.0,4,2,2677.22,"Piliyandala, Colombo",Colombo,Piliyandala,"Piliyandala, Colombo"
House for sale,12569854.0,2,2,896.0,"Kaduwela, Colombo",Colombo,Kaduwela,"Kaduwela, Colombo"
House for sale,38090547.0,2,2,1164.77,"Nugegoda, Colombo",Colombo,Nugegoda,"Nugegoda, Colombo"
House for sale,70458612.0,4,4,3025.95,"Dehiwala, Colombo",Colombo,Dehiwala,"Dehiwala, Colombo"
House for sale,13774697.0,2,2,896.0,"Kolonnawa, Colombo",Colombo,Kolonnawa,"Kolonnawa, Colombo"
House for sale,81435491.0,5,5,5174.41,"Kohuwala, Colombo",Colombo,Kohuwala,"Kohuwala, Colombo"
House for sale,38940316.0,4,3,983.41,"Nugegoda, Colombo",Colombo,Nugegoda,"Nugegoda, Colombo"
House for sale,58353338.0,4,3,3907.13,"Kaduwela, Colombo",Colombo,Kaduwela,"Kaduwela, Colombo"
House for sale,29213697.0,3,2,2610.58,"Boralesgamuwa, Colombo",Colombo,Boralesgamuwa,"Boralesgamuwa, Colombo"
House for sale,37093268.0,4,3,4545.57,"Awissawella, Colombo",Colombo,Awissawella,"Awissawella, Colombo"
House for sale,64000000.0,4,3,3000.0,"Madiwela, Kotte",Colombo,Pitakotte,"Madiwela, Kotte"
House for sale,51000000.0,3,2,3000.0,"Kalalgoda, Thalawathugoda",Colombo,Thalawathugoda,"Kalalgoda, Thalawathugoda"
House for sale,13801018.0,3,2,1457.01,"Kesbewa, Colombo",Colombo,Kesbewa,"Kesbewa, Colombo"
House for sale,9221102.0,3,2,896.0,"Polgasovita, Colombo",Colombo,Polgasovita,"Polgasovita, Colombo"
House for sale,18667880.0,4,3,1621.49,"Athurugiriya, Colombo",Colombo,Athurugiriya,"Athurugiriya, Colombo"
House for sale,111556339.0,5,4,3395.95,"Kohuwala, Colombo",Colombo,Kohuwala,"Kohuwala, Colombo"
House for sale,61655315.0,5,3,2539.7,"Pitakotte, Colombo",Colombo,Pitakotte,"Pitakotte, Colombo"
Villa for sale,65981335.0,6,5,4139.48,"Dehiwala, Colombo",Colombo,Dehiwala,"Dehiwala, Colombo"
House for sale,13613664.0,4,2,1668.28,"Moratuwa, Colombo",Colombo,Moratuwa,"Moratuwa, Colombo"
House for sale,41927409.0,3,3,1989.74,"Moratuwa, Colombo",Colombo,Moratuwa,"Moratuwa, Colombo"
House for sale,160518341.0,5,4,3853.26,"Mount Lavinia, Colombo",Colombo,Mount Lavinia,"Mount Lavinia, Colombo"
House for sale,29092630.0,3,4,3263.33,"Makadana, Colombo",Colombo,Makadana,"Makadana, Colombo"
House for sale,32367194.0,5,4,3966.41,"Mount Lavinia, Colombo",Colombo,Mount Lavinia,"Mount Lavinia, Colombo"
House for sale,27057407.0,3,2,2420.94,"Polgasovita, Colombo",Colombo,Polgasovita,"Polgasovita, Colombo"
House for sale,57750000.0,4,2,3900.0,"Abrew Place, Vihara Mawatha, Kolonnawa",Colombo,Kolonnawa,"Abrew Place, Vihara Mawatha, Kolonnawa"
House for sale,12661628.0,4,3,952.26,"Wellampitiya, Colombo",Colombo,Wellampitiya,"Wellampitiya, Colombo"
House for sale,19030911.0,4,3,2332.13,"Pannipitiya, Colombo",Colombo,Pannipitiya,"Pannipitiya, Colombo"
House for sale,13820376.0,3,2,896.0,"Kolonnawa, Colombo",Colombo,Kolonnawa,"Kolonnawa, Colombo"
House for sale,64800078.0,5,3,3687.77,"Homagama, Colombo",Colombo,Homagama,"Homagama, Colombo"
House for sale,26999039.0,3,3,1511.26,"Athurugiriya, Colombo",Colombo,Athurugiriya,"Athurugiriya, Colombo"
Villa for sale,82644497.0,5,5,3588.38,"Thalawathugoda, Colombo",Colombo,Thalawathugoda,"Thalawathugoda, Colombo"
House for sale,137748986.0,6,4,6007.94,"Battaramulla, Colombo",Colombo,Battaramulla,"Battaramulla, Colombo"
House for sale,310347359.0,6,5,6914.78,"Colombo 7, Colombo",Colombo,Colombo 7,"Colombo 7, Colombo"
House for sale,55882217.0,5,4,3400.84,"Pitakotte, Colombo",Colombo,Pitakotte,"Pitakotte, Colombo"
House for sale,140097388.0,8,6,4421.6,"Rathmalana, Colombo",Colombo,Rathmalana,"Rathmalana, Colombo"
House for sale,76620566.0,8,7,4860.57,"Moratuwa, Colombo",Colombo,Moratuwa,"Moratuwa, Colombo"
House for sale,77539467.0,4,4,3615.0,"Kirulapona, Colombo",Colombo,Kirulapona,"Kirulapona, Colombo"
House for sale,404819885.0,9,6,9019.7,"Colombo 7, Colombo",Colombo,Colombo 7,"Colombo 7, Colombo"
House for sale,36645143.0,5,4,2139.03,"Wellampitiya, Colombo",Colombo,Wellampitiya,"Wellampitiya, Colombo"
House for sale,121662134.0,3,4,3042.58,"Kohuwala, Colombo",Colombo,Kohuwala,"Kohuwala, Colombo"
House for sale,77850801.0,3,3,3284.09,"Moratuwa, Colombo",Colombo,Moratuwa,"Moratuwa, Colombo"
Villa for sale,98501404.0,4,3,4517.49,"Nugegoda, Colombo",Colombo,Nugegoda,"Nugegoda, Colombo"
House for sale,287263987.0,6,5,8431.55,"Nugegoda, Colombo",Colombo,Nugegoda,"Nugegoda, Colombo"
House for sale,43021754.0,3,3,3034.56,"Maharagama, Colombo",Colombo,Maharagama,"Maharagama, Colombo"
House for sale,62086497.0,3,3,3341.63,"Pitakotte, Colombo",Colombo,Pitakotte,"Pitakotte, Colombo"
Villa for sale,82012142.0,4,4,3580.66,"Thalawathugoda, Colombo",Colombo,Thalawathugoda,"Thalawathugoda, Colombo"
House for sale,19629176.0,2,2,1245.27,"Maththegoda, Colombo",Colombo,Maththegoda,"Maththegoda, Colombo"
House for sale,120545591.0,4,4,3390.66,"Maharagama, Colombo",Colombo,Maharagama,"Maharagama, Colombo"
House for sale,36727081.0,4,3,2647.0,"Awissawella, Colombo",Colombo,Awissawella,"Awissawella, Colombo"
House for sale,71949173.0,5,5,3123.02,"Mount Lavinia, Colombo",Colombo,Mount Lavinia,"Mount Lavinia, Colombo"
House for sale,335959358.0,8,5,8811.15,"Nugegoda, Colombo",Colombo,Nugegoda,"Nugegoda, Colombo"
House for sale,258474000.0,7,6,5759.0,"Mount Lavinia, Colombo",Colombo,Mount Lavinia,"Mount Lavinia, Colombo"
House for sale,32792407.0,5,5,3467.16,"Kolonnawa, Colombo",Colombo,Kolonnawa,"Kolonnawa, Colombo"
House for sale,112010646.0,4,4,4526.88,"Pitakotte, Colombo",Colombo,Pitakotte,"Pitakotte, Colombo"
House for sale,34022417.0,3,3,2676.52,"Maharagama, Colombo",Colombo,Maharagama,"Maharagama, Colombo"
House for sale,109255620.0,5,4,4142.58,"Homagama, Colombo",Colombo,Homagama,"Homagama, Colombo"
House for sale,41581646.0,5,4,3447.2,"Thalawathugoda, Colombo",Colombo,Thalawathugoda,"Thalawathugoda, Colombo"
House for sale,13261365.0,2,2,896.0,"Kolonnawa, Colombo",Colombo,Kolonnawa,"Kolonnawa, Colombo"
House for sale,168971754.0,4,4,3764.82,"Nugegoda, Colombo",Colombo,Nugegoda,"Nugegoda, Colombo"
House for sale,73892219.0,7,4,3891.01,"Dehiwala, Colombo",Colombo,Dehiwala,"Dehiwala, Colombo"
House for sale,14093344.0,1,2,896.0,"Malabe, Colombo",Colombo,Malabe,"Malabe, Colombo"
House for sale,44464120.0,4,3,3629.16,"Malabe, Colombo",Colombo,Malabe,"Malabe, Colombo"
House for sale,24998735.0,4,3,2798.8,"Colombo 8, Colombo",Colombo,Colombo 8,"Colombo 8, Colombo"
House for sale,89755004.0,4,4,3918.42,"Rathmalana, Colombo",Colombo,Rathmalana,"Rathmalana, Colombo"
House for sale,24360284.0,4,3,2726.42,"Pannipitiya, Colombo",Colombo,Pannipitiya,"Pannipitiya, Colombo"
House for sale,100314308.0,5,5,2235.08,"Colombo 6, Colombo",Colombo,Colombo 6,"Colombo 6, Colombo"
House for sale,88833261.0,5,5,3535.56,"Dehiwala, Colombo",Colombo,Dehiwala,"Dehiwala, Colombo"
House for sale,11050958.0,2,1,1354.23,"Padukka, Colombo",Colombo,Padukka,"Padukka, Colombo"
House for sale,139797005.0,6,5,3990.69,"Bambalapitiya , Colombo",Colombo,Bambalapitiya ,"Bambalapitiya , Colombo"
Villa for sale,73599879.0,5,5,3744.62,"Thalawathugoda, Colombo",Colombo,Thalawathugoda,"Thalawathugoda, Colombo"
Villa for sale,41965783.0,3,2,2489.12,"Kaduwela, Colombo",Colombo,Kaduwela,"Kaduwela, Colombo"
House for sale,28487617.0,3,3,3435.08,"Kaduwela, Colombo",Colombo,Kaduwela,"Kaduwela, Colombo"
House for sale,46609405.0,4,3,2317.46,"Homagama, Colombo",Colombo,Homagama,"Homagama, Colombo"
House for sale,30076531.0,3,3,1332.97,"Maharagama, Colombo",Colombo,Maharagama,"Maharagama, Colombo"
House for sale,239042389.0,4,4,5326.05,"Colombo 7, Colombo",Colombo,Colombo 7,"Colombo 7, Colombo"
House for sale,125210043.0,4,3,4221.33,"Dehiwala, Colombo",Colombo,Dehiwala,"Dehiwala, Colombo"
House for sale,48671933.0,4,4,2475.6,"Battaramulla, Colombo",Colombo,Battaramulla,"Battaramulla, Colombo"
House for sale,77512009.0,4,3,2922.33,"Battaramulla, Colombo",Colombo,Battaramulla,"Battaramulla, Colombo"
Villa for sale,55189945.0,4,4,3640.23,"Thalawathugoda, Colombo",Colombo,Thalawathugoda,"Thalawathugoda, Colombo"
House for sale,42150267.0,3,3,1901.56,"Moratuwa, Colombo",Colombo,Moratuwa,"Moratuwa, Colombo"
House for sale,39849093.0,5,4,2238.71,"Wellampitiya, Colombo",Colombo,Wellampitiya,"Wellampitiya, Colombo"
House for sale,220000000.0,4,4,3916.0,"Udahamulla, Nugegoda",Colombo,Nugegoda,"Udahamulla, Nugegoda"
House for sale,38312655.0,4,3,2317.43,"Awissawella, Colombo",Colombo,Awissawella,"Awissawella, Colombo"
House for sale,65411046.0,3,3,3211.44,"Dehiwala, Colombo",Colombo,Dehiwala,"Dehiwala, Colombo"
House for sale,147055148.0,3,3,4821.53,"Dehiwala, Colombo",Colombo,Dehiwala,"Dehiwala, Colombo"
Villa for sale,62610448.0,3,3,2949.98,"Moratuwa, Colombo",Colombo,Moratuwa,"Moratuwa, Colombo"
House for sale,67775162.0,4,4,1791.08,"Morakatiya, Colombo",Colombo,Morakatiya,"Morakatiya, Colombo"
House for sale,77451939.0,4,3,3424.79,"Dehiwala, Colombo",Colombo,Dehiwala,"Dehiwala, Colombo"
House for sale,43955313.0,4,2,2382.47,"Awissawella, Colombo",Colombo,Awissawella,"Awissawella, Colombo"
House for sale,404819885.0,10,9,9019.7,"Dematagoda, Colombo",Colombo,Dematagoda,"Dematagoda, Colombo"
House for sale,252805757.0,5,6,5632.71,"Pitakotte, Colombo",Colombo,Pitakotte,"Pitakotte, Colombo"
House for sale,60477322.0,4,3,3499.56,"Kolonnawa, Colombo",Colombo,Kolonnawa,"Kolonnawa, Colombo"
House for sale,98023245.0,3,2,4550.36,"Colombo 6, Colombo",Colombo,Colombo 6,"Colombo 6, Colombo"
House for sale,58059565.0,5,3,3278.83,"Thalawathugoda, Colombo",Colombo,Thalawathugoda,"Thalawathugoda, Colombo"
House for sale,103050562.0,4,3,3422.47,"Colombo 6, Colombo",Colombo,Colombo 6,"Colombo 6, Colombo"
House for sale,30960555.0,4,4,2377.61,"Homagama, Colombo",Colombo,Homagama,"Homagama, Colombo"
House for sale,36285895.0,6,4,4446.63,"Kolonnawa, Colombo",Colombo,Kolonnawa,"Kolonnawa, Colombo"
House for sale,13500000.0,4,3,900.0,"Welewatta, Wellampitiya",Colombo,Wellampitiya,"Welewatta, Wellampitiya"
House for sale,127952888.0,3,2,4432.96,"Battaramulla, Colombo",Colombo,Battaramulla,"Battaramulla, Colombo"
House for sale,72970758.0,3,3,3949.47,"Thalawathugoda, Colombo",Colombo,Thalawathugoda,"Thalawathugoda, Colombo"
House for sale,66240904.0,3,2,1475.9,"Battaramulla, Colombo",Colombo,Battaramulla,"Battaramulla, Colombo"
House for sale,404819885.0,9,9,9019.7,"Battaramulla, Colombo",Colombo,Battaramulla,"Battaramulla, Colombo"
House for sale,52950931.0,3,3,2558.24,"Wellampitiya, Colombo",Colombo,Wellampitiya,"Wellampitiya, Colombo"
House for sale,51362720.0,5,4,2338.78,"Battaramulla, Colombo",Colombo,Battaramulla,"Battaramulla, Colombo"
Villa for sale,47639864.0,4,3,2611.33,"Makadana, Colombo",Colombo,Makadana,"Makadana, Colombo"
House for sale,80427122.0,4,5,4363.24,"Rathmalana, Colombo",Colombo,Rathmalana,"Rathmalana, Colombo"
House for sale,82354526.0,5,4,4965.77,"Nugegoda, Colombo",Colombo,Nugegoda,"Nugegoda, Colombo"
House for sale,135393707.0,3,4,3016.68,"Nugegoda, Colombo",Colombo,Nugegoda,"Nugegoda, Colombo"
House for sale,147395972.0,4,4,3284.1,"Battaramulla, Colombo",Colombo,Battaramulla,"Battaramulla, Colombo"
House for sale,18683697.0,4,3,1305.56,"Homagama, Colombo",Colombo,Homagama,"Homagama, Colombo"
House for sale,12244736.0,3,3,1500.52,"Kesbewa, Colombo",Colombo,Kesbewa,"Kesbewa, Colombo"
House for sale,121327764.0,4,4,4391.3,"Dehiwala, Colombo",Colombo,Dehiwala,"Dehiwala, Colombo"
House for sale,60864646.0,7,6,5410.14,"Pitakotte, Colombo",Colombo,Pitakotte,"Pitakotte, Colombo"
House for sale,10340114.0,2,1,1143.79,"Padukka, Colombo",Colombo,Padukka,"Padukka, Colombo"
House for sale,181847923.0,5,3,4051.71,"Battaramulla, Colombo",Colombo,Battaramulla,"Battaramulla, Colombo"
House for sale,75972620.0,4,5,3537.57,"Rathmalana, Colombo",Colombo,Rathmalana,"Rathmalana, Colombo"
House for sale,24370464.0,5,3,2509.94,"Colombo 8, Colombo",Colombo,Colombo 8,"Colombo 8, Colombo"
House for sale,73372300.0,4,4,4363.93,"Pitakotte, Colombo",Colombo,Pitakotte,"Pitakotte, Colombo"
House for sale,79268486.0,5,3,3334.35,"Battaramulla, Colombo",Colombo,Battaramulla,"Battaramulla, Colombo"
House for sale,129241497.0,4,4,4200.82,"Homagama, Colombo",Colombo,Homagama,"Homagama, Colombo"
House for sale,14179397.0,2,1,1325.25,"Kottawa, Colombo",Colombo,Kottawa,"Kottawa, Colombo"
House for sale,107840723.0,5,5,4582.99,"Moratuwa, Colombo",Colombo,Moratuwa,"Moratuwa, Colombo"
House for sale,111468061.0,6,4,5205.72,"Nugegoda, Colombo",Colombo,Nugegoda,"Nugegoda, Colombo"
Villa for sale,103120267.0,3,3,5370.31,"Dehiwala, Colombo",Colombo,Dehiwala,"Dehiwala, Colombo"
House for sale,102413237.0,4,3,3592.54,"Nugegoda, Colombo",Colombo,Nugegoda,"Nugegoda, Colombo"
House for sale,42638187.0,3,4,950.01,"Nawala, Colombo",Colombo,Nawala,"Nawala, Colombo"
House for sale,8100866.0,2,2,896.0,"Padukka, Colombo",Colombo,Padukka,"Padukka, Colombo"
House for sale,87908982.0,5,3,3612.19,"Kottawa, Colombo",Colombo,Kottawa,"Kottawa, Colombo"
House for sale,86307554.0,5,3,4259.2,"Bambalapitiya , Colombo",Colombo,Bambalapitiya ,"Bambalapitiya , Colombo"
House for sale,404819885.0,9,6,9019.7,"Colombo 7, Colombo",Colombo,Colombo 7,"Colombo 7, Colombo"
House for sale,15316838.0,3,2,896.0,"Makadana, Colombo",Colombo,Makadana,"Makadana, Colombo"
House for sale,115608601.0,5,5,3278.98,"Nawala, Colombo",Colombo,Nawala,"Nawala, Colombo"
House for sale,69758639.0,5,3,3407.58,"Kirulapona, Colombo",Colombo,Kirulapona,"Kirulapona, Colombo"
House for sale,46728622.0,3,4,3545.93,"Thalawathugoda, Colombo",Colombo,Thalawathugoda,"Thalawathugoda, Colombo"
House for sale,32231707.0,4,4,2807.97,"Maharagama, Colombo",Colombo,Maharagama,"Maharagama, Colombo"
Villa for sale,34198877.0,3,3,2151.13,"Kolonnawa, Colombo",Colombo,Kolonnawa,"Kolonnawa, Colombo"
House for sale,113314469.0,5,5,4989.65,"Moratuwa, Colombo",Colombo,Moratuwa,"Moratuwa, Colombo"
House for sale,19719425.0,5,3,2416.5,"Athurugiriya, Colombo",Colombo,Athurugiriya,"Athurugiriya, Colombo"
House for sale,404819885.0,8,6,9019.7,"Colombo 7, Colombo",Colombo,Colombo 7,"Colombo 7, Colombo"
House for sale,39041449.0,5,5,1042.13,"Kolonnawa, Colombo",Colombo,Kolonnawa,"Kolonnawa, Colombo"
House for sale,29503856.0,6,5,3615.53,"Mount Lavinia, Colombo",Colombo,Mount Lavinia,"Mount Lavinia, Colombo"
House for sale,96392713.0,5,5,5433.86,"Moratuwa, Colombo",Colombo,Moratuwa,"Moratuwa, Colombo"
House for sale,45053488.0,4,3,2652.03,"Kaduwela, Colombo",Colombo,Kaduwela,"Kaduwela, Colombo"
House for sale,123999544.0,4,3,4166.51,"Dehiwala, Colombo",Colombo,Dehiwala,"Dehiwala, Colombo"
House for sale,29992667.0,4,4,2377.74,"Homagama, Colombo",Colombo,Homagama,"Homagama, Colombo"
House for sale,125105334.0,8,6,4199.5,"Rathmalana, Colombo",Colombo,Rathmalana,"Rathmalana, Colombo"
House for sale,52625220.0,2,3,2914.81,"Moratuwa, Colombo",Colombo,Moratuwa,"Moratuwa, Colombo"
House for sale,42738354.0,3,3,2012.49,"Moratuwa, Colombo",Colombo,Moratuwa,"Moratuwa, Colombo"
House for sale,64439883.0,4,3,1769.94,"Malabe, Colombo",Colombo,Malabe,"Malabe, Colombo"
House for sale,64445002.0,4,3,3054.3,"Dehiwala, Colombo",Colombo,Dehiwala,"Dehiwala, Colombo"
House for sale,317616875.0,7,5,7905.32,"Nugegoda, Colombo",Colombo,Nugegoda,"Nugegoda, Colombo"
House for sale,10812375.0,3,2,1255.35,"Padukka, Colombo",Colombo,Padukka,"Padukka, Colombo"
House for sale,80706927.0,6,5,3804.02,"Mount Lavinia, Colombo",Colombo,Mount Lavinia,"Mount Lavinia, Colombo"
House for sale,34435941.0,4,3,1935.18,"Wellampitiya, Colombo",Colombo,Wellampitiya,"Wellampitiya, Colombo"
House for sale,45696350.0,4,4,1018.15,"Nawala, Colombo",Colombo,Nawala,"Nawala, Colombo"
House for sale,170441601.0,5,5,4731.3,"Nawala, Colombo",Colombo,Nawala,"Nawala, Colombo"
House for sale,36314452.0,5,3,4450.13,"Morakatiya, Colombo",Colombo,Morakatiya,"Morakatiya, Colombo"
House for sale,61742159.0,2,2,1375.66,"Pamankada, Colombo",Colombo,Pamankada,"Pamankada, Colombo"
House for sale,78658946.0,5,4,3353.82,"Pitakotte, Colombo",Colombo,Pitakotte,"Pitakotte, Colombo"
House for sale,195607386.0,5,5,4599.53,"Colombo 7, Colombo",Colombo,Colombo 7,"Colombo 7, Colombo"
House for sale,92167387.0,3,2,3745.91,"Thalawathugoda, Colombo",Colombo,Thalawathugoda,"Thalawathugoda, Colombo"
House for sale,7777000.0,2,1,896.0,"Wellampitiya, Colombo",Colombo,Wellampitiya,"Wellampitiya, Colombo"
House for sale,79079692.0,3,1,1761.96,"Pamankada, Colombo",Colombo,Pamankada,"Pamankada, Colombo"
House for sale,207457878.0,5,5,5034.9,"Colombo 7, Colombo",Colombo,Colombo 7,"Colombo 7, Colombo"
House for sale,37579422.0,4,3,1937.83,"Kolonnawa, Colombo",Colombo,Kolonnawa,"Kolonnawa, Colombo"
House for sale,16629192.0,2,2,1617.1,"Kesbewa, Colombo",Colombo,Kesbewa,"Kesbewa, Colombo"
House for sale,94422736.0,4,3,4671.33,"Kottawa, Colombo",Colombo,Kottawa,"Kottawa, Colombo"
House for sale,31608269.0,3,3,1647.19,"Boralesgamuwa, Colombo",Colombo,Boralesgamuwa,"Boralesgamuwa, Colombo"
House for sale,31746203.0,4,3,2798.24,"Homagama, Colombo",Colombo,Homagama,"Homagama, Colombo"
House for sale,130000000.0,10,6,4000.0,"Golumadama Junction, Rathmalana",Colombo,Rathmalana,"Golumadama Junction, Rathmalana"
Villa for sale,87159923.0,6,4,3278.96,"Battaramulla, Colombo",Colombo,Battaramulla,"Battaramulla, Colombo"
House for sale,9760142.0,3,2,896.0,"Wellampitiya, Colombo",Colombo,Wellampitiya,"Wellampitiya, Colombo"
House for sale,32187012.0,2,3,1137.18,"Kolonnawa, Colombo",Colombo,Kolonnawa,"Kolonnawa, Colombo"
House for sale,5500000.0,7,4,4000.0,"Galle Road, Mount Lavinia",Colombo,Mount Lavinia,"Galle Road, Mount Lavinia"
House for sale,116725877.0,7,6,4144.45,"Kottawa, Colombo",Colombo,Kottawa,"Kottawa, Colombo"
House for sale,163788727.0,6,4,4249.02,"Mount Lavinia, Colombo",Colombo,Mount Lavinia,"Mount Lavinia, Colombo"
House for sale,55972084.0,3,3,3421.97,"Pitakotte, Colombo",Colombo,Pitakotte,"Pitakotte, Colombo"
House for sale,37475930.0,5,3,4592.46,"Awissawella, Colombo",Colombo,Awissawella,"Awissawella, Colombo"
House for sale,141017464.0,4,4,3991.5,"Mount Lavinia, Colombo",Colombo,Mount Lavinia,"Mount Lavinia, Colombo"
House for sale,98727792.0,7,6,4723.74,"Boralesgamuwa, Colombo",Colombo,Boralesgamuwa,"Boralesgamuwa, Colombo"
House for sale,73471298.0,3,2,2881.72,"Kirulapona, Colombo",Colombo,Kirulapona,"Kirulapona, Colombo"
House for sale,145231668.0,9,6,4016.25,"Rathmalana, Colombo",Colombo,Rathmalana,"Rathmalana, Colombo"
House for sale,59650413.0,5,4,4136.52,"Pitakotte, Colombo",Colombo,Pitakotte,"Pitakotte, Colombo"
House for sale,33042329.0,4,2,1902.93,"Athurugiriya, Colombo",Colombo,Athurugiriya,"Athurugiriya, Colombo"
House for sale,81424194.0,5,5,5210.96,"Pitakotte, Colombo",Colombo,Pitakotte,"Pitakotte, Colombo"
House for sale,58322472.0,2,3,2031.65,"Wellampitiya, Colombo",Colombo,Wellampitiya,"Wellampitiya, Colombo"
House for sale,40328580.0,4,4,1932.49,"Homagama, Colombo",Colombo,Homagama,"Homagama, Colombo"
House for sale,27947645.0,4,3,1362.22,"Polgasovita, Colombo",Colombo,Polgasovita,"Polgasovita, Colombo"
House for sale,318943021.0,7,5,7106.3,"Colombo 6, Colombo",Colombo,Colombo 6,"Colombo 6, Colombo"
House for sale,282252015.0,7,6,6288.79,"Colombo 7, Colombo",Colombo,Colombo 7,"Colombo 7, Colombo"
House for sale,64551572.0,4,3,2235.0,"Colombo 9, Colombo",Colombo,Colombo 9,"Colombo 9, Colombo"
House for sale,81186818.0,1,1,1808.91,"Pamankada, Colombo",Colombo,Pamankada,"Pamankada, Colombo"
House for sale,128324172.0,5,4,4705.33,"Nugegoda, Colombo",Colombo,Nugegoda,"Nugegoda, Colombo"
House for sale,21501477.0,2,2,1438.72,"Makumbura, Colombo",Colombo,Makumbura,"Makumbura, Colombo"
House for sale,24217437.0,3,3,2495.8,"Kaduwela, Colombo",Colombo,Kaduwela,"Kaduwela, Colombo"
House for sale,40331673.0,5,3,2601.75,"Maharagama, Colombo",Colombo,Maharagama,"Maharagama, Colombo"
House for sale,97016455.0,4,4,2161.6,"Dehiwala, Colombo",Colombo,Dehiwala,"Dehiwala, Colombo"
House for sale,49271386.0,4,3,2764.59,"Thalawathugoda, Colombo",Colombo,Thalawathugoda,"Thalawathugoda, Colombo"
House for sale,79497969.0,6,5,4402.24,"Mount Lavinia, Colombo",Colombo,Mount Lavinia,"Mount Lavinia, Colombo"
House for sale,54531040.0,5,5,3252.06,"Kothalawala, Colombo",Colombo,Kothalawala,"Kothalawala, Colombo"
House for sale,381802350.0,7,5,8506.85,"Colombo 7, Colombo",Colombo,Colombo 7,"Colombo 7, Colombo"
Villa for sale,24517008.0,4,2,1450.86,"Athurugiriya, Colombo",Colombo,Athurugiriya,"Athurugiriya, Colombo"
House for sale,119474493.0,4,4,3828.19,"Thalawathugoda, Colombo",Colombo,Thalawathugoda,"Thalawathugoda, Colombo"
House for sale,46437709.0,3,2,2370.65,"Awissawella, Colombo",Colombo,Awissawella,"Awissawella, Colombo"
House for sale,10464529.0,2,1,1282.37,"Pannipitiya, Colombo",Colombo,Pannipitiya,"Pannipitiya, Colombo"
House for sale,125583565.0,4,3,3970.26,"Kottawa, Colombo",Colombo,Kottawa,"Kottawa, Colombo"
House for sale,34325475.0,1,2,1035.94,"Maharagama, Colombo",Colombo,Maharagama,"Maharagama, Colombo"
House for sale,105232500.0,3,4,3219.73,"Kohuwala, Colombo",Colombo,Kohuwala,"Kohuwala, Colombo"
House for sale,66515038.0,5,5,3850.42,"Kirulapona, Colombo",Colombo,Kirulapona,"Kirulapona, Colombo"
House for sale,32798385.0,3,3,1778.2,"Kolonnawa, Colombo",Colombo,Kolonnawa,"Kolonnawa, Colombo"
House for sale,63778404.0,5,5,3493.19,"Dehiwala, Colombo",Colombo,Dehiwala,"Dehiwala, Colombo"
House for sale,287631995.0,6,5,9019.7,"Nugegoda, Colombo",Colombo,Nugegoda,"Nugegoda, Colombo"
House for sale,30765985.0,3,2,3015.95,"Piliyandala, Colombo",Colombo,Piliyandala,"Piliyandala, Colombo"
House for sale,28438943.0,4,3,2552.05,"Pannipitiya, Colombo",Colombo,Pannipitiya,"Pannipitiya, Colombo"
House for sale,126769083.0,4,5,2824.51,"Colombo 6, Colombo",Colombo,Colombo 6,"Colombo 6, Colombo"
House for sale,58467854.0,3,3,3253.2,"Thalawathugoda, Colombo",Colombo,Thalawathugoda,"Thalawathugoda, Colombo"
House for sale,97224683.0,4,3,4336.48,"Kottawa, Colombo",Colombo,Kottawa,"Kottawa, Colombo"
House for sale,25742297.0,1,2,2873.38,"Boralesgamuwa, Colombo",Colombo,Boralesgamuwa,"Boralesgamuwa, Colombo"
House for sale,47216939.0,5,5,3047.66,"Thalawathugoda, Colombo",Colombo,Thalawathugoda,"Thalawathugoda, Colombo"
House for sale,27924855.0,3,4,3422.03,"Morakatiya, Colombo",Colombo,Morakatiya,"Morakatiya, Colombo"
House for sale,148277352.0,4,4,5216.62,"Moratuwa, Colombo",Colombo,Moratuwa,"Moratuwa, Colombo"
House for sale,26420301.0,4,2,2458.45,"Kesbewa, Colombo",Colombo,Kesbewa,"Kesbewa, Colombo"
House for sale,9989302.0,2,2,942.11,"Padukka, Colombo",Colombo,Padukka,"Padukka, Colombo"
House for sale,10659593.0,3,2,1306.27,"Padukka, Colombo",Colombo,Padukka,"Padukka, Colombo"
House for sale,50888506.0,3,2,2064.05,"Dehiwala, Colombo",Colombo,Dehiwala,"Dehiwala, Colombo"
House for sale,34330934.0,3,3,2059.99,"Kaduwela, Colombo",Colombo,Kaduwela,"Kaduwela, Colombo"
House for sale,84529866.0,5,5,5787.2,"Moratuwa, Colombo",Colombo,Moratuwa,"Moratuwa, Colombo"
House for sale,32740338.0,2,3,1951.04,"Maharagama, Colombo",Colombo,Maharagama,"Maharagama, Colombo"
House for sale,38436918.0,4,4,1940.68,"Homagama, Colombo",Colombo,Homagama,"Homagama, Colombo"
House for sale,51728930.0,3,3,3560.27,"Thalawathugoda, Colombo",Colombo,Thalawathugoda,"Thalawathugoda, Colombo"
House for sale,202746745.0,5,6,6138.8,"Pitakotte, Colombo",Colombo,Pitakotte,"Pitakotte, Colombo"
House for sale,91283026.0,5,3,4449.54,"Colombo 6, Colombo",Colombo,Colombo 6,"Colombo 6, Colombo"
House for sale,30324439.0,5,3,2636.43,"Piliyandala, Colombo",Colombo,Piliyandala,"Piliyandala, Colombo"
House for sale,14838747.0,2,2,896.0,"Morakatiya, Colombo",Colombo,Morakatiya,"Morakatiya, Colombo"
House for sale,66303399.0,5,3,2671.61,"Mount Lavinia, Colombo",Colombo,Mount Lavinia,"Mount Lavinia, Colombo"
House for sale,40105095.0,3,3,2292.98,"Awissawella, Colombo",Colombo,Awissawella,"Awissawella, Colombo"
House for sale,26360834.0,2,2,1636.77,"Nawala, Colombo",Colombo,Nawala,"Nawala, Colombo"
House for sale,38023824.0,6,3,4659.6,"Awissawella, Colombo",Colombo,Awissawella,"Awissawella, Colombo"
House for sale,106371923.0,5,5,3125.24,"Nawala, Colombo",Colombo,Nawala,"Nawala, Colombo"
House for sale,60402160.0,2,1,1345.81,"Pamankada, Colombo",Colombo,Pamankada,"Pamankada, Colombo"
House for sale,12351653.0,3,2,1513.62,"Moratuwa, Colombo",Colombo,Moratuwa,"Moratuwa, Colombo"
House for sale,7777000.0,1,2,896.0,"Wellampitiya, Colombo",Colombo,Wellampitiya,"Wellampitiya, Colombo"
House for sale,49540058.0,5,3,2512.25,"Thalawathugoda, Colombo",Colombo,Thalawathugoda,"Thalawathugoda, Colombo"
House for sale,45000000.0,5,4,2500.0,"Battaramulla, Colombo",Colombo,Battaramulla,"Battaramulla, Colombo"
House for sale,72339254.0,4,3,3933.19,"Rathmalana, Colombo",Colombo,Rathmalana,"Rathmalana, Colombo"
House for sale,122984939.0,4,4,4776.64,"Moratuwa, Colombo",Colombo,Moratuwa,"Moratuwa, Colombo"
House for sale,169525495.0,4,4,5454.96,"Moratuwa, Colombo",Colombo,Moratuwa,"Moratuwa, Colombo"
House for sale,81823160.0,4,5,3442.59,"Mount Lavinia, Colombo",Colombo,Mount Lavinia,"Mount Lavinia, Colombo"
House for sale,93166046.0,4,3,5049.03,"Colombo 6, Colombo",Colombo,Colombo 6,"Colombo 6, Colombo"
House for sale,39288964.0,4,3,1663.52,"Homagama, Colombo",Colombo,Homagama,"Homagama, Colombo"
House for sale,13527755.0,3,1,1657.75,"Moratuwa, Colombo",Colombo,Moratuwa,"Moratuwa, Colombo"
House for sale,36499069.0,4,5,3125.12,"Morakatiya, Colombo",Colombo,Morakatiya,"Morakatiya, Colombo"
House for sale,176413718.0,3,4,3930.63,"Colombo 7, Colombo",Colombo,Colombo 7,"Colombo 7, Colombo"
House for sale,10611290.0,2,3,896.0,"Wellampitiya, Colombo",Colombo,Wellampitiya,"Wellampitiya, Colombo"
House for sale,45602219.0,3,3,2751.56,"Awissawella, Colombo",Colombo,Awissawella,"Awissawella, Colombo"
Villa for sale,80417372.0,5,5,3859.51,"Dematagoda, Colombo",Colombo,Dematagoda,"Dematagoda, Colombo"
House for sale,87457657.0,5,5,3532.7,"Mount Lavinia, Colombo",Colombo,Mount Lavinia,"Mount Lavinia, Colombo"
House for sale,95000000.0,4,2,4000.0,"Pannipitiya,Kottawa",Colombo,Kottawa,"Pannipitiya,Kottawa"
House for sale,36000000.0,3,3,2000.0,"Vijaya Road, Kolonnawa",Colombo,Kolonnawa,"Vijaya Road, Kolonnawa"
House for sale,33263226.0,4,5,3320.46,"Morakatiya, Colombo",Colombo,Morakatiya,"Morakatiya, Colombo"
House for sale,12024170.0,4,2,1473.49,"Padukka, Colombo",Colombo,Padukka,"Padukka, Colombo"
House for sale,41185574.0,4,2,2346.62,"Awissawella, Colombo",Colombo,Awissawella,"Awissawella, Colombo"
House for sale,404819885.0,8,6,9019.7,"Colombo 7, Colombo",Colombo,Colombo 7,"Colombo 7, Colombo"
House for sale,112057539.0,4,3,4532.98,"Dehiwala, Colombo",Colombo,Dehiwala,"Dehiwala, Colombo"
House for sale,28084265.0,2,1,2755.96,"Boralesgamuwa, Colombo",Colombo,Boralesgamuwa,"Boralesgamuwa, Colombo"
House for sale,90106070.0,4,3,4125.09,"Nugegoda, Colombo",Colombo,Nugegoda,"Nugegoda, Colombo"
House for sale,119200385.0,6,5,2655.88,"Colombo 6, Colombo",Colombo,Colombo 6,"Colombo 6, Colombo"
House for sale,10524997.0,3,2,1244.95,"Wellampitiya, Colombo",Colombo,Wellampitiya,"Wellampitiya, Colombo"
House for sale,43650984.0,4,2,2173.47,"Maharagama, Colombo",Colombo,Maharagama,"Maharagama, Colombo"
House for sale,89917221.0,7,5,6015.26,"Moratuwa, Colombo",Colombo,Moratuwa,"Moratuwa, Colombo"
House for sale,187073943.0,4,5,4168.15,"Colombo 7, Colombo",Colombo,Colombo 7,"Colombo 7, Colombo"
House for sale,39218225.0,4,3,4024.8,"Malabe, Colombo",Colombo,Malabe,"Malabe, Colombo"
House for sale,17285706.0,2,2,1218.2,"Maththegoda, Colombo",Colombo,Maththegoda,"Maththegoda, Colombo"
House for sale,11453147.0,3,2,1359.07,"Padukka, Colombo",Colombo,Padukka,"Padukka, Colombo"
House for sale,34675751.0,3,2,964.92,"Pamankada, Colombo",Colombo,Pamankada,"Pamankada, Colombo"
House for sale,63951350.0,3,3,2364.34,"Moratuwa, Colombo",Colombo,Moratuwa,"Moratuwa, Colombo"
House for sale,360266832.0,8,5,8027.02,"Kohuwala, Colombo",Colombo,Kohuwala,"Kohuwala, Colombo"
Villa for sale,93626547.0,4,6,4181.43,"Colombo 7, Colombo",Colombo,Colombo 7,"Colombo 7, Colombo"
House for sale,111841661.0,4,4,4730.55,"Kohuwala, Colombo",Colombo,Kohuwala,"Kohuwala, Colombo"
House for sale,24094276.0,3,2,1854.22,"Athurugiriya, Colombo",Colombo,Athurugiriya,"Athurugiriya, Colombo"
House for sale,44577591.0,4,4,2325.37,"Wellampitiya, Colombo",Colombo,Wellampitiya,"Wellampitiya, Colombo"
House for sale,146382915.0,4,3,4236.81,"Dehiwala, Colombo",Colombo,Dehiwala,"Dehiwala, Colombo"
House for sale,40863827.0,2,3,1995.27,"Moratuwa, Colombo",Colombo,Moratuwa,"Moratuwa, Colombo"
House for sale,146526114.0,4,5,3349.87,"Nawala, Colombo",Colombo,Nawala,"Nawala, Colombo"
House for sale,10803792.0,2,1,1323.94,"Padukka, Colombo",Colombo,Padukka,"Padukka, Colombo"
House for sale,101456875.0,4,4,4572.66,"Boralesgamuwa, Colombo",Colombo,Boralesgamuwa,"Boralesgamuwa, Colombo"
House for sale,52207297.0,3,2,1913.9,"Rathmalana, Colombo",Colombo,Rathmalana,"Rathmalana, Colombo"
House for sale,59133744.0,4,5,3376.47,"Kothalawala, Colombo",Colombo,Kothalawala,"Kothalawala, Colombo"
House for sale,111139794.0,3,4,2654.72,"Dehiwala, Colombo",Colombo,Dehiwala,"Dehiwala, Colombo"
House for sale,275939427.0,9,8,8648.14,"Colombo 7, Colombo",Colombo,Colombo 7,"Colombo 7, Colombo"
House for sale,15064581.0,2,2,1457.15,"Kesbewa, Colombo",Colombo,Kesbewa,"Kesbewa, Colombo"
House for sale,121305336.0,4,4,4517.14,"Moratuwa, Colombo",Colombo,Moratuwa,"Moratuwa, Colombo"
House for sale,31648526.0,3,2,1345.29,"Boralesgamuwa, Colombo",Colombo,Boralesgamuwa,"Boralesgamuwa, Colombo"
House for sale,14264046.0,2,2,1220.07,"Maththegoda, Colombo",Colombo,Maththegoda,"Maththegoda, Colombo"
House for sale,33909051.0,3,3,1888.26,"Awissawella, Colombo",Colombo,Awissawella,"Awissawella, Colombo"
House for sale,29035468.0,3,4,1063.05,"Colombo 9, Colombo",Colombo,Colombo 9,"Colombo 9, Colombo"
House for sale,88749154.0,5,3,3249.95,"Battaramulla, Colombo",Colombo,Battaramulla,"Battaramulla, Colombo"
House for sale,7777000.0,2,2,896.0,"Wellampitiya, Colombo",Colombo,Wellampitiya,"Wellampitiya, Colombo"
House for sale,132103786.0,9,7,4074.54,"Rathmalana, Colombo",Colombo,Rathmalana,"Rathmalana, Colombo"
House for sale,25455269.0,2,2,1698.71,"Boralesgamuwa, Colombo",Colombo,Boralesgamuwa,"Boralesgamuwa, Colombo"
Villa for sale,108661234.0,3,5,4311.31,"Boralesgamuwa, Colombo",Colombo,Boralesgamuwa,"Boralesgamuwa, Colombo"
House for sale,52341440.0,4,2,3973.92,"Kolonnawa, Colombo",Colombo,Kolonnawa,"Kolonnawa, Colombo"
House for sale,14792618.0,4,2,1812.75,"Moratuwa, Colombo",Colombo,Moratuwa,"Moratuwa, Colombo"
House for sale,19735533.0,3,3,1584.02,"Kesbewa, Colombo",Colombo,Kesbewa,"Kesbewa, Colombo"
House for sale,127239655.0,7,6,3592.68,"Rathmalana, Colombo",Colombo,Rathmalana,"Rathmalana, Colombo"
House for sale,19851350.0,1,3,1171.03,"Colombo 9, Colombo",Colombo,Colombo 9,"Colombo 9, Colombo"
House for sale,88130244.0,3,3,4105.76,"Pitakotte, Colombo",Colombo,Pitakotte,"Pitakotte, Colombo"
House for sale,124602777.0,5,3,4593.42,"Dehiwala, Colombo",Colombo,Dehiwala,"Dehiwala, Colombo"
House for sale,41546103.0,4,3,3796.07,"Kesbewa, Colombo",Colombo,Kesbewa,"Kesbewa, Colombo"
House for sale,109439158.0,9,6,4384.77,"Rathmalana, Colombo",Colombo,Rathmalana,"Rathmalana, Colombo"
House for sale,217971508.0,4,4,4856.57,"Colombo 7, Colombo",Colombo,Colombo 7,"Colombo 7, Colombo"
House for sale,31469073.0,6,4,3856.35,"Mount Lavinia, Colombo",Colombo,Mount Lavinia,"Mount Lavinia, Colombo"
House for sale,119695248.0,4,4,5053.94,"Nugegoda, Colombo",Colombo,Nugegoda,"Nugegoda, Colombo"
House for sale,134843087.0,4,4,4184.24,"Mount Lavinia, Colombo",Colombo,Mount Lavinia,"Mount Lavinia, Colombo"
House for sale,122477674.0,9,6,4515.99,"Rathmalana, Colombo",Colombo,Rathmalana,"Rathmalana, Colombo"
House for sale,271250681.0,5,5,6043.67,"Pitakotte, Colombo",Colombo,Pitakotte,"Pitakotte, Colombo"
House for sale,314282119.0,6,5,7264.5,"Nugegoda, Colombo",Colombo,Nugegoda,"Nugegoda, Colombo"
House for sale,92870120.0,5,4,3937.23,"Thalawathugoda, Colombo",Colombo,Thalawathugoda,"Thalawathugoda, Colombo"
House for sale,144892587.0,8,6,4238.93,"Pitakotte, Colombo",Colombo,Pitakotte,"Pitakotte, Colombo"
House for sale,35062553.0,3,3,1843.5,"Kolonnawa, Colombo",Colombo,Kolonnawa,"Kolonnawa, Colombo"
House for sale,66930986.0,4,4,1908.89,"Colombo 9, Colombo",Colombo,Colombo 9,"Colombo 9, Colombo"
House for sale,31182222.0,3,4,1052.0,"Colombo 9, Colombo",Colombo,Colombo 9,"Colombo 9, Colombo"
House for sale,75682742.0,4,4,1686.27,"Boralesgamuwa, Colombo",Colombo,Boralesgamuwa,"Boralesgamuwa, Colombo"
House for sale,44650459.0,4,4,3441.49,"Kesbewa, Colombo",Colombo,Kesbewa,"Kesbewa, Colombo"
House for sale,136982685.0,5,5,3861.52,"Battaramulla, Colombo",Colombo,Battaramulla,"Battaramulla, Colombo"
House for sale,74220236.0,4,4,2894.53,"Dehiwala, Colombo",Colombo,Dehiwala,"Dehiwala, Colombo"
House for sale,37759417.0,2,2,907.27,"Nugegoda, Colombo",Colombo,Nugegoda,"Nugegoda, Colombo"
Villa for sale,105496054.0,5,5,4534.13,"Bambalapitiya , Colombo",Colombo,Bambalapitiya ,"Bambalapitiya , Colombo"
Villa for sale,38162995.0,3,3,2465.55,"Kottawa, Colombo",Colombo,Kottawa,"Kottawa, Colombo"
House for sale,82961093.0,7,6,5728.37,"Boralesgamuwa, Colombo",Colombo,Boralesgamuwa,"Boralesgamuwa, Colombo"
House for sale,107397563.0,5,3,3064.67,"Battaramulla, Colombo",Colombo,Battaramulla,"Battaramulla, Colombo"
House for sale,24289912.0,1,1,2702.6,"Bambalapitiya , Colombo",Colombo,Bambalapitiya ,"Bambalapitiya , Colombo"
House for sale,46921554.0,3,4,1045.45,"Nawala, Colombo",Colombo,Nawala,"Nawala, Colombo"
House for sale,121779011.0,4,4,2805.53,"Kohuwala, Colombo",Colombo,Kohuwala,"Kohuwala, Colombo"
House for sale,61803624.0,3,3,2525.85,"Pitakotte, Colombo",Colombo,Pitakotte,"Pitakotte, Colombo"
House for sale,8479581.0,2,1,896.0,"Wellampitiya, Colombo",Colombo,Wellampitiya,"Wellampitiya, Colombo"
House for sale,55863444.0,4,3,3913.78,"Malabe, Colombo",Colombo,Malabe,"Malabe, Colombo"
House for sale,71367508.0,5,4,3692.05,"Pitakotte, Colombo",Colombo,Pitakotte,"Pitakotte, Colombo"
House for sale,44734273.0,4,4,996.71,"Nawala, Colombo",Colombo,Nawala,"Nawala, Colombo"
House for sale,62340195.0,4,3,2803.3,"Dehiwala, Colombo",Colombo,Dehiwala,"Dehiwala, Colombo"
Villa for sale,29933663.0,3,4,3409.61,"Morakatiya, Colombo",Colombo,Morakatiya,"Morakatiya, Colombo"
House for sale,342531782.0,9,8,8962.36,"Battaramulla, Colombo",Colombo,Battaramulla,"Battaramulla, Colombo"
House for sale,28900677.0,3,2,1826.56,"Boralesgamuwa, Colombo",Colombo,Boralesgamuwa,"Boralesgamuwa, Colombo"
House for sale,79356876.0,5,4,1768.13,"Bambalapitiya , Colombo",Colombo,Bambalapitiya ,"Bambalapitiya , Colombo"
House for sale,34734064.0,3,2,1290.7,"Maharagama, Colombo",Colombo,Maharagama,"Maharagama, Colombo"
House for sale,26628215.0,3,2,2021.6,"Polgasovita, Colombo",Colombo,Polgasovita,"Polgasovita, Colombo"
House for sale,120244647.0,5,5,5074.38,"Rathmalana, Colombo",Colombo,Rathmalana,"Rathmalana, Colombo"
House for sale,76314095.0,4,3,3509.5,"Thalawathugoda, Colombo",Colombo,Thalawathugoda,"Thalawathugoda, Colombo"
House for sale,22399359.0,2,2,1683.44,"Athurugiriya, Colombo",Colombo,Athurugiriya,"Athurugiriya, Colombo"
House for sale,20788678.0,5,3,2515.55,"Kesbewa, Colombo",Colombo,Kesbewa,"Kesbewa, Colombo"
House for sale,21554734.0,3,3,2461.95,"Pannipitiya, Colombo",Colombo,Pannipitiya,"Pannipitiya, Colombo"
House for sale,9829603.0,1,1,896.0,"Wellampitiya, Colombo",Colombo,Wellampitiya,"Wellampitiya, Colombo"
House for sale,16030104.0,2,2,896.0,"Kolonnawa, Colombo",Colombo,Kolonnawa,"Kolonnawa, Colombo"
House for sale,18956483.0,3,1,1204.8,"Thalawathugoda, Colombo",Colombo,Thalawathugoda,"Thalawathugoda, Colombo"
House for sale,80348759.0,7,6,5070.14,"Dematagoda, Colombo",Colombo,Dematagoda,"Dematagoda, Colombo"
House for sale,82124735.0,3,2,4174.22,"Boralesgamuwa, Colombo",Colombo,Boralesgamuwa,"Boralesgamuwa, Colombo"
House for sale,104666095.0,5,5,5175.83,"Moratuwa, Colombo",Colombo,Moratuwa,"Moratuwa, Colombo"
House for sale,91116316.0,4,4,3929.9,"Pitakotte, Colombo",Colombo,Pitakotte,"Pitakotte, Colombo"
House for sale,42286428.0,2,3,1608.34,"Kolonnawa, Colombo",Colombo,Kolonnawa,"Kolonnawa, Colombo"
House for sale,19453400.0,4,3,2383.9,"Makumbura, Colombo",Colombo,Makumbura,"Makumbura, Colombo"
House for sale,55613024.0,4,3,4671.99,"Kolonnawa, Colombo",Colombo,Kolonnawa,"Kolonnawa, Colombo"
House for sale,88484235.0,4,3,3335.4,"Colombo 7, Colombo",Colombo,Colombo 7,"Colombo 7, Colombo"
House for sale,99143875.0,5,4,2438.67,"Mount Lavinia, Colombo",Colombo,Mount Lavinia,"Mount Lavinia, Colombo"
House for sale,136720640.0,4,5,4406.8,"Nawala, Colombo",Colombo,Nawala,"Nawala, Colombo"
House for sale,81791382.0,4,4,4623.67,"Moratuwa, Colombo",Colombo,Moratuwa,"Moratuwa, Colombo"
House for sale,107030660.0,4,4,3251.94,"Nawala, Colombo",Colombo,Nawala,"Nawala, Colombo"
House for sale,60000000.0,4,2,2243.0,"Pepiliyana West, Dehiwala",Colombo,Dehiwala,"Pepiliyana West, Dehiwala"
House for sale,21357094.0,3,3,2617.19,"Kesbewa, Colombo",Colombo,Kesbewa,"Kesbewa, Colombo"
House for sale,182576389.0,4,4,4067.94,"Bambalapitiya , Colombo",Colombo,Bambalapitiya ,"Bambalapitiya , Colombo"
House for sale,130747908.0,5,5,3022.53,"Nawala, Colombo",Colombo,Nawala,"Nawala, Colombo"
Villa for sale,90186358.0,5,5,5051.91,"Boralesgamuwa, Colombo",Colombo,Boralesgamuwa,"Boralesgamuwa, Colombo"
House for sale,26307982.0,2,2,2495.26,"Polgasovita, Colombo",Colombo,Polgasovita,"Polgasovita, Colombo"
House for sale,64879776.0,2,1,1445.57,"Pamankada, Colombo",Colombo,Pamankada,"Pamankada, Colombo"
House for sale,51346429.0,3,2,2593.5,"Thalawathugoda, Colombo",Colombo,Thalawathugoda,"Thalawathugoda, Colombo"
House for sale,11781991.0,4,3,1087.95,"Wellampitiya, Colombo",Colombo,Wellampitiya,"Wellampitiya, Colombo"
House for sale,49234620.0,2,3,1096.99,"Battaramulla, Colombo",Colombo,Battaramulla,"Battaramulla, Colombo"
House for sale,62612507.0,3,3,2920.69,"Battaramulla, Colombo",Colombo,Battaramulla,"Battaramulla, Colombo"
House for sale,392348658.0,7,5,8741.83,"Kohuwala, Colombo",Colombo,Kohuwala,"Kohuwala, Colombo"
House for sale,109889295.0,5,5,3464.91,"Dematagoda, Colombo",Colombo,Dematagoda,"Dematagoda, Colombo"
House for sale,450000000.0,10,10,15000.0,"Albion Place, Dematagoda",Colombo,Dematagoda,"Albion Place, Dematagoda"
House for sale,142933373.0,5,5,3525.32,"Bambalapitiya , Colombo",Colombo,Bambalapitiya ,"Bambalapitiya , Colombo"
House for sale,11081553.0,2,1,1357.98,"Padukka, Colombo",Colombo,Padukka,"Padukka, Colombo"
House for sale,34700798.0,4,4,2189.28,"Wellampitiya, Colombo",Colombo,Wellampitiya,"Wellampitiya, Colombo"
House for sale,63888630.0,4,2,2643.93,"Dehiwala, Colombo",Colombo,Dehiwala,"Dehiwala, Colombo"
House for sale,48461930.0,2,4,1079.77,"Battaramulla, Colombo",Colombo,Battaramulla,"Battaramulla, Colombo"
House for sale,78208914.0,6,3,5902.49,"Colombo 7, Colombo",Colombo,Colombo 7,"Colombo 7, Colombo"
House for sale,54464034.0,4,4,3768.82,"Thalawathugoda, Colombo",Colombo,Thalawathugoda,"Thalawathugoda, Colombo"
House for sale,354651670.0,6,5,8398.63,"Kohuwala, Colombo",Colombo,Kohuwala,"Kohuwala, Colombo"
House for sale,120631583.0,4,4,3212.82,"Kohuwala, Colombo",Colombo,Kohuwala,"Kohuwala, Colombo"
House for sale,50821751.0,5,4,2588.71,"Battaramulla, Colombo",Colombo,Battaramulla,"Battaramulla, Colombo"
House for sale,77277702.0,4,5,3571.56,"Dehiwala, Colombo",Colombo,Dehiwala,"Dehiwala, Colombo"
House for sale,30337981.0,5,3,1983.9,"Awissawella, Colombo",Colombo,Awissawella,"Awissawella, Colombo"
Villa for sale,153402701.0,9,7,4122.27,"Rathmalana, Colombo",Colombo,Rathmalana,"Rathmalana, Colombo"
House for sale,58149428.0,5,3,3355.46,"Kottawa, Colombo",Colombo,Kottawa,"Kottawa, Colombo"
House for sale,244595329.0,4,4,5449.77,"Colombo 7, Colombo",Colombo,Colombo 7,"Colombo 7, Colombo"
House for sale,54127085.0,3,2,2114.66,"Dehiwala, Colombo",Colombo,Dehiwala,"Dehiwala, Colombo"
House for sale,97239391.0,3,4,3798.92,"Thalawathugoda, Colombo",Colombo,Thalawathugoda,"Thalawathugoda, Colombo"
House for sale,42727071.0,3,2,951.99,"Nawala, Colombo",Colombo,Nawala,"Nawala, Colombo"
House for sale,103192121.0,5,5,5386.24,"Moratuwa, Colombo",Colombo,Moratuwa,"Moratuwa, Colombo"
House for sale,43351416.0,4,4,965.9,"Nawala, Colombo",Colombo,Nawala,"Nawala, Colombo"
House for sale,163848065.0,3,4,3650.66,"Nawala, Colombo",Colombo,Nawala,"Nawala, Colombo"
Villa for sale,7777000.0,1,1,896.0,"Wellampitiya, Colombo",Colombo,Wellampitiya,"Wellampitiya, Colombo"
House for sale,130402012.0,5,5,3531.94,"Nawala, Colombo",Colombo,Nawala,"Nawala, Colombo"
House for sale,101298971.0,5,4,3685.15,"Nugegoda, Colombo",Colombo,Nugegoda,"Nugegoda, Colombo"
House for sale,63899070.0,4,3,2346.55,"Wellampitiya, Colombo",Colombo,Wellampitiya,"Wellampitiya, Colombo"
House for sale,7777000.0,2,2,896.0,"Piliyandala, Colombo",Colombo,Piliyandala,"Piliyandala, Colombo"
House for sale,404819885.0,6,5,9019.7,"Pamankada, Colombo",Colombo,Pamankada,"Pamankada, Colombo"
House for sale,36323911.0,2,3,1524.66,"Kolonnawa, Colombo",Colombo,Kolonnawa,"Kolonnawa, Colombo"
House for sale,23589174.0,4,3,2665.63,"Piliyandala, Colombo",Colombo,Piliyandala,"Piliyandala, Colombo"
House for sale,59086515.0,4,3,3372.03,"Pitakotte, Colombo",Colombo,Pitakotte,"Pitakotte, Colombo"
House for sale,9737396.0,2,2,1193.26,"Padukka, Colombo",Colombo,Padukka,"Padukka, Colombo"
House for sale,64737943.0,4,5,3758.33,"Rathmalana, Colombo",Colombo,Rathmalana,"Rathmalana, Colombo"
House for sale,33962421.0,4,3,2891.88,"Kesbewa, Colombo",Colombo,Kesbewa,"Kesbewa, Colombo"
House for sale,127356298.0,5,5,4897.05,"Nugegoda, Colombo",Colombo,Nugegoda,"Nugegoda, Colombo"
House for sale,120000000.0,3,3,4200.0,"Dehiwala, Colombo",Colombo,Dehiwala,"Dehiwala, Colombo"
House for sale,30282863.0,4,5,3504.53,"Morakatiya, Colombo",Colombo,Morakatiya,"Morakatiya, Colombo"
House for sale,43001263.0,4,4,2289.59,"Homagama, Colombo",Colombo,Homagama,"Homagama, Colombo"
House for sale,238929251.0,4,5,5323.53,"Colombo 7, Colombo",Colombo,Colombo 7,"Colombo 7, Colombo"
House for sale,112512259.0,5,4,5040.84,"Nugegoda, Colombo",Colombo,Nugegoda,"Nugegoda, Colombo"
House for sale,46301842.0,4,3,4289.73,"Colombo 9, Colombo",Colombo,Colombo 9,"Colombo 9, Colombo"
House for sale,97098046.0,4,4,4158.91,"Kirulapona, Colombo",Colombo,Kirulapona,"Kirulapona, Colombo"
House for sale,30510688.0,5,3,3110.82,"Piliyandala, Colombo",Colombo,Piliyandala,"Piliyandala, Colombo"
House for sale,47963475.0,4,3,2710.66,"Rathmalana, Colombo",Colombo,Rathmalana,"Rathmalana, Colombo"
House for sale,240825508.0,6,5,7605.46,"Nugegoda, Colombo",Colombo,Nugegoda,"Nugegoda, Colombo"
House for sale,34680413.0,3,2,1428.63,"Athurugiriya, Colombo",Colombo,Athurugiriya,"Athurugiriya, Colombo"
House for sale,38947806.0,4,4,2091.75,"Kolonnawa, Colombo",Colombo,Kolonnawa,"Kolonnawa, Colombo"
House for sale,111806748.0,5,3,4359.33,"Kottawa, Colombo",Colombo,Kottawa,"Kottawa, Colombo"
House for sale,22056496.0,3,4,2361.44,"Maharagama, Colombo",Colombo,Maharagama,"Maharagama, Colombo"
Villa for sale,86501365.0,4,5,4252.02,"Boralesgamuwa, Colombo",Colombo,Boralesgamuwa,"Boralesgamuwa, Colombo"
House for sale,12741025.0,2,1,1227.07,"Mount Lavinia, Colombo",Colombo,Mount Lavinia,"Mount Lavinia, Colombo"
House for sale,404819885.0,10,9,9019.7,"Battaramulla, Colombo",Colombo,Battaramulla,"Battaramulla, Colombo"
House for sale,30675183.0,6,4,3759.07,"Moratuwa, Colombo",Colombo,Moratuwa,"Moratuwa, Colombo"
House for sale,81264603.0,6,5,5841.73,"Rathmalana, Colombo",Colombo,Rathmalana,"Rathmalana, Colombo"
House for sale,53600736.0,4,3,4067.46,"Kolonnawa, Colombo",Colombo,Kolonnawa,"Kolonnawa, Colombo"
House for sale,84754414.0,5,5,3713.99,"Rathmalana, Colombo",Colombo,Rathmalana,"Rathmalana, Colombo"
House for sale,83264139.0,1,1,1855.19,"Pamankada, Colombo",Colombo,Pamankada,"Pamankada, Colombo"
House for sale,37077793.0,4,4,2471.67,"Battaramulla, Colombo",Colombo,Battaramulla,"Battaramulla, Colombo"
House for sale,404819885.0,10,9,9019.7,"Dematagoda, Colombo",Colombo,Dematagoda,"Dematagoda, Colombo"
House for sale,61834376.0,4,3,3757.46,"Thalawathugoda, Colombo",Colombo,Thalawathugoda,"Thalawathugoda, Colombo"
House for sale,147358908.0,4,4,3518.04,"Kohuwala, Colombo",Colombo,Kohuwala,"Kohuwala, Colombo"
House for sale,16888294.0,3,2,1285.59,"Mount Lavinia, Colombo",Colombo,Mount Lavinia,"Mount Lavinia, Colombo"
House for sale,45996986.0,4,3,2437.54,"Kaduwela, Colombo",Colombo,Kaduwela,"Kaduwela, Colombo"
House for sale,75891032.0,5,4,2416.16,"Dehiwala, Colombo",Colombo,Dehiwala,"Dehiwala, Colombo"
Villa for sale,73502008.0,5,3,3212.21,"Battaramulla, Colombo",Colombo,Battaramulla,"Battaramulla, Colombo"
Villa for sale,75594522.0,5,4,2936.51,"Thalawathugoda, Colombo",Colombo,Thalawathugoda,"Thalawathugoda, Colombo"
House for sale,30592390.0,5,5,3748.92,"Rathmalana, Colombo",Colombo,Rathmalana,"Rathmalana, Colombo"
House for sale,41670641.0,4,4,2445.34,"Battaramulla, Colombo",Colombo,Battaramulla,"Battaramulla, Colombo"
House for sale,37246658.0,5,3,2155.11,"Wellampitiya, Colombo",Colombo,Wellampitiya,"Wellampitiya, Colombo"
House for sale,63146803.0,4,3,2802.22,"Thalawathugoda, Colombo",Colombo,Thalawathugoda,"Thalawathugoda, Colombo"
House for sale,12866236.0,2,1,1230.65,"Mount Lavinia, Colombo",Colombo,Mount Lavinia,"Mount Lavinia, Colombo"
House for sale,81765408.0,4,4,3803.8,"Maharagama, Colombo",Colombo,Maharagama,"Maharagama, Colombo"
House for sale,90061272.0,5,5,4109.22,"Mount Lavinia, Colombo",Colombo,Mount Lavinia,"Mount Lavinia, Colombo"
House for sale,20202665.0,3,2,1626.75,"Athurugiriya, Colombo",Colombo,Athurugiriya,"Athurugiriya, Colombo"
House for sale,108958308.0,5,5,2427.68,"Colombo 6, Colombo",Colombo,Colombo 6,"Colombo 6, Colombo"
House for sale,24146813.0,6,4,2959.05,"Kesbewa, Colombo",Colombo,Kesbewa,"Kesbewa, Colombo"
House for sale,66126730.0,5,5,3528.22,"Kothalawala, Colombo",Colombo,Kothalawala,"Kothalawala, Colombo"
House for sale,146141803.0,3,4,3858.44,"Boralesgamuwa, Colombo",Colombo,Boralesgamuwa,"Boralesgamuwa, Colombo"
House for sale,201690107.0,6,4,4493.81,"Colombo 7, Colombo",Colombo,Colombo 7,"Colombo 7, Colombo"
House for sale,33902016.0,2,2,1657.1,"Colombo 9, Colombo",Colombo,Colombo 9,"Colombo 9, Colombo"
House for sale,125536090.0,5,5,3679.82,"Thalawathugoda, Colombo",Colombo,Thalawathugoda,"Thalawathugoda, Colombo"
House for sale,13891578.0,3,2,1420.86,"Kesbewa, Colombo",Colombo,Kesbewa,"Kesbewa, Colombo"
House for sale,75460080.0,5,4,2305.64,"Dehiwala, Colombo",Colombo,Dehiwala,"Dehiwala, Colombo"
House for sale,59851576.0,4,3,2782.75,"Kirulapona, Colombo",Colombo,Kirulapona,"Kirulapona, Colombo"
House for sale,48183562.0,4,3,4195.13,"Malabe, Colombo",Colombo,Malabe,"Malabe, Colombo"
House for sale,36295903.0,6,4,4447.85,"Kaduwela, Colombo",Colombo,Kaduwela,"Kaduwela, Colombo"
House for sale,127004341.0,6,5,3231.28,"Nawala, Colombo",Colombo,Nawala,"Nawala, Colombo"
House for sale,49324595.0,3,3,1940.77,"Wellampitiya, Colombo",Colombo,Wellampitiya,"Wellampitiya, Colombo"
House for sale,21544978.0,4,2,2496.5,"Pannipitiya, Colombo",Colombo,Pannipitiya,"Pannipitiya, Colombo"
House for sale,36306874.0,6,3,4449.2,"Awissawella, Colombo",Colombo,Awissawella,"Awissawella, Colombo"
Villa for sale,73508943.0,4,3,1893.27,"Colombo 9, Colombo",Colombo,Colombo 9,"Colombo 9, Colombo"
House for sale,26971322.0,2,2,1292.63,"Makumbura, Colombo",Colombo,Makumbura,"Makumbura, Colombo"
House for sale,124170307.0,5,4,3776.48,"Maharagama, Colombo",Colombo,Maharagama,"Maharagama, Colombo"
House for sale,34621199.0,5,3,1906.34,"Kottawa, Colombo",Colombo,Kottawa,"Kottawa, Colombo"
House for sale,98702215.0,4,6,2199.16,"Colombo 6, Colombo",Colombo,Colombo 6,"Colombo 6, Colombo"
House for sale,22862125.0,3,3,1627.04,"Athurugiriya, Colombo",Colombo,Athurugiriya,"Athurugiriya, Colombo"
House for sale,60114186.0,3,3,3812.6,"Thalawathugoda, Colombo",Colombo,Thalawathugoda,"Thalawathugoda, Colombo"
House for sale,29667409.0,3,2,2161.1,"Polgasovita, Colombo",Colombo,Polgasovita,"Polgasovita, Colombo"
House for sale,37696657.0,5,3,2473.24,"Makumbura, Colombo",Colombo,Makumbura,"Makumbura, Colombo"
House for sale,32474498.0,1,1,2525.47,"Battaramulla, Colombo",Colombo,Battaramulla,"Battaramulla, Colombo"
House for sale,19425484.0,4,4,1498.75,"Kesbewa, Colombo",Colombo,Kesbewa,"Kesbewa, Colombo"
House for sale,50733727.0,4,2,3844.66,"Kolonnawa, Colombo",Colombo,Kolonnawa,"Kolonnawa, Colombo"
Villa for sale,116181586.0,5,5,4712.23,"Nugegoda, Colombo",Colombo,Nugegoda,"Nugegoda, Colombo"
House for sale,7777000.0,2,2,896.0,"Wellampitiya, Colombo",Colombo,Wellampitiya,"Wellampitiya, Colombo"
Villa for sale,105468182.0,3,2,4147.41,"Colombo 6, Colombo",Colombo,Colombo 6,"Colombo 6, Colombo"
House for sale,35262991.0,2,2,1672.34,"Athurugiriya, Colombo",Colombo,Athurugiriya,"Athurugiriya, Colombo"
House for sale,89176105.0,8,6,5220.61,"Nugegoda, Colombo",Colombo,Nugegoda,"Nugegoda, Colombo"
House for sale,84707735.0,8,6,6049.91,"Boralesgamuwa, Colombo",Colombo,Boralesgamuwa,"Boralesgamuwa, Colombo"
House for sale,73472929.0,4,4,2416.84,"Dehiwala, Colombo",Colombo,Dehiwala,"Dehiwala, Colombo"
House for sale,153035439.0,5,4,3409.75,"Colombo 7, Colombo",Colombo,Colombo 7,"Colombo 7, Colombo"
House for sale,134397282.0,5,4,5283.41,"Nugegoda, Colombo",Colombo,Nugegoda,"Nugegoda, Colombo"
House for sale,18186239.0,3,2,1315.92,"Maththegoda, Colombo",Colombo,Maththegoda,"Maththegoda, Colombo"
House for sale,14286896.0,3,2,1625.34,"Kesbewa, Colombo",Colombo,Kesbewa,"Kesbewa, Colombo"
Villa for sale,41394724.0,3,3,2102.16,"Kolonnawa, Colombo",Colombo,Kolonnawa,"Kolonnawa, Colombo"
House for sale,37619622.0,4,3,4610.07,"Awissawella, Colombo",Colombo,Awissawella,"Awissawella, Colombo"
House for sale,192183714.0,5,5,5100.78,"Colombo 7, Colombo",Colombo,Colombo 7,"Colombo 7, Colombo"
House for sale,61024429.0,4,4,3068.01,"Thalawathugoda, Colombo",Colombo,Thalawathugoda,"Thalawathugoda, Colombo"
House for sale,16309215.0,3,2,1998.6,"Padukka, Colombo",Colombo,Padukka,"Padukka, Colombo"
House for sale,78016657.0,4,4,1917.04,"Kolonnawa, Colombo",Colombo,Kolonnawa,"Kolonnawa, Colombo"
House for sale,35617191.0,4,4,4364.68,"Awissawella, Colombo",Colombo,Awissawella,"Awissawella, Colombo"
House for sale,67891798.0,3,3,2664.46,"Kirulapona, Colombo",Colombo,Kirulapona,"Kirulapona, Colombo"
House for sale,84894052.0,8,7,4942.17,"Boralesgamuwa, Colombo",Colombo,Boralesgamuwa,"Boralesgamuwa, Colombo"
House for sale,56757834.0,4,3,2775.45,"Pitakotte, Colombo",Colombo,Pitakotte,"Pitakotte, Colombo"
House for sale,47416994.0,3,4,1056.49,"Nawala, Colombo",Colombo,Nawala,"Nawala, Colombo"
House for sale,170556543.0,3,3,4066.07,"Pamankada, Colombo",Colombo,Pamankada,"Pamankada, Colombo"
House for sale,47141141.0,5,3,2523.68,"Kaduwela, Colombo",Colombo,Kaduwela,"Kaduwela, Colombo"
House for sale,404819885.0,10,10,9019.7,"Dematagoda, Colombo",Colombo,Dematagoda,"Dematagoda, Colombo"
House for sale,71169009.0,3,3,2966.0,"Pitakotte, Colombo",Colombo,Pitakotte,"Pitakotte, Colombo"
House for sale,207008510.0,5,5,4612.31,"Colombo 7, Colombo",Colombo,Colombo 7,"Colombo 7, Colombo"
House for sale,140314304.0,4,4,4434.76,"Pitakotte, Colombo",Colombo,Pitakotte,"Pitakotte, Colombo"
House for sale,42069397.0,5,3,2750.81,"Kothalawala, Colombo",Colombo,Kothalawala,"Kothalawala, Colombo"
House for sale,7777000.0,1,1,896.0,"Wellampitiya, Colombo",Colombo,Wellampitiya,"Wellampitiya, Colombo"
House for sale,42545223.0,5,3,4024.45,"Malabe, Colombo",Colombo,Malabe,"Malabe, Colombo"
House for sale,22826740.0,4,4,1510.48,"Kesbewa, Colombo",Colombo,Kesbewa,"Kesbewa, Colombo"
House for sale,49576734.0,6,4,2149.7,"Wellampitiya, Colombo",Colombo,Wellampitiya,"Wellampitiya, Colombo"
Villa for sale,125978017.0,9,6,4309.2,"Rathmalana, Colombo",Colombo,Rathmalana,"Rathmalana, Colombo"
House for sale,301547774.0,8,6,8041.88,"Colombo 7, Colombo",Colombo,Colombo 7,"Colombo 7, Colombo"
House for sale,132531357.0,5,5,4142.19,"Colombo 6, Colombo",Colombo,Colombo 6,"Colombo 6, Colombo"
House for sale,11318254.0,3,2,1098.02,"Kesbewa, Colombo",Colombo,Kesbewa,"Kesbewa, Colombo"
House for sale,35203987.0,4,5,1145.85,"Kolonnawa, Colombo",Colombo,Kolonnawa,"Kolonnawa, Colombo"
Villa for sale,19937402.0,6,3,2287.65,"Colombo 8, Colombo",Colombo,Colombo 8,"Colombo 8, Colombo"
House for sale,67959398.0,8,6,4406.3,"Mount Lavinia, Colombo",Colombo,Mount Lavinia,"Mount Lavinia, Colombo"
House for sale,14895663.0,2,2,1205.4,"Makumbura, Colombo",Colombo,Makumbura,"Makumbura, Colombo"
House for sale,24112242.0,4,3,2390.17,"Pannipitiya, Colombo",Colombo,Pannipitiya,"Pannipitiya, Colombo"
House for sale,28827824.0,4,3,2749.83,"Kaduwela, Colombo",Colombo,Kaduwela,"Kaduwela, Colombo"
House for sale,39614484.0,4,4,4095.11,"Malabe, Colombo",Colombo,Malabe,"Malabe, Colombo"
House for sale,29278069.0,4,4,2304.3,"Homagama, Colombo",Colombo,Homagama,"Homagama, Colombo"
House for sale,43561352.0,3,3,1909.18,"Moratuwa, Colombo",Colombo,Moratuwa,"Moratuwa, Colombo"
House for sale,92403820.0,5,3,5867.66,"Colombo 6, Colombo",Colombo,Colombo 6,"Colombo 6, Colombo"
House for sale,110157852.0,6,5,4280.62,"Mount Lavinia, Colombo",Colombo,Mount Lavinia,"Mount Lavinia, Colombo"
House for sale,155895944.0,3,3,3647.46,"Colombo 7, Colombo",Colombo,Colombo 7,"Colombo 7, Colombo"
House for sale,29947522.0,2,1,2954.82,"Boralesgamuwa, Colombo",Colombo,Boralesgamuwa,"Boralesgamuwa, Colombo"
House for sale,70656385.0,2,2,1574.28,"Pamankada, Colombo",Colombo,Pamankada,"Pamankada, Colombo"
House for sale,78625867.0,3,2,3261.0,"Kirulapona, Colombo",Colombo,Kirulapona,"Kirulapona, Colombo"
House for sale,8383964.0,2,2,896.0,"Wellampitiya, Colombo",Colombo,Wellampitiya,"Wellampitiya, Colombo"
House for sale,19009513.0,3,3,1280.96,"Colombo 9, Colombo",Colombo,Colombo 9,"Colombo 9, Colombo"
House for sale,111227077.0,5,4,3917.73,"Maharagama, Colombo",Colombo,Maharagama,"Maharagama, Colombo"
House for sale,17608324.0,4,3,2157.8,"Padukka, Colombo",Colombo,Padukka,"Padukka, Colombo"
House for sale,65091929.0,2,1,1450.3,"Pamankada, Colombo",Colombo,Pamankada,"Pamankada, Colombo"
House for sale,49486591.0,4,4,2405.92,"Wellampitiya, Colombo",Colombo,Wellampitiya,"Wellampitiya, Colombo"
House for sale,25021290.0,2,2,1473.65,"Nawala, Colombo",Colombo,Nawala,"Nawala, Colombo"
House for sale,134212829.0,3,4,3039.79,"Kohuwala, Colombo",Colombo,Kohuwala,"Kohuwala, Colombo"
House for sale,38123988.0,4,5,3397.09,"Morakatiya, Colombo",Colombo,Morakatiya,"Morakatiya, Colombo"
House for sale,63155175.0,5,4,1407.15,"Bambalapitiya , Colombo",Colombo,Bambalapitiya ,"Bambalapitiya , Colombo"
House for sale,62400272.0,5,3,1926.69,"Morakatiya, Colombo",Colombo,Morakatiya,"Morakatiya, Colombo"
House for sale,88808565.0,3,4,2890.89,"Mount Lavinia, Colombo",Colombo,Mount Lavinia,"Mount Lavinia, Colombo"
House for sale,43186365.0,4,3,2176.87,"Wellampitiya, Colombo",Colombo,Wellampitiya,"Wellampitiya, Colombo"
House for sale,312869250.0,6,5,9019.7,"Pamankada, Colombo",Colombo,Pamankada,"Pamankada, Colombo"
House for sale,44647181.0,4,3,3875.47,"Makadana, Colombo",Colombo,Makadana,"Makadana, Colombo"
House for sale,66890788.0,4,3,2730.96,"Dehiwala, Colombo",Colombo,Dehiwala,"Dehiwala, Colombo"
House for sale,404819885.0,7,5,9019.7,"Colombo 7, Colombo",Colombo,Colombo 7,"Colombo 7, Colombo"
House for sale,197747249.0,5,5,4560.57,"Colombo 7, Colombo",Colombo,Colombo 7,"Colombo 7, Colombo"
House for sale,33699479.0,3,4,2463.51,"Battaramulla, Colombo",Colombo,Battaramulla,"Battaramulla, Colombo"
House for sale,43689285.0,4,4,2640.53,"Battaramulla, Colombo",Colombo,Battaramulla,"Battaramulla, Colombo"
House for sale,69075881.0,6,5,4564.72,"Mount Lavinia, Colombo",Colombo,Mount Lavinia,"Mount Lavinia, Colombo"
House for sale,130280066.0,5,5,2902.74,"Colombo 6, Colombo",Colombo,Colombo 6,"Colombo 6, Colombo"
House for sale,61595954.0,5,4,3455.73,"Thalawathugoda, Colombo",Colombo,Thalawathugoda,"Thalawathugoda, Colombo"
House for sale,134115738.0,5,5,5563.2,"Mount Lavinia, Colombo",Colombo,Mount Lavinia,"Mount Lavinia, Colombo"
House for sale,66866200.0,4,4,2834.3,"Battaramulla, Colombo",Colombo,Battaramulla,"Battaramulla, Colombo"
House for sale,32884629.0,3,3,1209.13,"Awissawella, Colombo",Colombo,Awissawella,"Awissawella, Colombo"
House for sale,62751983.0,3,3,2922.22,"Pitakotte, Colombo",Colombo,Pitakotte,"Pitakotte, Colombo"
House for sale,261345840.0,5,5,5822.99,"Colombo 7, Colombo",Colombo,Colombo 7,"Colombo 7, Colombo"
House for sale,169608880.0,4,3,3779.02,"Boralesgamuwa, Colombo",Colombo,Boralesgamuwa,"Boralesgamuwa, Colombo"
House for sale,34602680.0,7,5,4240.36,"Mount Lavinia, Colombo",Colombo,Mount Lavinia,"Mount Lavinia, Colombo"
House for sale,39095642.0,4,4,2601.58,"Battaramulla, Colombo",Colombo,Battaramulla,"Battaramulla, Colombo"
House for sale,18968530.0,3,2,1330.36,"Maththegoda, Colombo",Colombo,Maththegoda,"Maththegoda, Colombo"
House for sale,189891733.0,5,3,4230.93,"Colombo 7, Colombo",Colombo,Colombo 7,"Colombo 7, Colombo"
House for sale,16049225.0,4,3,1342.15,"Makumbura, Colombo",Colombo,Makumbura,"Makumbura, Colombo"
House for sale,304456000.0,5,5,6783.52,"Colombo 7, Colombo",Colombo,Colombo 7,"Colombo 7, Colombo"
House for sale,35577940.0,3,3,2883.63,"Piliyandala, Colombo",Colombo,Piliyandala,"Piliyandala, Colombo"
House for sale,97119381.0,4,4,4448.21,"Thalawathugoda, Colombo",Colombo,Thalawathugoda,"Thalawathugoda, Colombo"
House for sale,85743930.0,5,4,4637.9,"Nugegoda, Colombo",Colombo,Nugegoda,"Nugegoda, Colombo"
House for sale,79091750.0,3,4,2398.04,"Dehiwala, Colombo",Colombo,Dehiwala,"Dehiwala, Colombo"
House for sale,14304147.0,3,3,1024.16,"Wellampitiya, Colombo",Colombo,Wellampitiya,"Wellampitiya, Colombo"
House for sale,44299586.0,5,3,3757.61,"Kesbewa, Colombo",Colombo,Kesbewa,"Kesbewa, Colombo"
House for sale,327461360.0,10,8,9019.7,"Battaramulla, Colombo",Colombo,Battaramulla,"Battaramulla, Colombo"
House for sale,159813336.0,4,5,4010.92,"Nawala, Colombo",Colombo,Nawala,"Nawala, Colombo"
House for sale,74341374.0,5,5,3643.68,"Dehiwala, Colombo",Colombo,Dehiwala,"Dehiwala, Colombo"
House for sale,21152224.0,2,3,1140.58,"Homagama, Colombo",Colombo,Homagama,"Homagama, Colombo"
House for sale,104126348.0,5,5,2320.02,"Colombo 6, Colombo",Colombo,Colombo 6,"Colombo 6, Colombo"
House for sale,70110331.0,3,3,2829.65,"Pitakotte, Colombo",Colombo,Pitakotte,"Pitakotte, Colombo"
House for sale,18841283.0,3,2,1095.95,"Mount Lavinia, Colombo",Colombo,Mount Lavinia,"Mount Lavinia, Colombo"
House for sale,7777000.0,2,1,896.0,"Wellampitiya, Colombo",Colombo,Wellampitiya,"Wellampitiya, Colombo"
House for sale,56663173.0,5,5,3445.58,"Kothalawala, Colombo",Colombo,Kothalawala,"Kothalawala, Colombo"
House for sale,141899540.0,4,4,4185.66,"Colombo 6, Colombo",Colombo,Colombo 6,"Colombo 6, Colombo"
House for sale,231750969.0,10,8,9019.7,"Battaramulla, Colombo",Colombo,Battaramulla,"Battaramulla, Colombo"
House for sale,68982995.0,4,4,1536.99,"Bambalapitiya , Colombo",Colombo,Bambalapitiya ,"Bambalapitiya , Colombo"
House for sale,67594544.0,4,4,3428.28,"Kottawa, Colombo",Colombo,Kottawa,"Kottawa, Colombo"
House for sale,7777000.0,1,1,896.0,"Athurugiriya, Colombo",Colombo,Athurugiriya,"Athurugiriya, Colombo"
House for sale,61675339.0,5,3,3904.93,"Thalawathugoda, Colombo",Colombo,Thalawathugoda,"Thalawathugoda, Colombo"
House for sale,119643171.0,5,4,4632.66,"Nugegoda, Colombo",Colombo,Nugegoda,"Nugegoda, Colombo"
House for sale,44714005.0,3,3,2318.46,"Kolonnawa, Colombo",Colombo,Kolonnawa,"Kolonnawa, Colombo"
House for sale,50419806.0,4,4,2441.91,"Battaramulla, Colombo",Colombo,Battaramulla,"Battaramulla, Colombo"
House for sale,72231135.0,4,3,3028.33,"Kottawa, Colombo",Colombo,Kottawa,"Kottawa, Colombo"
House for sale,105383289.0,5,4,3931.3,"Rathmalana, Colombo",Colombo,Rathmalana,"Rathmalana, Colombo"
House for sale,167183563.0,4,4,3724.98,"Nugegoda, Colombo",Colombo,Nugegoda,"Nugegoda, Colombo"
House for sale,10363844.0,2,1,1270.03,"Padukka, Colombo",Colombo,Padukka,"Padukka, Colombo"
House for sale,24710956.0,4,3,2253.04,"Colombo 8, Colombo",Colombo,Colombo 8,"Colombo 8, Colombo"
House for sale,92266166.0,6,5,5113.1,"Moratuwa, Colombo",Colombo,Moratuwa,"Moratuwa, Colombo"
House for sale,25436771.0,4,3,2665.24,"Colombo 8, Colombo",Colombo,Colombo 8,"Colombo 8, Colombo"
House for sale,121291509.0,4,5,4104.88,"Nawala, Colombo",Colombo,Nawala,"Nawala, Colombo"
House for sale,70614191.0,4,4,4882.86,"Pitakotte, Colombo",Colombo,Pitakotte,"Pitakotte, Colombo"
House for sale,100473862.0,5,5,4010.28,"Boralesgamuwa, Colombo",Colombo,Boralesgamuwa,"Boralesgamuwa, Colombo"
House for sale,60733194.0,4,3,3071.36,"Moratuwa, Colombo",Colombo,Moratuwa,"Moratuwa, Colombo"
House for sale,42161220.0,4,4,5166.62,"Malabe, Colombo",Colombo,Malabe,"Malabe, Colombo"
House for sale,85368631.0,4,4,1902.08,"Bambalapitiya , Colombo",Colombo,Bambalapitiya ,"Bambalapitiya , Colombo"
House for sale,108447835.0,5,5,2416.3,"Colombo 6, Colombo",Colombo,Colombo 6,"Colombo 6, Colombo"
House for sale,48511164.0,5,4,1949.8,"Colombo 9, Colombo",Colombo,Colombo 9,"Colombo 9, Colombo"
Villa for sale,21377499.0,2,2,1075.62,"Kesbewa, Colombo",Colombo,Kesbewa,"Kesbewa, Colombo"
House for sale,25472285.0,3,2,2071.45,"Polgasovita, Colombo",Colombo,Polgasovita,"Polgasovita, Colombo"
House for sale,75422950.0,4,3,2973.03,"Dehiwala, Colombo",Colombo,Dehiwala,"Dehiwala, Colombo"
House for sale,108194282.0,4,4,3880.23,"Thalawathugoda, Colombo",Colombo,Thalawathugoda,"Thalawathugoda, Colombo"
House for sale,404819885.0,7,5,9019.7,"Colombo 7, Colombo",Colombo,Colombo 7,"Colombo 7, Colombo"
House for sale,160000000.0,5,4,4000.0,"Templers Road, Mount Lavinia",Colombo,Mount Lavinia,"Templers Road, Mount Lavinia"
House for sale,33934954.0,2,1,2582.04,"Boralesgamuwa, Colombo",Colombo,Boralesgamuwa,"Boralesgamuwa, Colombo"
House for sale,32636550.0,3,2,1540.48,"Thalawathugoda, Colombo",Colombo,Thalawathugoda,"Thalawathugoda, Colombo"
House for sale,17355652.0,2,2,1104.58,"Maththegoda, Colombo",Colombo,Maththegoda,"Maththegoda, Colombo"
House for sale,182688054.0,5,4,4070.43,"Boralesgamuwa, Colombo",Colombo,Boralesgamuwa,"Boralesgamuwa, Colombo"
House for sale,404819885.0,10,9,9019.7,"Dematagoda, Colombo",Colombo,Dematagoda,"Dematagoda, Colombo"
House for sale,102467771.0,8,7,7371.65,"Kohuwala, Colombo",Colombo,Kohuwala,"Kohuwala, Colombo"
House for sale,22795753.0,4,3,1633.03,"Kesbewa, Colombo",Colombo,Kesbewa,"Kesbewa, Colombo"
House for sale,14791645.0,3,3,952.32,"Wellampitiya, Colombo",Colombo,Wellampitiya,"Wellampitiya, Colombo"
House for sale,27076294.0,3,2,1489.97,"Thalawathugoda, Colombo",Colombo,Thalawathugoda,"Thalawathugoda, Colombo"
House for sale,43982368.0,5,3,5389.79,"Awissawella, Colombo",Colombo,Awissawella,"Awissawella, Colombo"
House for sale,41031696.0,4,3,1721.88,"Homagama, Colombo",Colombo,Homagama,"Homagama, Colombo"
House for sale,18499862.0,4,3,2267.05,"Piliyandala, Colombo",Colombo,Piliyandala,"Piliyandala, Colombo"
House for sale,160887594.0,5,4,4227.99,"Moratuwa, Colombo",Colombo,Moratuwa,"Moratuwa, Colombo"
House for sale,27460128.0,4,2,1628.17,"Athurugiriya, Colombo",Colombo,Athurugiriya,"Athurugiriya, Colombo"
House for sale,288318267.0,9,8,9019.7,"Battaramulla, Colombo",Colombo,Battaramulla,"Battaramulla, Colombo"
Villa for sale,53940280.0,5,5,3660.47,"Rathmalana, Colombo",Colombo,Rathmalana,"Rathmalana, Colombo"
House for sale,131243748.0,6,6,2924.21,"Colombo 6, Colombo",Colombo,Colombo 6,"Colombo 6, Colombo"
House for sale,236871407.0,6,5,5277.68,"Pitakotte, Colombo",Colombo,Pitakotte,"Pitakotte, Colombo"
House for sale,55000000.0,5,5,3605.0,"Pattiyawatta Road, Kothalawala",Colombo,Kothalawala,"Pattiyawatta Road, Kothalawala"
House for sale,19480745.0,2,2,1151.47,"Homagama, Colombo",Colombo,Homagama,"Homagama, Colombo"
House for sale,22971705.0,3,3,2248.73,"Polgasovita, Colombo",Colombo,Polgasovita,"Polgasovita, Colombo"
House for sale,32258650.0,2,2,1430.82,"Boralesgamuwa, Colombo",Colombo,Boralesgamuwa,"Boralesgamuwa, Colombo"
House for sale,13103250.0,3,2,1405.78,"Wellampitiya, Colombo",Colombo,Wellampitiya,"Wellampitiya, Colombo"
House for sale,102359482.0,5,4,3733.21,"Kaduwela, Colombo",Colombo,Kaduwela,"Kaduwela, Colombo"
House for sale,111954396.0,3,4,3922.78,"Thalawathugoda, Colombo",Colombo,Thalawathugoda,"Thalawathugoda, Colombo"
House for sale,28517608.0,4,3,2378.59,"Colombo 8, Colombo",Colombo,Colombo 8,"Colombo 8, Colombo"
Villa for sale,177781376.0,5,4,3961.11,"Nugegoda, Colombo",Colombo,Nugegoda,"Nugegoda, Colombo"
House for sale,9030333.0,2,2,1102.29,"Padukka, Colombo",Colombo,Padukka,"Padukka, Colombo"
House for sale,40724213.0,4,4,2163.68,"Wellampitiya, Colombo",Colombo,Wellampitiya,"Wellampitiya, Colombo"
House for sale,30228520.0,3,2,1989.29,"Kesbewa, Colombo",Colombo,Kesbewa,"Kesbewa, Colombo"
House for sale,121303905.0,5,4,4000.44,"Pitakotte, Colombo",Colombo,Pitakotte,"Pitakotte, Colombo"
House for sale,197678316.0,4,4,4404.43,"Colombo 7, Colombo",Colombo,Colombo 7,"Colombo 7, Colombo"
House for sale,92227119.0,6,5,5708.89,"Moratuwa, Colombo",Colombo,Moratuwa,"Moratuwa, Colombo"
House for sale,33679063.0,5,4,2867.54,"Maharagama, Colombo",Colombo,Maharagama,"Maharagama, Colombo"
House for sale,18853240.0,3,2,1278.22,"Makumbura, Colombo",Colombo,Makumbura,"Makumbura, Colombo"
House for sale,31456834.0,3,2,1596.63,"Boralesgamuwa, Colombo",Colombo,Boralesgamuwa,"Boralesgamuwa, Colombo"
House for sale,18829910.0,3,3,1544.87,"Polgasovita, Colombo",Colombo,Polgasovita,"Polgasovita, Colombo"
House for sale,211234768.0,5,5,4706.47,"Pitakotte, Colombo",Colombo,Pitakotte,"Pitakotte, Colombo"
House for sale,149669159.0,5,4,3334.74,"Boralesgamuwa, Colombo",Colombo,Boralesgamuwa,"Boralesgamuwa, Colombo"
House for sale,45997207.0,4,4,2409.96,"Battaramulla, Colombo",Colombo,Battaramulla,"Battaramulla, Colombo"
House for sale,105938705.0,5,4,4584.05,"Moratuwa, Colombo",Colombo,Moratuwa,"Moratuwa, Colombo"
House for sale,91014279.0,3,2,3268.59,"Kottawa, Colombo",Colombo,Kottawa,"Kottawa, Colombo"
House for sale,54324196.0,3,3,1923.75,"Moratuwa, Colombo",Colombo,Moratuwa,"Moratuwa, Colombo"
House for sale,11820708.0,3,1,1448.56,"Padukka, Colombo",Colombo,Padukka,"Padukka, Colombo"
House for sale,174218357.0,7,4,3881.72,"Colombo 7, Colombo",Colombo,Colombo 7,"Colombo 7, Colombo"
House for sale,64939465.0,4,5,2871.17,"Rathmalana, Colombo",Colombo,Rathmalana,"Rathmalana, Colombo"
House for sale,291643719.0,10,8,9019.7,"Battaramulla, Colombo",Colombo,Battaramulla,"Battaramulla, Colombo"
House for sale,29764293.0,5,3,2816.91,"Piliyandala, Colombo",Colombo,Piliyandala,"Piliyandala, Colombo"
House for sale,290423234.0,6,5,7980.94,"Nugegoda, Colombo",Colombo,Nugegoda,"Nugegoda, Colombo"
Villa for sale,106286791.0,4,4,3722.47,"Kohuwala, Colombo",Colombo,Kohuwala,"Kohuwala, Colombo"
House for sale,62436759.0,2,2,3429.79,"Thalawathugoda, Colombo",Colombo,Thalawathugoda,"Thalawathugoda, Colombo"
House for sale,366158360.0,6,5,9019.7,"Nugegoda, Colombo",Colombo,Nugegoda,"Nugegoda, Colombo"
House for sale,21334326.0,2,2,1224.35,"Makumbura, Colombo",Colombo,Makumbura,"Makumbura, Colombo"
House for sale,53983268.0,5,3,3664.23,"Kesbewa, Colombo",Colombo,Kesbewa,"Kesbewa, Colombo"
House for sale,19000000.0,3,3,1200.0,"Golden Crown - Kiriwaththuduwa , Homagama",Colombo,Homagama,"Golden Crown - Kiriwaththuduwa , Homagama"
House for sale,75981335.0,4,4,5342.47,"Nugegoda, Colombo",Colombo,Nugegoda,"Nugegoda, Colombo"
House for sale,42779914.0,3,3,1797.68,"Kolonnawa, Colombo",Colombo,Kolonnawa,"Kolonnawa, Colombo"
House for sale,31618789.0,4,3,2326.51,"Pannipitiya, Colombo",Colombo,Pannipitiya,"Pannipitiya, Colombo"
House for sale,46622354.0,3,2,2505.79,"Rathmalana, Colombo",Colombo,Rathmalana,"Rathmalana, Colombo"
Villa for sale,47394067.0,4,4,2733.39,"Battaramulla, Colombo",Colombo,Battaramulla,"Battaramulla, Colombo"
House for sale,48627038.0,4,2,5410.83,"Malabe, Colombo",Colombo,Malabe,"Malabe, Colombo"
House for sale,105857333.0,5,5,3437.05,"Rathmalana, Colombo",Colombo,Rathmalana,"Rathmalana, Colombo"
House for sale,34407418.0,5,3,2913.48,"Rathmalana, Colombo",Colombo,Rathmalana,"Rathmalana, Colombo"
House for sale,116402393.0,4,4,3345.58,"Nawala, Colombo",Colombo,Nawala,"Nawala, Colombo"
House for sale,34557211.0,4,3,1001.65,"Nugegoda, Colombo",Colombo,Nugegoda,"Nugegoda, Colombo"
House for sale,71588592.0,4,4,2327.66,"Dehiwala, Colombo",Colombo,Dehiwala,"Dehiwala, Colombo"
House for sale,164691138.0,5,5,3669.45,"Mount Lavinia, Colombo",Colombo,Mount Lavinia,"Mount Lavinia, Colombo"
House for sale,37977881.0,5,3,2425.52,"Moratuwa, Colombo",Colombo,Moratuwa,"Moratuwa, Colombo"
House for sale,40950772.0,2,3,1889.88,"Moratuwa, Colombo",Colombo,Moratuwa,"Moratuwa, Colombo"
House for sale,34559827.0,3,3,2613.51,"Makadana, Colombo",Colombo,Makadana,"Makadana, Colombo"
House for sale,33469711.0,5,3,2724.36,"Awissawella, Colombo",Colombo,Awissawella,"Awissawella, Colombo"
House for sale,63845597.0,5,3,3283.16,"Thalawathugoda, Colombo",Colombo,Thalawathugoda,"Thalawathugoda, Colombo"
House for sale,35507651.0,2,2,917.49,"Colombo 9, Colombo",Colombo,Colombo 9,"Colombo 9, Colombo"
House for sale,7777000.0,3,1,896.0,"Kesbewa, Colombo",Colombo,Kesbewa,"Kesbewa, Colombo"
House for sale,33132943.0,1,2,1261.8,"Maharagama, Colombo",Colombo,Maharagama,"Maharagama, Colombo"
Villa for sale,40542083.0,4,3,2315.48,"Colombo 8, Colombo",Colombo,Colombo 8,"Colombo 8, Colombo"
House for sale,27423795.0,2,1,2593.52,"Boralesgamuwa, Colombo",Colombo,Boralesgamuwa,"Boralesgamuwa, Colombo"
House for sale,9890850.0,2,1,1083.13,"Polgasovita, Colombo",Colombo,Polgasovita,"Polgasovita, Colombo"
House for sale,66918902.0,4,4,3392.33,"Mount Lavinia, Colombo",Colombo,Mount Lavinia,"Mount Lavinia, Colombo"
House for sale,28806664.0,3,2,2637.32,"Pannipitiya, Colombo",Colombo,Pannipitiya,"Pannipitiya, Colombo"
House for sale,136889628.0,8,6,3711.31,"Rathmalana, Colombo",Colombo,Rathmalana,"Rathmalana, Colombo"
House for sale,85000000.0,6,5,3680.0,"Kottawa Road, Mount Lavinia",Colombo,Mount Lavinia,"Kottawa Road, Mount Lavinia"
House for sale,141603584.0,3,4,3155.04,"Nawala, Colombo",Colombo,Nawala,"Nawala, Colombo"
House for sale,180284701.0,4,4,4016.88,"Nugegoda, Colombo",Colombo,Nugegoda,"Nugegoda, Colombo"
House for sale,28550790.0,3,3,1639.73,"Awissawella, Colombo",Colombo,Awissawella,"Awissawella, Colombo"
House for sale,120000000.0,5,5,3000.0,"Nawala, Colombo",Colombo,Nawala,"Nawala, Colombo"
House for sale,25918648.0,5,3,2186.88,"Colombo 8, Colombo",Colombo,Colombo 8,"Colombo 8, Colombo"
House for sale,125123544.0,5,3,4897.18,"Pitakotte, Colombo",Colombo,Pitakotte,"Pitakotte, Colombo"
House for sale,106321484.0,5,4,4018.67,"Maharagama, Colombo",Colombo,Maharagama,"Maharagama, Colombo"
House for sale,35498321.0,5,5,1167.77,"Malabe, Colombo",Colombo,Malabe,"Malabe, Colombo"
House for sale,128000000.0,5,5,4108.0,"Nawala, Colombo",Colombo,Nawala,"Nawala, Colombo"
House for sale,25416279.0,4,3,2293.42,"Padukka, Colombo",Colombo,Padukka,"Padukka, Colombo"
House for sale,12993056.0,3,1,1592.22,"Moratuwa, Colombo",Colombo,Moratuwa,"Moratuwa, Colombo"
House for sale,40102352.0,3,2,2263.76,"Boralesgamuwa, Colombo",Colombo,Boralesgamuwa,"Boralesgamuwa, Colombo"
House for sale,93170136.0,5,3,4186.53,"Colombo 6, Colombo",Colombo,Colombo 6,"Colombo 6, Colombo"
House for sale,129232087.0,3,4,4410.04,"Moratuwa, Colombo",Colombo,Moratuwa,"Moratuwa, Colombo"
House for sale,21389376.0,5,3,2621.15,"Colombo 8, Colombo",Colombo,Colombo 8,"Colombo 8, Colombo"
House for sale,40951020.0,5,4,4206.17,"Awissawella, Colombo",Colombo,Awissawella,"Awissawella, Colombo"
House for sale,184441282.0,4,4,4109.49,"Colombo 7, Colombo",Colombo,Colombo 7,"Colombo 7, Colombo"
House for sale,37743683.0,4,4,1658.95,"Wellampitiya, Colombo",Colombo,Wellampitiya,"Wellampitiya, Colombo"
House for sale,45371114.0,3,3,4090.5,"Malabe, Colombo",Colombo,Malabe,"Malabe, Colombo"
House for sale,130000000.0,4,4,5000.0,"Moratuwa, Colombo",Colombo,Moratuwa,"Moratuwa, Colombo"
House for sale,21276743.0,3,2,1622.65,"Maththegoda, Colombo",Colombo,Maththegoda,"Maththegoda, Colombo"
House for sale,36776225.0,4,4,2410.28,"Morakatiya, Colombo",Colombo,Morakatiya,"Morakatiya, Colombo"
House for sale,39352696.0,2,3,1570.15,"Homagama, Colombo",Colombo,Homagama,"Homagama, Colombo"
House for sale,124067131.0,4,4,4225.11,"Kirulapona, Colombo",Colombo,Kirulapona,"Kirulapona, Colombo"
House for sale,165089608.0,4,3,3678.32,"Colombo 7, Colombo",Colombo,Colombo 7,"Colombo 7, Colombo"
House for sale,22977267.0,5,3,2815.73,"Piliyandala, Colombo",Colombo,Piliyandala,"Piliyandala, Colombo"
House for sale,404819885.0,10,9,9019.7,"Dematagoda, Colombo",Colombo,Dematagoda,"Dematagoda, Colombo"
House for sale,326900783.0,8,6,7283.6,"Colombo 7, Colombo",Colombo,Colombo 7,"Colombo 7, Colombo"
House for sale,76246356.0,8,6,4541.6,"Thalawathugoda, Colombo",Colombo,Thalawathugoda,"Thalawathugoda, Colombo"
House for sale,22069857.0,2,2,1162.26,"Makumbura, Colombo",Colombo,Makumbura,"Makumbura, Colombo"
House for sale,203944791.0,4,5,4544.05,"Colombo 7, Colombo",Colombo,Colombo 7,"Colombo 7, Colombo"
House for sale,27783047.0,4,3,1533.52,"Athurugiriya, Colombo",Colombo,Athurugiriya,"Athurugiriya, Colombo"
House for sale,34631288.0,4,5,928.52,"Colombo 9, Colombo",Colombo,Colombo 9,"Colombo 9, Colombo"
House for sale,19832402.0,3,3,1098.94,"Homagama, Colombo",Colombo,Homagama,"Homagama, Colombo"
House for sale,12881895.0,2,2,1489.89,"Kesbewa, Colombo",Colombo,Kesbewa,"Kesbewa, Colombo"
House for sale,25958191.0,2,1,3181.03,"Pamankada, Colombo",Colombo,Pamankada,"Pamankada, Colombo"
Villa for sale,191839482.0,5,5,4274.33,"Battaramulla, Colombo",Colombo,Battaramulla,"Battaramulla, Colombo"
House for sale,76060003.0,3,3,2709.68,"Moratuwa, Colombo",Colombo,Moratuwa,"Moratuwa, Colombo"
House for sale,43949164.0,5,3,2931.36,"Maharagama, Colombo",Colombo,Maharagama,"Maharagama, Colombo"
House for sale,68883401.0,3,3,3155.38,"Moratuwa, Colombo",Colombo,Moratuwa,"Moratuwa, Colombo"
House for sale,28647150.0,7,5,3510.54,"Mount Lavinia, Colombo",Colombo,Mount Lavinia,"Mount Lavinia, Colombo"
House for sale,122690433.0,5,3,3583.6,"Moratuwa, Colombo",Colombo,Moratuwa,"Moratuwa, Colombo"
House for sale,65294487.0,2,2,3727.2,"Thalawathugoda, Colombo",Colombo,Thalawathugoda,"Thalawathugoda, Colombo"
House for sale,177243121.0,4,4,4201.2,"Nawala, Colombo",Colombo,Nawala,"Nawala, Colombo"
House for sale,34193171.0,5,5,3137.14,"Malabe, Colombo",Colombo,Malabe,"Malabe, Colombo"
Villa for sale,14895868.0,4,2,1825.4,"Rathmalana, Colombo",Colombo,Rathmalana,"Rathmalana, Colombo"
House for sale,404819885.0,7,5,9019.7,"Kohuwala, Colombo",Colombo,Kohuwala,"Kohuwala, Colombo"
House for sale,14876564.0,3,1,1823.04,"Moratuwa, Colombo",Colombo,Moratuwa,"Moratuwa, Colombo"
House for sale,169881077.0,6,4,3785.08,"Colombo 7, Colombo",Colombo,Colombo 7,"Colombo 7, Colombo"
House for sale,81432088.0,4,4,4806.99,"Nugegoda, Colombo",Colombo,Nugegoda,"Nugegoda, Colombo"
House for sale,81499800.0,4,5,3079.4,"Mount Lavinia, Colombo",Colombo,Mount Lavinia,"Mount Lavinia, Colombo"
House for sale,170374619.0,5,5,3796.08,"Nawala, Colombo",Colombo,Nawala,"Nawala, Colombo"
House for sale,21190539.0,4,3,2596.78,"Pannipitiya, Colombo",Colombo,Pannipitiya,"Pannipitiya, Colombo"
House for sale,32326463.0,7,5,3961.42,"Rathmalana, Colombo",Colombo,Rathmalana,"Rathmalana, Colombo"
House for sale,25373791.0,5,3,2265.03,"Colombo 8, Colombo",Colombo,Colombo 8,"Colombo 8, Colombo"
House for sale,87015336.0,4,4,4393.33,"Kohuwala, Colombo",Colombo,Kohuwala,"Kohuwala, Colombo"
House for sale,143051759.0,4,4,4299.21,"Kothalawala, Colombo",Colombo,Kothalawala,"Kothalawala, Colombo"
House for sale,24559376.0,4,3,2537.44,"Kesbewa, Colombo",Colombo,Kesbewa,"Kesbewa, Colombo"
House for sale,79847503.0,3,3,2911.21,"Dehiwala, Colombo",Colombo,Dehiwala,"Dehiwala, Colombo"
House for sale,36683154.0,6,4,4495.31,"Mount Lavinia, Colombo",Colombo,Mount Lavinia,"Mount Lavinia, Colombo"
House for sale,200784252.0,4,4,4473.63,"Nawala, Colombo",Colombo,Nawala,"Nawala, Colombo"
House for sale,28191213.0,4,2,1519.74,"Thalawathugoda, Colombo",Colombo,Thalawathugoda,"Thalawathugoda, Colombo"
House for sale,15406913.0,4,3,896.0,"Wellampitiya, Colombo",Colombo,Wellampitiya,"Wellampitiya, Colombo"
House for sale,82205608.0,4,4,1831.6,"Bambalapitiya , Colombo",Colombo,Bambalapitiya ,"Bambalapitiya , Colombo"
House for sale,104350828.0,5,5,4651.31,"Moratuwa, Colombo",Colombo,Moratuwa,"Moratuwa, Colombo"
House for sale,30988337.0,3,3,1410.97,"Kolonnawa, Colombo",Colombo,Kolonnawa,"Kolonnawa, Colombo"
House for sale,17841531.0,4,2,2186.38,"Padukka, Colombo",Colombo,Padukka,"Padukka, Colombo"
House for sale,54864615.0,3,4,3368.77,"Thalawathugoda, Colombo",Colombo,Thalawathugoda,"Thalawathugoda, Colombo"
Villa for sale,9604420.0,1,1,1176.97,"Padukka, Colombo",Colombo,Padukka,"Padukka, Colombo"
House for sale,35508856.0,4,4,1620.6,"Homagama, Colombo",Colombo,Homagama,"Homagama, Colombo"
House for sale,87274741.0,4,3,4116.52,"Thalawathugoda, Colombo",Colombo,Thalawathugoda,"Thalawathugoda, Colombo"
House for sale,31905020.0,2,1,2572.88,"Bambalapitiya , Colombo",Colombo,Bambalapitiya ,"Bambalapitiya , Colombo"
House for sale,54149105.0,4,3,4018.44,"Thalawathugoda, Colombo",Colombo,Thalawathugoda,"Thalawathugoda, Colombo"
House for sale,68216215.0,4,5,3731.43,"Dehiwala, Colombo",Colombo,Dehiwala,"Dehiwala, Colombo"
House for sale,18011380.0,2,3,1203.67,"Homagama, Colombo",Colombo,Homagama,"Homagama, Colombo"
House for sale,319638508.0,9,7,8830.88,"Battaramulla, Colombo",Colombo,Battaramulla,"Battaramulla, Colombo"
House for sale,119251363.0,4,4,3288.72,"Kohuwala, Colombo",Colombo,Kohuwala,"Kohuwala, Colombo"
House for sale,96926650.0,4,4,2251.12,"Dehiwala, Colombo",Colombo,Dehiwala,"Dehiwala, Colombo"
House for sale,172085016.0,4,4,3834.19,"Nawala, Colombo",Colombo,Nawala,"Nawala, Colombo"
House for sale,39061928.0,3,3,4483.24,"Malabe, Colombo",Colombo,Malabe,"Malabe, Colombo"
House for sale,23389949.0,3,3,1461.95,"Kolonnawa, Colombo",Colombo,Kolonnawa,"Kolonnawa, Colombo"
House for sale,30871127.0,4,4,2732.05,"Kaduwela, Colombo",Colombo,Kaduwela,"Kaduwela, Colombo"
House for sale,10241198.0,3,2,1255.0,"Athurugiriya, Colombo",Colombo,Athurugiriya,"Athurugiriya, Colombo"
House for sale,30945537.0,2,2,2223.69,"Polgasovita, Colombo",Colombo,Polgasovita,"Polgasovita, Colombo"
House for sale,31085921.0,3,2,2210.96,"Kaduwela, Colombo",Colombo,Kaduwela,"Kaduwela, Colombo"
House for sale,35626707.0,2,3,2120.93,"Kolonnawa, Colombo",Colombo,Kolonnawa,"Kolonnawa, Colombo"
House for sale,73823113.0,3,3,4227.48,"Thalawathugoda, Colombo",Colombo,Thalawathugoda,"Thalawathugoda, Colombo"
House for sale,30245851.0,4,4,2425.87,"Makadana, Colombo",Colombo,Makadana,"Makadana, Colombo"
House for sale,24662270.0,4,3,2794.93,"Kaduwela, Colombo",Colombo,Kaduwela,"Kaduwela, Colombo"
House for sale,20381491.0,1,3,1172.81,"Colombo 9, Colombo",Colombo,Colombo 9,"Colombo 9, Colombo"
House for sale,28695468.0,2,1,2565.27,"Boralesgamuwa, Colombo",Colombo,Boralesgamuwa,"Boralesgamuwa, Colombo"
Villa for sale,33718721.0,5,3,2580.65,"Maharagama, Colombo",Colombo,Maharagama,"Maharagama, Colombo"
House for sale,23868426.0,5,3,2484.11,"Colombo 8, Colombo",Colombo,Colombo 8,"Colombo 8, Colombo"
House for sale,319756423.0,6,5,7124.42,"Colombo 7, Colombo",Colombo,Colombo 7,"Colombo 7, Colombo"
House for sale,32923375.0,4,3,1959.58,"Polgasovita, Colombo",Colombo,Polgasovita,"Polgasovita, Colombo"
House for sale,114672404.0,3,3,4179.63,"Dehiwala, Colombo",Colombo,Dehiwala,"Dehiwala, Colombo"
House for sale,321157090.0,6,5,8643.84,"Nugegoda, Colombo",Colombo,Nugegoda,"Nugegoda, Colombo"
House for sale,53710231.0,4,3,4203.53,"Homagama, Colombo",Colombo,Homagama,"Homagama, Colombo"
House for sale,51257463.0,6,5,3956.13,"Kirulapona, Colombo",Colombo,Kirulapona,"Kirulapona, Colombo"
House for sale,114398204.0,4,5,3326.36,"Nawala, Colombo",Colombo,Nawala,"Nawala, Colombo"
House for sale,16296868.0,3,2,1267.86,"Kesbewa, Colombo",Colombo,Kesbewa,"Kesbewa, Colombo"
House for sale,85805905.0,5,4,1911.82,"Bambalapitiya , Colombo",Colombo,Bambalapitiya ,"Bambalapitiya , Colombo"
Villa for sale,102100655.0,3,5,4011.87,"Colombo 7, Colombo",Colombo,Colombo 7,"Colombo 7, Colombo"
House for sale,45244879.0,4,4,2313.92,"Battaramulla, Colombo",Colombo,Battaramulla,"Battaramulla, Colombo"
House for sale,404819885.0,9,5,9019.7,"Colombo 7, Colombo",Colombo,Colombo 7,"Colombo 7, Colombo"
House for sale,34639837.0,4,2,2569.61,"Piliyandala, Colombo",Colombo,Piliyandala,"Piliyandala, Colombo"
House for sale,40214044.0,3,3,896.0,"Kohuwala, Colombo",Colombo,Kohuwala,"Kohuwala, Colombo"
House for sale,89307214.0,4,2,4295.88,"Kottawa, Colombo",Colombo,Kottawa,"Kottawa, Colombo"
House for sale,125414864.0,6,5,4129.03,"Nawala, Colombo",Colombo,Nawala,"Nawala, Colombo"
House for sale,319845878.0,7,5,8817.73,"Dematagoda, Colombo",Colombo,Dematagoda,"Dematagoda, Colombo"
House for sale,26657404.0,4,2,1303.12,"Thalawathugoda, Colombo",Colombo,Thalawathugoda,"Thalawathugoda, Colombo"
House for sale,61096570.0,4,3,2924.2,"Moratuwa, Colombo",Colombo,Moratuwa,"Moratuwa, Colombo"
House for sale,86967890.0,4,4,2418.91,"Moratuwa, Colombo",Colombo,Moratuwa,"Moratuwa, Colombo"
House for sale,43990450.0,3,3,2181.19,"Kolonnawa, Colombo",Colombo,Kolonnawa,"Kolonnawa, Colombo"
House for sale,10651670.0,2,1,1305.3,"Padukka, Colombo",Colombo,Padukka,"Padukka, Colombo"
House for sale,87737068.0,5,4,3805.77,"Pitakotte, Colombo",Colombo,Pitakotte,"Pitakotte, Colombo"
House for sale,29224284.0,3,4,2362.48,"Homagama, Colombo",Colombo,Homagama,"Homagama, Colombo"
House for sale,102706647.0,4,5,4413.43,"Boralesgamuwa, Colombo",Colombo,Boralesgamuwa,"Boralesgamuwa, Colombo"
House for sale,34449598.0,4,5,1008.66,"Makadana, Colombo",Colombo,Makadana,"Makadana, Colombo"
House for sale,28228320.0,3,3,2204.0,"Kottawa, Colombo",Colombo,Kottawa,"Kottawa, Colombo"
House for sale,83874149.0,5,5,4074.34,"Mount Lavinia, Colombo",Colombo,Mount Lavinia,"Mount Lavinia, Colombo"
House for sale,54978002.0,4,3,3528.51,"Thalawathugoda, Colombo",Colombo,Thalawathugoda,"Thalawathugoda, Colombo"
House for sale,113948612.0,3,2,3493.7,"Kottawa, Colombo",Colombo,Kottawa,"Kottawa, Colombo"
House for sale,114078696.0,3,4,4273.34,"Thalawathugoda, Colombo",Colombo,Thalawathugoda,"Thalawathugoda, Colombo"
House for sale,23500000.0,3,3,1520.0,"Kotagedara, Kesbewa",Colombo,Kesbewa,"Kotagedara, Kesbewa"
House for sale,26165105.0,5,3,2996.63,"Colombo 8, Colombo",Colombo,Colombo 8,"Colombo 8, Colombo"
House for sale,48612394.0,4,4,3333.23,"Malabe, Colombo",Colombo,Malabe,"Malabe, Colombo"
House for sale,217542519.0,5,5,4847.02,"Colombo 7, Colombo",Colombo,Colombo 7,"Colombo 7, Colombo"
House for sale,27469917.0,7,5,3366.28,"Mount Lavinia, Colombo",Colombo,Mount Lavinia,"Mount Lavinia, Colombo"
House for sale,146336426.0,3,4,3297.29,"Boralesgamuwa, Colombo",Colombo,Boralesgamuwa,"Boralesgamuwa, Colombo"
House for sale,75816463.0,3,3,3421.3,"Dehiwala, Colombo",Colombo,Dehiwala,"Dehiwala, Colombo"
House for sale,51880871.0,4,3,4293.93,"Colombo 9, Colombo",Colombo,Colombo 9,"Colombo 9, Colombo"
House for sale,25679722.0,5,3,2786.26,"Kaduwela, Colombo",Colombo,Kaduwela,"Kaduwela, Colombo"
Villa for sale,15737703.0,2,3,1203.89,"Homagama, Colombo",Colombo,Homagama,"Homagama, Colombo"
House for sale,60247769.0,4,4,2767.95,"Dehiwala, Colombo",Colombo,Dehiwala,"Dehiwala, Colombo"
House for sale,220455107.0,4,4,5129.23,"Colombo 7, Colombo",Colombo,Colombo 7,"Colombo 7, Colombo"
House for sale,59938295.0,4,3,2858.37,"Kottawa, Colombo",Colombo,Kottawa,"Kottawa, Colombo"
House for sale,51566931.0,5,3,3503.35,"Kolonnawa, Colombo",Colombo,Kolonnawa,"Kolonnawa, Colombo"
House for sale,28146246.0,4,4,1043.64,"Colombo 9, Colombo",Colombo,Colombo 9,"Colombo 9, Colombo"
Villa for sale,60715300.0,3,3,3135.05,"Pitakotte, Colombo",Colombo,Pitakotte,"Pitakotte, Colombo"
House for sale,14810183.0,3,2,1284.74,"Makumbura, Colombo",Colombo,Makumbura,"Makumbura, Colombo"
House for sale,40543549.0,5,3,4968.38,"Awissawella, Colombo",Colombo,Awissawella,"Awissawella, Colombo"
House for sale,20054413.0,3,3,896.0,"Colombo 9, Colombo",Colombo,Colombo 9,"Colombo 9, Colombo"
House for sale,39659868.0,4,3,3685.28,"Awissawella, Colombo",Colombo,Awissawella,"Awissawella, Colombo"
House for sale,143486584.0,4,4,3196.99,"Boralesgamuwa, Colombo",Colombo,Boralesgamuwa,"Boralesgamuwa, Colombo"
House for sale,7943965.0,2,2,896.0,"Wellampitiya, Colombo",Colombo,Wellampitiya,"Wellampitiya, Colombo"
House for sale,37500000.0,4,2,1000.0,"Thalapathpitiya, Nugegoda",Colombo,Nugegoda,"Thalapathpitiya, Nugegoda"
House for sale,107881539.0,5,5,5166.9,"Moratuwa, Colombo",Colombo,Moratuwa,"Moratuwa, Colombo"
House for sale,44975483.0,3,3,4307.81,"Malabe, Colombo",Colombo,Malabe,"Malabe, Colombo"
House for sale,35658911.0,4,3,4369.79,"Awissawella, Colombo",Colombo,Awissawella,"Awissawella, Colombo"
House for sale,35184482.0,3,4,2457.01,"Homagama, Colombo",Colombo,Homagama,"Homagama, Colombo"
House for sale,292068323.0,5,5,6507.51,"Colombo 7, Colombo",Colombo,Colombo 7,"Colombo 7, Colombo"
House for sale,67258119.0,4,4,3182.66,"Dehiwala, Colombo",Colombo,Dehiwala,"Dehiwala, Colombo"
House for sale,73862126.0,3,4,2746.35,"Rathmalana, Colombo",Colombo,Rathmalana,"Rathmalana, Colombo"
House for sale,17567940.0,2,1,1130.4,"Mount Lavinia, Colombo",Colombo,Mount Lavinia,"Mount Lavinia, Colombo"
House for sale,357812242.0,6,5,7972.33,"Kohuwala, Colombo",Colombo,Kohuwala,"Kohuwala, Colombo"
House for sale,92282465.0,4,3,4384.34,"Colombo 6, Colombo",Colombo,Colombo 6,"Colombo 6, Colombo"
House for sale,31219237.0,1,1,2303.4,"Boralesgamuwa, Colombo",Colombo,Boralesgamuwa,"Boralesgamuwa, Colombo"
House for sale,113760416.0,3,3,4059.71,"Dehiwala, Colombo",Colombo,Dehiwala,"Dehiwala, Colombo"
House for sale,102835107.0,5,3,4142.75,"Nugegoda, Colombo",Colombo,Nugegoda,"Nugegoda, Colombo"
House for sale,22581195.0,2,2,1627.74,"Kesbewa, Colombo",Colombo,Kesbewa,"Kesbewa, Colombo"
House for sale,133650963.0,6,4,5182.49,"Nugegoda, Colombo",Colombo,Nugegoda,"Nugegoda, Colombo"
House for sale,261010123.0,10,8,9019.7,"Battaramulla, Colombo",Colombo,Battaramulla,"Battaramulla, Colombo"
House for sale,35683467.0,3,3,1671.23,"Homagama, Colombo",Colombo,Homagama,"Homagama, Colombo"
House for sale,38512086.0,5,3,2214.7,"Awissawella, Colombo",Colombo,Awissawella,"Awissawella, Colombo"
House for sale,51064757.0,4,4,1704.36,"Homagama, Colombo",Colombo,Homagama,"Homagama, Colombo"
House for sale,48777241.0,3,3,2364.81,"Battaramulla, Colombo",Colombo,Battaramulla,"Battaramulla, Colombo"
House for sale,321268496.0,6,5,7158.11,"Colombo 7, Colombo",Colombo,Colombo 7,"Colombo 7, Colombo"
House for sale,33430126.0,4,3,1153.63,"Boralesgamuwa, Colombo",Colombo,Boralesgamuwa,"Boralesgamuwa, Colombo"
House for sale,42000000.0,4,3,3750.0,"Makadana, Kesbewa",Colombo,Kesbewa,"Makadana, Kesbewa"
House for sale,169672876.0,6,5,4795.86,"Moratuwa, Colombo",Colombo,Moratuwa,"Moratuwa, Colombo"
House for sale,47522598.0,4,5,3536.62,"Kothalawala, Colombo",Colombo,Kothalawala,"Kothalawala, Colombo"
Villa for sale,41084934.0,4,3,1687.07,"Homagama, Colombo",Colombo,Homagama,"Homagama, Colombo"
House for sale,19119055.0,3,2,2342.93,"Padukka, Colombo",Colombo,Padukka,"Padukka, Colombo"
House for sale,64993531.0,5,5,3257.78,"Thalawathugoda, Colombo",Colombo,Thalawathugoda,"Thalawathugoda, Colombo"
House for sale,114167874.0,4,4,4747.48,"Maharagama, Colombo",Colombo,Maharagama,"Maharagama, Colombo"
House for sale,59015389.0,4,2,3387.04,"Kolonnawa, Colombo",Colombo,Kolonnawa,"Kolonnawa, Colombo"
House for sale,27366719.0,4,3,1522.94,"Colombo 8, Colombo",Colombo,Colombo 8,"Colombo 8, Colombo"
House for sale,26451891.0,3,2,1608.8,"Athurugiriya, Colombo",Colombo,Athurugiriya,"Athurugiriya, Colombo"
House for sale,39073336.0,4,3,3441.24,"Malabe, Colombo",Colombo,Malabe,"Malabe, Colombo"
House for sale,66247529.0,4,4,3406.73,"Kottawa, Colombo",Colombo,Kottawa,"Kottawa, Colombo"
House for sale,37032329.0,2,3,1933.53,"Awissawella, Colombo",Colombo,Awissawella,"Awissawella, Colombo"
House for sale,63988404.0,3,3,2952.78,"Kottawa, Colombo",Colombo,Kottawa,"Kottawa, Colombo"
House for sale,226237676.0,4,4,5040.75,"Colombo 7, Colombo",Colombo,Colombo 7,"Colombo 7, Colombo"
House for sale,136098190.0,7,6,3879.94,"Rathmalana, Colombo",Colombo,Rathmalana,"Rathmalana, Colombo"
House for sale,81321481.0,6,5,3693.7,"Mount Lavinia, Colombo",Colombo,Mount Lavinia,"Mount Lavinia, Colombo"
House for sale,78592576.0,8,6,4891.02,"Boralesgamuwa, Colombo",Colombo,Boralesgamuwa,"Boralesgamuwa, Colombo"
House for sale,129498686.0,9,6,3425.91,"Rathmalana, Colombo",Colombo,Rathmalana,"Rathmalana, Colombo"
House for sale,10559377.0,4,2,1293.99,"Moratuwa, Colombo",Colombo,Moratuwa,"Moratuwa, Colombo"
House for sale,115409452.0,5,3,4495.6,"Dehiwala, Colombo",Colombo,Dehiwala,"Dehiwala, Colombo"
House for sale,79525028.0,3,4,1771.88,"Bambalapitiya , Colombo",Colombo,Bambalapitiya ,"Bambalapitiya , Colombo"
House for sale,146753902.0,5,5,4555.83,"Nawala, Colombo",Colombo,Nawala,"Nawala, Colombo"
House for sale,68659990.0,4,4,3240.41,"Thalawathugoda, Colombo",Colombo,Thalawathugoda,"Thalawathugoda, Colombo"
House for sale,121620328.0,4,4,2886.1,"Kohuwala, Colombo",Colombo,Kohuwala,"Kohuwala, Colombo"
House for sale,40256200.0,4,5,4177.24,"Maharagama, Colombo",Colombo,Maharagama,"Maharagama, Colombo"
House for sale,159353864.0,5,4,5076.54,"Pitakotte, Colombo",Colombo,Pitakotte,"Pitakotte, Colombo"
House for sale,56327383.0,4,3,2476.24,"Dehiwala, Colombo",Colombo,Dehiwala,"Dehiwala, Colombo"
Villa for sale,53951260.0,4,3,2017.37,"Homagama, Colombo",Colombo,Homagama,"Homagama, Colombo"
House for sale,133821863.0,5,5,3965.34,"Bambalapitiya , Colombo",Colombo,Bambalapitiya ,"Bambalapitiya , Colombo"
House for sale,34322382.0,5,4,4206.01,"Awissawella, Colombo",Colombo,Awissawella,"Awissawella, Colombo"
House for sale,182846997.0,6,3,4073.97,"Nugegoda, Colombo",Colombo,Nugegoda,"Nugegoda, Colombo"
House for sale,24460662.0,4,3,2997.51,"Kaduwela, Colombo",Colombo,Kaduwela,"Kaduwela, Colombo"
Villa for sale,33936059.0,4,4,1941.59,"Kottawa, Colombo",Colombo,Kottawa,"Kottawa, Colombo"
House for sale,78275440.0,6,4,3951.82,"Pitakotte, Colombo",Colombo,Pitakotte,"Pitakotte, Colombo"
House for sale,84503120.0,4,3,4218.92,"Dehiwala, Colombo",Colombo,Dehiwala,"Dehiwala, Colombo"
House for sale,164182665.0,8,6,3733.91,"Rathmalana, Colombo",Colombo,Rathmalana,"Rathmalana, Colombo"
House for sale,28100387.0,4,3,1554.62,"Padukka, Colombo",Colombo,Padukka,"Padukka, Colombo"
House for sale,114801035.0,4,3,4147.08,"Nugegoda, Colombo",Colombo,Nugegoda,"Nugegoda, Colombo"
House for sale,161865008.0,5,4,3606.48,"Mount Lavinia, Colombo",Colombo,Mount Lavinia,"Mount Lavinia, Colombo"
House for sale,404819885.0,9,9,9019.7,"Pamankada, Colombo",Colombo,Pamankada,"Pamankada, Colombo"
House for sale,56229241.0,5,4,4139.82,"Kothalawala, Colombo",Colombo,Kothalawala,"Kothalawala, Colombo"
House for sale,129732293.0,5,4,6064.98,"Nugegoda, Colombo",Colombo,Nugegoda,"Nugegoda, Colombo"
House for sale,36231275.0,5,5,992.84,"Colombo 9, Colombo",Colombo,Colombo 9,"Colombo 9, Colombo"
House for sale,86691868.0,7,6,5362.78,"Battaramulla, Colombo",Colombo,Battaramulla,"Battaramulla, Colombo"
House for sale,41691128.0,6,4,2133.94,"Wellampitiya, Colombo",Colombo,Wellampitiya,"Wellampitiya, Colombo"
House for sale,102063362.0,5,5,4816.97,"Nugegoda, Colombo",Colombo,Nugegoda,"Nugegoda, Colombo"
House for sale,63387153.0,6,4,3941.26,"Pitakotte, Colombo",Colombo,Pitakotte,"Pitakotte, Colombo"
House for sale,76839873.0,5,3,3394.06,"Rathmalana, Colombo",Colombo,Rathmalana,"Rathmalana, Colombo"
House for sale,72532310.0,4,3,2682.05,"Dehiwala, Colombo",Colombo,Dehiwala,"Dehiwala, Colombo"
House for sale,25120755.0,3,3,1275.68,"Makumbura, Colombo",Colombo,Makumbura,"Makumbura, Colombo"
House for sale,197784667.0,6,5,5263.18,"Colombo 7, Colombo",Colombo,Colombo 7,"Colombo 7, Colombo"
House for sale,134341363.0,4,4,2993.23,"Kohuwala, Colombo",Colombo,Kohuwala,"Kohuwala, Colombo"
House for sale,19402433.0,5,3,2377.66,"Colombo 8, Colombo",Colombo,Colombo 8,"Colombo 8, Colombo"
House for sale,71437645.0,3,4,4083.46,"Rathmalana, Colombo",Colombo,Rathmalana,"Rathmalana, Colombo"
House for sale,63392072.0,8,6,4051.52,"Mount Lavinia, Colombo",Colombo,Mount Lavinia,"Mount Lavinia, Colombo"
House for sale,40242963.0,3,3,1720.84,"Homagama, Colombo",Colombo,Homagama,"Homagama, Colombo"
House for sale,52151958.0,3,2,2502.76,"Rathmalana, Colombo",Colombo,Rathmalana,"Rathmalana, Colombo"
House for sale,162612974.0,4,4,3623.14,"Nawala, Colombo",Colombo,Nawala,"Nawala, Colombo"
House for sale,24200651.0,3,3,2200.7,"Polgasovita, Colombo",Colombo,Polgasovita,"Polgasovita, Colombo"
House for sale,14317726.0,1,2,1244.71,"Kothalawala, Colombo",Colombo,Kothalawala,"Kothalawala, Colombo"
House for sale,26500000.0,3,2,2210.0,"Jaliyagama Road, Polgasovita",Colombo,Polgasovita,"Jaliyagama Road, Polgasovita"
House for sale,70331016.0,3,4,2570.9,"Dehiwala, Colombo",Colombo,Dehiwala,"Dehiwala, Colombo"
House for sale,143224365.0,4,4,4149.86,"Mount Lavinia, Colombo",Colombo,Mount Lavinia,"Mount Lavinia, Colombo"
House for sale,29664105.0,6,4,3635.17,"Mount Lavinia, Colombo",Colombo,Mount Lavinia,"Mount Lavinia, Colombo"
House for sale,33372308.0,4,3,1593.52,"Malabe, Colombo",Colombo,Malabe,"Malabe, Colombo"
House for sale,51593103.0,4,4,2142.35,"Colombo 9, Colombo",Colombo,Colombo 9,"Colombo 9, Colombo"
House for sale,28654316.0,1,1,2590.91,"Nawala, Colombo",Colombo,Nawala,"Nawala, Colombo"
House for sale,113427876.0,4,5,2527.26,"Colombo 6, Colombo",Colombo,Colombo 6,"Colombo 6, Colombo"
Villa for sale,106468691.0,5,5,5346.71,"Moratuwa, Colombo",Colombo,Moratuwa,"Moratuwa, Colombo"
House for sale,324921651.0,7,5,9019.7,"Nugegoda, Colombo",Colombo,Nugegoda,"Nugegoda, Colombo"
House for sale,48332541.0,5,5,3689.91,"Thalawathugoda, Colombo",Colombo,Thalawathugoda,"Thalawathugoda, Colombo"
House for sale,18515691.0,2,2,1134.83,"Homagama, Colombo",Colombo,Homagama,"Homagama, Colombo"
House for sale,16963932.0,3,3,1297.42,"Homagama, Colombo",Colombo,Homagama,"Homagama, Colombo"
House for sale,108445575.0,4,3,4279.92,"Dehiwala, Colombo",Colombo,Dehiwala,"Dehiwala, Colombo"
House for sale,47044593.0,4,3,1680.19,"Homagama, Colombo",Colombo,Homagama,"Homagama, Colombo"
House for sale,114431078.0,5,3,5577.57,"Dematagoda, Colombo",Colombo,Dematagoda,"Dematagoda, Colombo"
House for sale,83003226.0,4,3,5104.32,"Pamankada, Colombo",Colombo,Pamankada,"Pamankada, Colombo"
House for sale,42080118.0,4,3,2807.79,"Maharagama, Colombo",Colombo,Maharagama,"Maharagama, Colombo"
House for sale,21768472.0,5,3,2308.7,"Colombo 8, Colombo",Colombo,Colombo 8,"Colombo 8, Colombo"
House for sale,219409942.0,5,4,4888.62,"Colombo 7, Colombo",Colombo,Colombo 7,"Colombo 7, Colombo"
House for sale,73019240.0,5,3,3037.78,"Kirulapona, Colombo",Colombo,Kirulapona,"Kirulapona, Colombo"
House for sale,13942776.0,4,3,896.0,"Piliyandala, Colombo",Colombo,Piliyandala,"Piliyandala, Colombo"
House for sale,89000000.0,5,4,2460.0,"Dehiwala, Colombo",Colombo,Dehiwala,"Dehiwala, Colombo"
House for sale,277541337.0,10,8,9019.7,"Battaramulla, Colombo",Colombo,Battaramulla,"Battaramulla, Colombo"
House for sale,26325875.0,3,3,1485.47,"Kesbewa, Colombo",Colombo,Kesbewa,"Kesbewa, Colombo"
House for sale,125768071.0,5,5,3103.81,"Pamankada, Colombo",Colombo,Pamankada,"Pamankada, Colombo"
House for sale,171514922.0,3,3,3821.49,"Boralesgamuwa, Colombo",Colombo,Boralesgamuwa,"Boralesgamuwa, Colombo"
House for sale,125501671.0,6,6,2796.27,"Nawala, Colombo",Colombo,Nawala,"Nawala, Colombo"
House for sale,70840024.0,3,2,2154.97,"Dehiwala, Colombo",Colombo,Dehiwala,"Dehiwala, Colombo"
House for sale,131451920.0,5,5,3214.43,"Nawala, Colombo",Colombo,Nawala,"Nawala, Colombo"
Villa for sale,214217412.0,5,5,4772.93,"Pamankada, Colombo",Colombo,Pamankada,"Pamankada, Colombo"
House for sale,37190399.0,4,3,2839.99,"Kaduwela, Colombo",Colombo,Kaduwela,"Kaduwela, Colombo"
House for sale,121116056.0,9,6,4741.1,"Kothalawala, Colombo",Colombo,Kothalawala,"Kothalawala, Colombo"
House for sale,37564370.0,4,4,3083.41,"Maharagama, Colombo",Colombo,Maharagama,"Maharagama, Colombo"
House for sale,42880486.0,3,3,2098.22,"Moratuwa, Colombo",Colombo,Moratuwa,"Moratuwa, Colombo"
House for sale,107580049.0,4,2,4473.01,"Kottawa, Colombo",Colombo,Kottawa,"Kottawa, Colombo"
House for sale,404819885.0,9,9,9019.7,"Dematagoda, Colombo",Colombo,Dematagoda,"Dematagoda, Colombo"
House for sale,33893130.0,6,4,4091.25,"Makadana, Colombo",Colombo,Makadana,"Makadana, Colombo"
House for sale,12577442.0,4,4,913.01,"Wellampitiya, Colombo",Colombo,Wellampitiya,"Wellampitiya, Colombo"
House for sale,122806152.0,5,4,4098.33,"Pitakotte, Colombo",Colombo,Pitakotte,"Pitakotte, Colombo"
House for sale,56044290.0,4,4,4089.07,"Thalawathugoda, Colombo",Colombo,Thalawathugoda,"Thalawathugoda, Colombo"
House for sale,98305340.0,4,4,4278.2,"Nugegoda, Colombo",Colombo,Nugegoda,"Nugegoda, Colombo"
House for sale,35062417.0,3,3,1974.95,"Wellampitiya, Colombo",Colombo,Wellampitiya,"Wellampitiya, Colombo"
House for sale,122437314.0,5,4,5062.44,"Nugegoda, Colombo",Colombo,Nugegoda,"Nugegoda, Colombo"
House for sale,32249067.0,5,3,2529.9,"Piliyandala, Colombo",Colombo,Piliyandala,"Piliyandala, Colombo"
House for sale,61457028.0,4,4,3847.87,"Kothalawala, Colombo",Colombo,Kothalawala,"Kothalawala, Colombo"
House for sale,59081744.0,3,2,1946.79,"Dehiwala, Colombo",Colombo,Dehiwala,"Dehiwala, Colombo"
House for sale,22500000.0,3,2,1275.0,"Kottawa, Makumbura",Colombo,Makumbura,"Kottawa, Makumbura"
House for sale,195976477.0,3,4,4366.51,"Nugegoda, Colombo",Colombo,Nugegoda,"Nugegoda, Colombo"
House for sale,58270173.0,2,3,1298.3,"Nawala, Colombo",Colombo,Nawala,"Nawala, Colombo"
House for sale,31327448.0,3,3,3024.12,"Piliyandala, Colombo",Colombo,Piliyandala,"Piliyandala, Colombo"
House for sale,404819885.0,7,5,9019.7,"Dematagoda, Colombo",Colombo,Dematagoda,"Dematagoda, Colombo"
House for sale,55074117.0,5,5,2982.48,"Thalawathugoda, Colombo",Colombo,Thalawathugoda,"Thalawathugoda, Colombo"
House for sale,26294655.0,3,3,1471.59,"Thalawathugoda, Colombo",Colombo,Thalawathugoda,"Thalawathugoda, Colombo"
House for sale,403820970.0,7,5,8997.44,"Colombo 7, Colombo",Colombo,Colombo 7,"Colombo 7, Colombo"
House for sale,37254972.0,5,5,3408.46,"Pitakotte, Colombo",Colombo,Pitakotte,"Pitakotte, Colombo"
House for sale,301562007.0,7,6,8013.19,"Nugegoda, Colombo",Colombo,Nugegoda,"Nugegoda, Colombo"
House for sale,22849452.0,4,2,2229.56,"Piliyandala, Colombo",Colombo,Piliyandala,"Piliyandala, Colombo"
House for sale,118147161.0,3,3,3386.87,"Kohuwala, Colombo",Colombo,Kohuwala,"Kohuwala, Colombo"
House for sale,40384717.0,4,4,4948.91,"Awissawella, Colombo",Colombo,Awissawella,"Awissawella, Colombo"
House for sale,328192825.0,10,8,8382.63,"Battaramulla, Colombo",Colombo,Battaramulla,"Battaramulla, Colombo"
House for sale,81796326.0,5,4,1822.49,"Nawala, Colombo",Colombo,Nawala,"Nawala, Colombo"
House for sale,83700298.0,4,4,1908.72,"Dehiwala, Colombo",Colombo,Dehiwala,"Dehiwala, Colombo"
House for sale,30211367.0,3,2,2703.37,"Boralesgamuwa, Colombo",Colombo,Boralesgamuwa,"Boralesgamuwa, Colombo"
House for sale,24112321.0,5,4,2659.19,"Kaduwela, Colombo",Colombo,Kaduwela,"Kaduwela, Colombo"
House for sale,30782681.0,4,2,1491.48,"Athurugiriya, Colombo",Colombo,Athurugiriya,"Athurugiriya, Colombo"
House for sale,63233962.0,4,5,3566.95,"Kirulapona, Colombo",Colombo,Kirulapona,"Kirulapona, Colombo"
House for sale,11359773.0,3,3,1089.67,"Wellampitiya, Colombo",Colombo,Wellampitiya,"Wellampitiya, Colombo"
House for sale,83435317.0,5,5,5365.1,"Moratuwa, Colombo",Colombo,Moratuwa,"Moratuwa, Colombo"
House for sale,30223928.0,4,4,2638.25,"Homagama, Colombo",Colombo,Homagama,"Homagama, Colombo"
House for sale,156009742.0,8,6,3859.2,"Rathmalana, Colombo",Colombo,Rathmalana,"Rathmalana, Colombo"
House for sale,65322696.0,4,5,2814.77,"Rathmalana, Colombo",Colombo,Rathmalana,"Rathmalana, Colombo"
House for sale,76328939.0,5,5,3032.96,"Pitakotte, Colombo",Colombo,Pitakotte,"Pitakotte, Colombo"
House for sale,50102048.0,3,3,2611.17,"Kaduwela, Colombo",Colombo,Kaduwela,"Kaduwela, Colombo"
House for sale,55605597.0,4,3,1671.74,"Morakatiya, Colombo",Colombo,Morakatiya,"Morakatiya, Colombo"
House for sale,33753787.0,6,4,4136.33,"Maharagama, Colombo",Colombo,Maharagama,"Maharagama, Colombo"
House for sale,46935550.0,3,2,3278.48,"Thalawathugoda, Colombo",Colombo,Thalawathugoda,"Thalawathugoda, Colombo"
House for sale,27634168.0,3,3,2287.92,"Kottawa, Colombo",Colombo,Kottawa,"Kottawa, Colombo"
House for sale,75000000.0,4,2,3000.0,"Kirulapona Avenue, Colombo 6",Colombo,Kirulapona,"Kirulapona Avenue, Colombo 6"
House for sale,189712057.0,3,4,4226.93,"Nawala, Colombo",Colombo,Nawala,"Nawala, Colombo"
House for sale,34942733.0,6,4,4282.03,"Mount Lavinia, Colombo",Colombo,Mount Lavinia,"Mount Lavinia, Colombo"
House for sale,63697074.0,5,4,3499.87,"Thalawathugoda, Colombo",Colombo,Thalawathugoda,"Thalawathugoda, Colombo"
House for sale,40869602.0,4,4,3580.52,"Kesbewa, Colombo",Colombo,Kesbewa,"Kesbewa, Colombo"
House for sale,19507637.0,5,3,2390.55,"Pannipitiya, Colombo",Colombo,Pannipitiya,"Pannipitiya, Colombo"
House for sale,76723712.0,6,5,4292.31,"Kottawa, Colombo",Colombo,Kottawa,"Kottawa, Colombo"
House for sale,29754454.0,4,3,2686.6,"Awissawella, Colombo",Colombo,Awissawella,"Awissawella, Colombo"
House for sale,110205382.0,7,6,3565.25,"Rathmalana, Colombo",Colombo,Rathmalana,"Rathmalana, Colombo"
House for sale,192256337.0,3,4,4283.62,"Nugegoda, Colombo",Colombo,Nugegoda,"Nugegoda, Colombo"
House for sale,10705135.0,3,2,1311.85,"Padukka, Colombo",Colombo,Padukka,"Padukka, Colombo"
House for sale,224239617.0,5,5,5008.91,"Colombo 7, Colombo",Colombo,Colombo 7,"Colombo 7, Colombo"
House for sale,142567526.0,5,5,5022.96,"Moratuwa, Colombo",Colombo,Moratuwa,"Moratuwa, Colombo"
House for sale,116438082.0,4,4,4768.62,"Maharagama, Colombo",Colombo,Maharagama,"Maharagama, Colombo"
House for sale,85710495.0,4,4,3769.03,"Pitakotte, Colombo",Colombo,Pitakotte,"Pitakotte, Colombo"
House for sale,61230852.0,4,4,3783.38,"Dehiwala, Colombo",Colombo,Dehiwala,"Dehiwala, Colombo"
House for sale,10733830.0,2,1,1315.37,"Padukka, Colombo",Colombo,Padukka,"Padukka, Colombo"
House for sale,80381526.0,5,4,3916.16,"Nugegoda, Colombo",Colombo,Nugegoda,"Nugegoda, Colombo"
House for sale,39674424.0,4,3,896.0,"Nugegoda, Colombo",Colombo,Nugegoda,"Nugegoda, Colombo"
House for sale,283364999.0,9,8,9019.7,"Battaramulla, Colombo",Colombo,Battaramulla,"Battaramulla, Colombo"
House for sale,81000574.0,5,5,3747.83,"Rathmalana, Colombo",Colombo,Rathmalana,"Rathmalana, Colombo"
House for sale,71985704.0,3,4,1603.9,"Bambalapitiya , Colombo",Colombo,Bambalapitiya ,"Bambalapitiya , Colombo"
House for sale,400000000.0,5,5,8000.0,"Kohuwala, Colombo",Colombo,Kohuwala,"Kohuwala, Colombo"
House for sale,163824776.0,4,4,3650.14,"Nugegoda, Colombo",Colombo,Nugegoda,"Nugegoda, Colombo"
House for sale,247175070.0,7,6,8060.46,"Nugegoda, Colombo",Colombo,Nugegoda,"Nugegoda, Colombo"
House for sale,277520918.0,9,8,9019.7,"Battaramulla, Colombo",Colombo,Battaramulla,"Battaramulla, Colombo"
House for sale,71306181.0,3,3,3079.02,"Rathmalana, Colombo",Colombo,Rathmalana,"Rathmalana, Colombo"
House for sale,23324880.0,3,3,1623.53,"Kesbewa, Colombo",Colombo,Kesbewa,"Kesbewa, Colombo"
House for sale,14937626.0,2,2,896.0,"Kolonnawa, Colombo",Colombo,Kolonnawa,"Kolonnawa, Colombo"
House for sale,40803022.0,4,2,2205.15,"Kaduwela, Colombo",Colombo,Kaduwela,"Kaduwela, Colombo"
House for sale,313518813.0,8,6,9019.7,"Nugegoda, Colombo",Colombo,Nugegoda,"Nugegoda, Colombo"
House for sale,85845218.0,7,6,6247.74,"Colombo 7, Colombo",Colombo,Colombo 7,"Colombo 7, Colombo"
House for sale,76977899.0,4,4,2909.14,"Pitakotte, Colombo",Colombo,Pitakotte,"Pitakotte, Colombo"
House for sale,68212126.0,4,3,3366.89,"Rathmalana, Colombo",Colombo,Rathmalana,"Rathmalana, Colombo"
House for sale,41594557.0,4,4,4013.46,"Morakatiya, Colombo",Colombo,Morakatiya,"Morakatiya, Colombo"
House for sale,52798701.0,4,4,3659.69,"Thalawathugoda, Colombo",Colombo,Thalawathugoda,"Thalawathugoda, Colombo"
House for sale,181889459.0,4,4,4052.64,"Colombo 7, Colombo",Colombo,Colombo 7,"Colombo 7, Colombo"
House for sale,23200413.0,3,3,1549.66,"Moratuwa, Colombo",Colombo,Moratuwa,"Moratuwa, Colombo"
House for sale,40698236.0,5,3,4860.08,"Malabe, Colombo",Colombo,Malabe,"Malabe, Colombo"
House for sale,154660961.0,4,3,4427.57,"Dehiwala, Colombo",Colombo,Dehiwala,"Dehiwala, Colombo"
House for sale,72646285.0,5,3,3119.64,"Dehiwala, Colombo",Colombo,Dehiwala,"Dehiwala, Colombo"
House for sale,33783642.0,6,4,4139.99,"Awissawella, Colombo",Colombo,Awissawella,"Awissawella, Colombo"
House for sale,42080593.0,4,3,3225.97,"Maharagama, Colombo",Colombo,Maharagama,"Maharagama, Colombo"
House for sale,25327079.0,6,4,2437.61,"Colombo 8, Colombo",Colombo,Colombo 8,"Colombo 8, Colombo"
House for sale,404819885.0,9,5,9019.7,"Colombo 7, Colombo",Colombo,Colombo 7,"Colombo 7, Colombo"
House for sale,53702604.0,4,3,1828.65,"Wellampitiya, Colombo",Colombo,Wellampitiya,"Wellampitiya, Colombo"
Villa for sale,15346394.0,2,1,1066.57,"Mount Lavinia, Colombo",Colombo,Mount Lavinia,"Mount Lavinia, Colombo"
House for sale,107518202.0,4,2,4290.36,"Kottawa, Colombo",Colombo,Kottawa,"Kottawa, Colombo"
House for sale,38088001.0,5,3,3796.13,"Makadana, Colombo",Colombo,Makadana,"Makadana, Colombo"
House for sale,48204567.0,3,3,1771.46,"Colombo 9, Colombo",Colombo,Colombo 9,"Colombo 9, Colombo"
House for sale,72247672.0,8,6,5792.96,"Boralesgamuwa, Colombo",Colombo,Boralesgamuwa,"Boralesgamuwa, Colombo"
House for sale,41895434.0,3,2,3538.43,"Thalawathugoda, Colombo",Colombo,Thalawathugoda,"Thalawathugoda, Colombo"
House for sale,39239196.0,5,4,2219.66,"Maththegoda, Colombo",Colombo,Maththegoda,"Maththegoda, Colombo"
House for sale,272378840.0,5,5,6068.81,"Dehiwala, Colombo",Colombo,Dehiwala,"Dehiwala, Colombo"
House for sale,92242828.0,4,4,3827.26,"Nugegoda, Colombo",Colombo,Nugegoda,"Nugegoda, Colombo"
House for sale,65297300.0,4,4,4045.67,"Thalawathugoda, Colombo",Colombo,Thalawathugoda,"Thalawathugoda, Colombo"
House for sale,102089697.0,5,4,3739.76,"Pitakotte, Colombo",Colombo,Pitakotte,"Pitakotte, Colombo"
House for sale,89571814.0,6,6,4384.33,"Boralesgamuwa, Colombo",Colombo,Boralesgamuwa,"Boralesgamuwa, Colombo"
House for sale,310274902.0,9,8,6913.16,"Boralesgamuwa, Colombo",Colombo,Boralesgamuwa,"Boralesgamuwa, Colombo"
House for sale,30945537.0,5,3,2248.36,"Wellampitiya, Colombo",Colombo,Wellampitiya,"Wellampitiya, Colombo"
House for sale,46139232.0,4,3,2299.36,"Wellampitiya, Colombo",Colombo,Wellampitiya,"Wellampitiya, Colombo"
House for sale,51810383.0,4,4,3458.12,"Thalawathugoda, Colombo",Colombo,Thalawathugoda,"Thalawathugoda, Colombo"
House for sale,63430122.0,4,3,2926.27,"Pitakotte, Colombo",Colombo,Pitakotte,"Pitakotte, Colombo"
House for sale,37312784.0,3,2,1435.54,"Maharagama, Colombo",Colombo,Maharagama,"Maharagama, Colombo"
House for sale,75000000.0,4,5,3500.0,"Ebart Lane, off Galle Road, Rathmalana",Colombo,Rathmalana,"Ebart Lane, off Galle Road, Rathmalana"
House for sale,130017795.0,3,3,3787.51,"Moratuwa, Colombo",Colombo,Moratuwa,"Moratuwa, Colombo"
House for sale,153726681.0,8,6,3527.34,"Rathmalana, Colombo",Colombo,Rathmalana,"Rathmalana, Colombo"
House for sale,58320541.0,5,5,3539.65,"Thalawathugoda, Colombo",Colombo,Thalawathugoda,"Thalawathugoda, Colombo"
House for sale,23032001.0,2,2,1042.39,"Kesbewa, Colombo",Colombo,Kesbewa,"Kesbewa, Colombo"
House for sale,31430991.0,3,3,1919.53,"Pannipitiya, Colombo",Colombo,Pannipitiya,"Pannipitiya, Colombo"
House for sale,221341874.0,4,4,4931.67,"Bambalapitiya , Colombo",Colombo,Bambalapitiya ,"Bambalapitiya , Colombo"
House for sale,8268706.0,3,1,896.0,"Wellampitiya, Colombo",Colombo,Wellampitiya,"Wellampitiya, Colombo"
House for sale,49100019.0,4,3,3814.56,"Kottawa, Colombo",Colombo,Kottawa,"Kottawa, Colombo"
House for sale,35006418.0,3,2,1241.99,"Maharagama, Colombo",Colombo,Maharagama,"Maharagama, Colombo"
House for sale,7777000.0,3,2,896.0,"Wellampitiya, Colombo",Colombo,Wellampitiya,"Wellampitiya, Colombo"
House for sale,24673034.0,6,4,2211.71,"Colombo 8, Colombo",Colombo,Colombo 8,"Colombo 8, Colombo"
House for sale,96710855.0,4,4,2588.99,"Dehiwala, Colombo",Colombo,Dehiwala,"Dehiwala, Colombo"
House for sale,329729041.0,6,5,7346.62,"Colombo 7, Colombo",Colombo,Colombo 7,"Colombo 7, Colombo"
House for sale,13335596.0,3,3,1065.95,"Wellampitiya, Colombo",Colombo,Wellampitiya,"Wellampitiya, Colombo"
House for sale,185097439.0,7,4,4124.11,"Colombo 7, Colombo",Colombo,Colombo 7,"Colombo 7, Colombo"
House for sale,16697063.0,1,1,1154.39,"Mount Lavinia, Colombo",Colombo,Mount Lavinia,"Mount Lavinia, Colombo"
House for sale,33062030.0,3,3,1059.58,"Nawala, Colombo",Colombo,Nawala,"Nawala, Colombo"
House for sale,85481949.0,5,5,4836.14,"Moratuwa, Colombo",Colombo,Moratuwa,"Moratuwa, Colombo"
House for sale,9697899.0,3,2,1188.42,"Padukka, Colombo",Colombo,Padukka,"Padukka, Colombo"
House for sale,343942417.0,9,8,8775.96,"Nawala, Colombo",Colombo,Nawala,"Nawala, Colombo"
House for sale,197482062.0,3,4,4400.05,"Pamankada, Colombo",Colombo,Pamankada,"Pamankada, Colombo"
House for sale,16308814.0,3,2,1071.32,"Mount Lavinia, Colombo",Colombo,Mount Lavinia,"Mount Lavinia, Colombo"
House for sale,43138992.0,3,3,2059.6,"Maharagama, Colombo",Colombo,Maharagama,"Maharagama, Colombo"
House for sale,30248169.0,3,2,2755.05,"Boralesgamuwa, Colombo",Colombo,Boralesgamuwa,"Boralesgamuwa, Colombo"
House for sale,96183168.0,4,3,3549.57,"Kottawa, Colombo",Colombo,Kottawa,"Kottawa, Colombo"
House for sale,22853967.0,1,3,1187.1,"Kolonnawa, Colombo",Colombo,Kolonnawa,"Kolonnawa, Colombo"
Villa for sale,85106011.0,4,4,2659.3,"Dehiwala, Colombo",Colombo,Dehiwala,"Dehiwala, Colombo"
House for sale,27993528.0,4,3,2169.78,"Pitakotte, Colombo",Colombo,Pitakotte,"Pitakotte, Colombo"
House for sale,236322445.0,5,5,5312.57,"Colombo 7, Colombo",Colombo,Colombo 7,"Colombo 7, Colombo"
Villa for sale,74344208.0,3,2,3270.62,"Kirulapona, Colombo",Colombo,Kirulapona,"Kirulapona, Colombo"
House for sale,87339487.0,4,3,2737.45,"Battaramulla, Colombo",Colombo,Battaramulla,"Battaramulla, Colombo"
House for sale,404819885.0,8,5,9019.7,"Boralesgamuwa, Colombo",Colombo,Boralesgamuwa,"Boralesgamuwa, Colombo"
House for sale,62921604.0,1,1,1401.94,"Pamankada, Colombo",Colombo,Pamankada,"Pamankada, Colombo"
House for sale,106350691.0,5,5,4828.45,"Moratuwa, Colombo",Colombo,Moratuwa,"Moratuwa, Colombo"
House for sale,47846355.0,5,3,2475.81,"Rathmalana, Colombo",Colombo,Rathmalana,"Rathmalana, Colombo"
House for sale,62884793.0,5,3,2215.23,"Wellampitiya, Colombo",Colombo,Wellampitiya,"Wellampitiya, Colombo"
House for sale,42292017.0,2,3,1746.52,"Moratuwa, Colombo",Colombo,Moratuwa,"Moratuwa, Colombo"
House for sale,307400534.0,9,8,8944.48,"Battaramulla, Colombo",Colombo,Battaramulla,"Battaramulla, Colombo"
House for sale,162058496.0,4,4,3610.79,"Nawala, Colombo",Colombo,Nawala,"Nawala, Colombo"
House for sale,22486270.0,4,3,2755.56,"Padukka, Colombo",Colombo,Padukka,"Padukka, Colombo"
House for sale,52444435.0,4,3,3325.75,"Morakatiya, Colombo",Colombo,Morakatiya,"Morakatiya, Colombo"
House for sale,40375849.0,3,3,1817.11,"Kolonnawa, Colombo",Colombo,Kolonnawa,"Kolonnawa, Colombo"
House for sale,55840635.0,4,4,3112.32,"Kothalawala, Colombo",Colombo,Kothalawala,"Kothalawala, Colombo"
House for sale,14500000.0,3,2,1400.0,"Kahathuduwa, Kesbewa",Colombo,Kesbewa,"Kahathuduwa, Kesbewa"
House for sale,29377383.0,3,2,1538.25,"Boralesgamuwa, Colombo",Colombo,Boralesgamuwa,"Boralesgamuwa, Colombo"
House for sale,75308851.0,5,4,2427.23,"Dehiwala, Colombo",Colombo,Dehiwala,"Dehiwala, Colombo"
House for sale,65000000.0,3,3,3011.0,"Moratuwa, Colombo",Colombo,Moratuwa,"Moratuwa, Colombo"
House for sale,63302593.0,3,4,3839.27,"Rathmalana, Colombo",Colombo,Rathmalana,"Rathmalana, Colombo"
House for sale,46879065.0,3,3,1044.5,"Colombo 7, Colombo",Colombo,Colombo 7,"Colombo 7, Colombo"
House for sale,345510326.0,6,5,8267.16,"Colombo 7, Colombo",Colombo,Colombo 7,"Colombo 7, Colombo"
House for sale,55711440.0,4,4,4152.46,"Thalawathugoda, Colombo",Colombo,Thalawathugoda,"Thalawathugoda, Colombo"
House for sale,136381909.0,6,5,4274.54,"Nawala, Colombo",Colombo,Nawala,"Nawala, Colombo"
House for sale,55884055.0,4,3,3370.36,"Kolonnawa, Colombo",Colombo,Kolonnawa,"Kolonnawa, Colombo"
House for sale,67571053.0,1,1,1505.54,"Pamankada, Colombo",Colombo,Pamankada,"Pamankada, Colombo"
House for sale,47312248.0,3,4,1054.15,"Nawala, Colombo",Colombo,Nawala,"Nawala, Colombo"
House for sale,82853004.0,4,4,4286.25,"Nugegoda, Colombo",Colombo,Nugegoda,"Nugegoda, Colombo"
House for sale,20863326.0,4,3,1644.5,"Kesbewa, Colombo",Colombo,Kesbewa,"Kesbewa, Colombo"
Villa for sale,98115012.0,4,4,2186.08,"Thalawathugoda, Colombo",Colombo,Thalawathugoda,"Thalawathugoda, Colombo"
House for sale,35196708.0,5,4,2571.94,"Kottawa, Colombo",Colombo,Kottawa,"Kottawa, Colombo"
House for sale,39422646.0,4,3,2240.1,"Makadana, Colombo",Colombo,Makadana,"Makadana, Colombo"
House for sale,34786645.0,5,4,4262.9,"Pitakotte, Colombo",Colombo,Pitakotte,"Pitakotte, Colombo"
House for sale,19611652.0,4,3,2403.3,"Padukka, Colombo",Colombo,Padukka,"Padukka, Colombo"
House for sale,59194274.0,3,2,3163.72,"Thalawathugoda, Colombo",Colombo,Thalawathugoda,"Thalawathugoda, Colombo"
House for sale,59177522.0,4,3,3341.36,"Thalawathugoda, Colombo",Colombo,Thalawathugoda,"Thalawathugoda, Colombo"
Villa for sale,133316980.0,6,4,3790.37,"Mount Lavinia, Colombo",Colombo,Mount Lavinia,"Mount Lavinia, Colombo"
House for sale,31155197.0,4,3,2523.61,"Piliyandala, Colombo",Colombo,Piliyandala,"Piliyandala, Colombo"
House for sale,25580974.0,2,2,1448.14,"Athurugiriya, Colombo",Colombo,Athurugiriya,"Athurugiriya, Colombo"
House for sale,29476237.0,3,2,1768.89,"Thalawathugoda, Colombo",Colombo,Thalawathugoda,"Thalawathugoda, Colombo"
House for sale,192538471.0,5,4,4289.91,"Colombo 7, Colombo",Colombo,Colombo 7,"Colombo 7, Colombo"
House for sale,39800000.0,4,3,1800.0,"Diyagama, Homagama",Colombo,Homagama,"Diyagama, Homagama"
House for sale,50195570.0,3,3,3295.59,"Kolonnawa, Colombo",Colombo,Kolonnawa,"Kolonnawa, Colombo"
House for sale,138045963.0,4,4,5332.63,"Dematagoda, Colombo",Colombo,Dematagoda,"Dematagoda, Colombo"
House for sale,88109060.0,4,3,2842.84,"Battaramulla, Colombo",Colombo,Battaramulla,"Battaramulla, Colombo"
House for sale,216253300.0,7,4,4818.29,"Colombo 7, Colombo",Colombo,Colombo 7,"Colombo 7, Colombo"
House for sale,33240718.0,4,3,1896.73,"Kottawa, Colombo",Colombo,Kottawa,"Kottawa, Colombo"
House for sale,41774948.0,4,3,2230.9,"Thalawathugoda, Colombo",Colombo,Thalawathugoda,"Thalawathugoda, Colombo"
House for sale,173147225.0,3,4,3857.85,"Nugegoda, Colombo",Colombo,Nugegoda,"Nugegoda, Colombo"
House for sale,199872233.0,3,4,4453.31,"Colombo 7, Colombo",Colombo,Colombo 7,"Colombo 7, Colombo"
House for sale,14098924.0,2,2,896.0,"Kolonnawa, Colombo",Colombo,Kolonnawa,"Kolonnawa, Colombo"
House for sale,55109638.0,5,5,3497.79,"Thalawathugoda, Colombo",Colombo,Thalawathugoda,"Thalawathugoda, Colombo"
House for sale,28547316.0,3,3,2090.78,"Wellampitiya, Colombo",Colombo,Wellampitiya,"Wellampitiya, Colombo"
House for sale,137951276.0,5,4,3090.99,"Kohuwala, Colombo",Colombo,Kohuwala,"Kohuwala, Colombo"
House for sale,91442467.0,4,5,3134.64,"Rathmalana, Colombo",Colombo,Rathmalana,"Rathmalana, Colombo"
House for sale,44840050.0,4,3,2256.19,"Wellampitiya, Colombo",Colombo,Wellampitiya,"Wellampitiya, Colombo"
House for sale,103483758.0,5,4,4496.54,"Nugegoda, Colombo",Colombo,Nugegoda,"Nugegoda, Colombo"
Villa for sale,18526420.0,4,3,1462.32,"Kesbewa, Colombo",Colombo,Kesbewa,"Kesbewa, Colombo"
House for sale,29778563.0,3,2,2542.97,"Pamankada, Colombo",Colombo,Pamankada,"Pamankada, Colombo"
House for sale,183417257.0,7,4,4086.68,"Colombo 7, Colombo",Colombo,Colombo 7,"Colombo 7, Colombo"
House for sale,40783337.0,4,4,4293.74,"Malabe, Colombo",Colombo,Malabe,"Malabe, Colombo"
House for sale,66425062.0,4,3,1743.48,"Colombo 9, Colombo",Colombo,Colombo 9,"Colombo 9, Colombo"
House for sale,11333397.0,4,2,1359.01,"Pannipitiya, Colombo",Colombo,Pannipitiya,"Pannipitiya, Colombo"
House for sale,206094401.0,4,4,4591.94,"Bambalapitiya , Colombo",Colombo,Bambalapitiya ,"Bambalapitiya , Colombo"
House for sale,101722087.0,5,3,3697.48,"Kottawa, Colombo",Colombo,Kottawa,"Kottawa, Colombo"
House for sale,28442759.0,2,2,1721.86,"Makumbura, Colombo",Colombo,Makumbura,"Makumbura, Colombo"
House for sale,94721768.0,3,2,4529.84,"Colombo 6, Colombo",Colombo,Colombo 6,"Colombo 6, Colombo"
House for sale,27018841.0,4,3,2643.5,"Piliyandala, Colombo",Colombo,Piliyandala,"Piliyandala, Colombo"
House for sale,14396356.0,3,2,1373.23,"Kesbewa, Colombo",Colombo,Kesbewa,"Kesbewa, Colombo"
House for sale,27178368.0,4,4,2364.16,"Kottawa, Colombo",Colombo,Kottawa,"Kottawa, Colombo"
House for sale,317780100.0,9,8,8897.65,"Battaramulla, Colombo",Colombo,Battaramulla,"Battaramulla, Colombo"
House for sale,21199443.0,2,2,1337.73,"Makumbura, Colombo",Colombo,Makumbura,"Makumbura, Colombo"
House for sale,50873404.0,5,3,4037.13,"Thalawathugoda, Colombo",Colombo,Thalawathugoda,"Thalawathugoda, Colombo"
House for sale,109320202.0,5,5,2885.37,"Nawala, Colombo",Colombo,Nawala,"Nawala, Colombo"
House for sale,52478408.0,3,4,3512.06,"Thalawathugoda, Colombo",Colombo,Thalawathugoda,"Thalawathugoda, Colombo"
House for sale,131406975.0,5,5,4910.3,"Nugegoda, Colombo",Colombo,Nugegoda,"Nugegoda, Colombo"
House for sale,39360169.0,4,4,2103.56,"Colombo 6, Colombo",Colombo,Colombo 6,"Colombo 6, Colombo"
House for sale,126342631.0,8,7,3959.54,"Rathmalana, Colombo",Colombo,Rathmalana,"Rathmalana, Colombo"
House for sale,139673668.0,8,7,3795.77,"Rathmalana, Colombo",Colombo,Rathmalana,"Rathmalana, Colombo"
House for sale,44079483.0,4,4,2273.98,"Battaramulla, Colombo",Colombo,Battaramulla,"Battaramulla, Colombo"
House for sale,36897770.0,2,1,2626.53,"Boralesgamuwa, Colombo",Colombo,Boralesgamuwa,"Boralesgamuwa, Colombo"
House for sale,130054244.0,4,4,4241.42,"Moratuwa, Colombo",Colombo,Moratuwa,"Moratuwa, Colombo"
House for sale,56404228.0,3,2,2291.34,"Malabe, Colombo",Colombo,Malabe,"Malabe, Colombo"
House for sale,17214306.0,3,2,896.0,"Kolonnawa, Colombo",Colombo,Kolonnawa,"Kolonnawa, Colombo"
House for sale,58353210.0,4,4,2760.55,"Thalawathugoda, Colombo",Colombo,Thalawathugoda,"Thalawathugoda, Colombo"
House for sale,86132100.0,5,3,3978.09,"Kottawa, Colombo",Colombo,Kottawa,"Kottawa, Colombo"
House for sale,123269788.0,3,4,3833.3,"Thalawathugoda, Colombo",Colombo,Thalawathugoda,"Thalawathugoda, Colombo"
House for sale,51077301.0,3,3,2056.15,"Moratuwa, Colombo",Colombo,Moratuwa,"Moratuwa, Colombo"
House for sale,40170696.0,4,3,3717.38,"Morakatiya, Colombo",Colombo,Morakatiya,"Morakatiya, Colombo"
House for sale,100002032.0,5,4,3348.28,"Nugegoda, Colombo",Colombo,Nugegoda,"Nugegoda, Colombo"
House for sale,43240022.0,2,3,1665.86,"Moratuwa, Colombo",Colombo,Moratuwa,"Moratuwa, Colombo"
House for sale,10835716.0,3,2,1327.85,"Padukka, Colombo",Colombo,Padukka,"Padukka, Colombo"
House for sale,118724544.0,5,6,2645.27,"Colombo 6, Colombo",Colombo,Colombo 6,"Colombo 6, Colombo"
House for sale,45006620.0,3,3,2834.4,"Maharagama, Colombo",Colombo,Maharagama,"Maharagama, Colombo"
House for sale,104545233.0,4,4,4561.87,"Dehiwala, Colombo",Colombo,Dehiwala,"Dehiwala, Colombo"
House for sale,29178499.0,6,4,3575.66,"Moratuwa, Colombo",Colombo,Moratuwa,"Moratuwa, Colombo"
House for sale,46816344.0,3,2,2609.21,"Rathmalana, Colombo",Colombo,Rathmalana,"Rathmalana, Colombo"
House for sale,53105125.0,5,4,2995.99,"Morakatiya, Colombo",Colombo,Morakatiya,"Morakatiya, Colombo"
House for sale,46362148.0,4,3,3002.52,"Thalawathugoda, Colombo",Colombo,Thalawathugoda,"Thalawathugoda, Colombo"
House for sale,25353125.0,2,3,2239.41,"Kolonnawa, Colombo",Colombo,Kolonnawa,"Kolonnawa, Colombo"
House for sale,230060421.0,5,5,5258.38,"Colombo 7, Colombo",Colombo,Colombo 7,"Colombo 7, Colombo"
House for sale,278908378.0,7,5,6214.29,"Colombo 7, Colombo",Colombo,Colombo 7,"Colombo 7, Colombo"
House for sale,34087424.0,3,3,1856.27,"Moratuwa, Colombo",Colombo,Moratuwa,"Moratuwa, Colombo"
House for sale,28490424.0,3,3,2413.89,"Kaduwela, Colombo",Colombo,Kaduwela,"Kaduwela, Colombo"
House for sale,60677424.0,5,3,3054.79,"Moratuwa, Colombo",Colombo,Moratuwa,"Moratuwa, Colombo"
House for sale,100184092.0,5,5,4629.03,"Moratuwa, Colombo",Colombo,Moratuwa,"Moratuwa, Colombo"
House for sale,71088181.0,5,5,4294.42,"Pitakotte, Colombo",Colombo,Pitakotte,"Pitakotte, Colombo"
House for sale,43914436.0,3,3,2096.84,"Wellampitiya, Colombo",Colombo,Wellampitiya,"Wellampitiya, Colombo"
House for sale,53828775.0,5,3,3141.81,"Awissawella, Colombo",Colombo,Awissawella,"Awissawella, Colombo"
House for sale,27367202.0,6,4,2625.05,"Colombo 8, Colombo",Colombo,Colombo 8,"Colombo 8, Colombo"
House for sale,35988896.0,3,3,2067.66,"Wellampitiya, Colombo",Colombo,Wellampitiya,"Wellampitiya, Colombo"
House for sale,26454595.0,3,2,1335.93,"Padukka, Colombo",Colombo,Padukka,"Padukka, Colombo"
House for sale,193047325.0,5,5,4301.24,"Colombo 7, Colombo",Colombo,Colombo 7,"Colombo 7, Colombo"
House for sale,14394810.0,3,2,1358.67,"Kesbewa, Colombo",Colombo,Kesbewa,"Kesbewa, Colombo"
House for sale,404819885.0,9,5,9019.7,"Colombo 7, Colombo",Colombo,Colombo 7,"Colombo 7, Colombo"
House for sale,35903258.0,4,3,2649.91,"Wellampitiya, Colombo",Colombo,Wellampitiya,"Wellampitiya, Colombo"
House for sale,227120490.0,6,5,5060.42,"Colombo 7, Colombo",Colombo,Colombo 7,"Colombo 7, Colombo"
House for sale,73729476.0,5,4,1642.75,"Bambalapitiya , Colombo",Colombo,Bambalapitiya ,"Bambalapitiya , Colombo"
House for sale,167157601.0,5,4,4313.17,"Mount Lavinia, Colombo",Colombo,Mount Lavinia,"Mount Lavinia, Colombo"
House for sale,12362028.0,1,1,1274.94,"Moratuwa, Colombo",Colombo,Moratuwa,"Moratuwa, Colombo"
House for sale,12717201.0,3,2,1558.42,"Moratuwa, Colombo",Colombo,Moratuwa,"Moratuwa, Colombo"
House for sale,19446294.0,2,2,1533.09,"Wellampitiya, Colombo",Colombo,Wellampitiya,"Wellampitiya, Colombo"
House for sale,61057957.0,4,4,3058.47,"Thalawathugoda, Colombo",Colombo,Thalawathugoda,"Thalawathugoda, Colombo"
House for sale,40393275.0,4,3,2107.03,"Moratuwa, Colombo",Colombo,Moratuwa,"Moratuwa, Colombo"
House for sale,19871229.0,3,3,1170.61,"Homagama, Colombo",Colombo,Homagama,"Homagama, Colombo"
House for sale,26806482.0,2,1,2407.67,"Boralesgamuwa, Colombo",Colombo,Boralesgamuwa,"Boralesgamuwa, Colombo"
House for sale,30516830.0,5,5,3739.66,"Mount Lavinia, Colombo",Colombo,Mount Lavinia,"Mount Lavinia, Colombo"
House for sale,76255711.0,3,5,3925.31,"Rathmalana, Colombo",Colombo,Rathmalana,"Rathmalana, Colombo"
House for sale,70845394.0,2,2,1578.49,"Pamankada, Colombo",Colombo,Pamankada,"Pamankada, Colombo"
House for sale,10000000.0,2,1,1200.0,"Homagama, Padukka",Colombo,Padukka,"Homagama, Padukka"
House for sale,39624172.0,4,5,2618.14,"Kolonnawa, Colombo",Colombo,Kolonnawa,"Kolonnawa, Colombo"
House for sale,77779545.0,5,5,3417.37,"Rathmalana, Colombo",Colombo,Rathmalana,"Rathmalana, Colombo"
House for sale,199228107.0,6,4,4438.96,"Colombo 7, Colombo",Colombo,Colombo 7,"Colombo 7, Colombo"
House for sale,38458400.0,5,4,2280.89,"Wellampitiya, Colombo",Colombo,Wellampitiya,"Wellampitiya, Colombo"
House for sale,190097981.0,3,4,4235.53,"Nugegoda, Colombo",Colombo,Nugegoda,"Nugegoda, Colombo"
House for sale,169935216.0,4,3,4179.49,"Rathmalana, Colombo",Colombo,Rathmalana,"Rathmalana, Colombo"
House for sale,16237817.0,1,2,896.0,"Makadana, Colombo",Colombo,Makadana,"Makadana, Colombo"
House for sale,20930347.0,6,4,2564.89,"Colombo 8, Colombo",Colombo,Colombo 8,"Colombo 8, Colombo"
House for sale,161551288.0,9,6,4209.32,"Rathmalana, Colombo",Colombo,Rathmalana,"Rathmalana, Colombo"
House for sale,25245713.0,6,3,2436.88,"Colombo 8, Colombo",Colombo,Colombo 8,"Colombo 8, Colombo"
Villa for sale,127274963.0,3,4,4299.39,"Moratuwa, Colombo",Colombo,Moratuwa,"Moratuwa, Colombo"
Villa for sale,31691781.0,5,4,3883.65,"Mount Lavinia, Colombo",Colombo,Mount Lavinia,"Mount Lavinia, Colombo"
House for sale,34190399.0,3,3,2028.96,"Kolonnawa, Colombo",Colombo,Kolonnawa,"Kolonnawa, Colombo"
House for sale,139547415.0,6,4,6107.91,"Nugegoda, Colombo",Colombo,Nugegoda,"Nugegoda, Colombo"
House for sale,26560260.0,6,3,2471.37,"Colombo 8, Colombo",Colombo,Colombo 8,"Colombo 8, Colombo"
House for sale,49702804.0,2,3,1107.42,"Nawala, Colombo",Colombo,Nawala,"Nawala, Colombo"
House for sale,70700150.0,5,3,1895.95,"Maharagama, Colombo",Colombo,Maharagama,"Maharagama, Colombo"
House for sale,41321747.0,3,2,2054.7,"Morakatiya, Colombo",Colombo,Morakatiya,"Morakatiya, Colombo"
House for sale,79168799.0,4,4,1763.94,"Bambalapitiya , Colombo",Colombo,Bambalapitiya ,"Bambalapitiya , Colombo"
House for sale,50936158.0,4,3,4152.56,"Kolonnawa, Colombo",Colombo,Kolonnawa,"Kolonnawa, Colombo"
House for sale,91503720.0,3,4,2113.04,"Dehiwala, Colombo",Colombo,Dehiwala,"Dehiwala, Colombo"
House for sale,372087566.0,7,5,8290.4,"Nugegoda, Colombo",Colombo,Nugegoda,"Nugegoda, Colombo"
House for sale,44175431.0,4,3,3932.29,"Kesbewa, Colombo",Colombo,Kesbewa,"Kesbewa, Colombo"
House for sale,110260233.0,4,3,4889.37,"Mount Lavinia, Colombo",Colombo,Mount Lavinia,"Mount Lavinia, Colombo"
House for sale,284924824.0,6,5,6348.35,"Colombo 7, Colombo",Colombo,Colombo 7,"Colombo 7, Colombo"
House for sale,34014484.0,6,4,4168.28,"Awissawella, Colombo",Colombo,Awissawella,"Awissawella, Colombo"
House for sale,83871044.0,4,4,1868.71,"Bambalapitiya , Colombo",Colombo,Bambalapitiya ,"Bambalapitiya , Colombo"
House for sale,39198356.0,2,3,1880.45,"Kolonnawa, Colombo",Colombo,Kolonnawa,"Kolonnawa, Colombo"
House for sale,55000000.0,4,4,3500.0,"Thalawathugoda, Colombo",Colombo,Thalawathugoda,"Thalawathugoda, Colombo"
House for sale,309723233.0,7,5,8300.4,"Pamankada, Colombo",Colombo,Pamankada,"Pamankada, Colombo"
House for sale,15795589.0,1,1,1068.86,"Mount Lavinia, Colombo",Colombo,Mount Lavinia,"Mount Lavinia, Colombo"
House for sale,13828902.0,3,1,1694.65,"Moratuwa, Colombo",Colombo,Moratuwa,"Moratuwa, Colombo"
House for sale,55528340.0,5,5,3321.29,"Rathmalana, Colombo",Colombo,Rathmalana,"Rathmalana, Colombo"
House for sale,58237138.0,3,3,3948.63,"Kaduwela, Colombo",Colombo,Kaduwela,"Kaduwela, Colombo"
House for sale,36979975.0,4,4,2281.0,"Wellampitiya, Colombo",Colombo,Wellampitiya,"Wellampitiya, Colombo"
House for sale,243294111.0,7,4,5420.78,"Colombo 7, Colombo",Colombo,Colombo 7,"Colombo 7, Colombo"
House for sale,68000000.0,4,3,3000.0,"Dehiwala, Colombo",Colombo,Dehiwala,"Dehiwala, Colombo"
House for sale,18312147.0,2,2,983.82,"Maththegoda, Colombo",Colombo,Maththegoda,"Maththegoda, Colombo"
House for sale,126648472.0,3,3,2961.35,"Kohuwala, Colombo",Colombo,Kohuwala,"Kohuwala, Colombo"
House for sale,30681559.0,2,2,1819.56,"Homagama, Colombo",Colombo,Homagama,"Homagama, Colombo"
House for sale,120612496.0,5,5,2687.34,"Colombo 6, Colombo",Colombo,Colombo 6,"Colombo 6, Colombo"
House for sale,42489161.0,4,3,1860.12,"Moratuwa, Colombo",Colombo,Moratuwa,"Moratuwa, Colombo"
House for sale,52696947.0,4,4,3957.32,"Thalawathugoda, Colombo",Colombo,Thalawathugoda,"Thalawathugoda, Colombo"
House for sale,38240700.0,6,4,4366.24,"Awissawella, Colombo",Colombo,Awissawella,"Awissawella, Colombo"
House for sale,71382500.0,3,3,3259.24,"Thalawathugoda, Colombo",Colombo,Thalawathugoda,"Thalawathugoda, Colombo"
House for sale,404819885.0,10,9,9019.7,"Dematagoda, Colombo",Colombo,Dematagoda,"Dematagoda, Colombo"
House for sale,13905786.0,4,2,1375.33,"Kesbewa, Colombo",Colombo,Kesbewa,"Kesbewa, Colombo"
House for sale,22275701.0,5,3,2622.35,"Colombo 8, Colombo",Colombo,Colombo 8,"Colombo 8, Colombo"
House for sale,37864342.0,3,2,1200.25,"Nugegoda, Colombo",Colombo,Nugegoda,"Nugegoda, Colombo"
House for sale,48339012.0,4,3,3196.98,"Kirulapona, Colombo",Colombo,Kirulapona,"Kirulapona, Colombo"
House for sale,130973129.0,6,4,5201.08,"Nugegoda, Colombo",Colombo,Nugegoda,"Nugegoda, Colombo"
House for sale,66945654.0,4,4,2704.01,"Pitakotte, Colombo",Colombo,Pitakotte,"Pitakotte, Colombo"
House for sale,351617459.0,7,5,8103.77,"Nugegoda, Colombo",Colombo,Nugegoda,"Nugegoda, Colombo"
Villa for sale,346717949.0,10,8,9019.7,"Battaramulla, Colombo",Colombo,Battaramulla,"Battaramulla, Colombo"
House for sale,12139200.0,3,3,1026.06,"Wellampitiya, Colombo",Colombo,Wellampitiya,"Wellampitiya, Colombo"
House for sale,150232374.0,5,3,4436.93,"Dehiwala, Colombo",Colombo,Dehiwala,"Dehiwala, Colombo"
House for sale,261756345.0,5,5,5832.13,"Colombo 7, Colombo",Colombo,Colombo 7,"Colombo 7, Colombo"
House for sale,312826922.0,10,8,8860.64,"Nugegoda, Colombo",Colombo,Nugegoda,"Nugegoda, Colombo"
House for sale,76203471.0,4,3,3351.77,"Kottawa, Colombo",Colombo,Kottawa,"Kottawa, Colombo"
House for sale,110000000.0,5,4,4200.0,"Wattegedara Road, Maharagama",Colombo,Maharagama,"Wattegedara Road, Maharagama"
Villa for sale,199727536.0,6,4,4450.08,"Colombo 7, Colombo",Colombo,Colombo 7,"Colombo 7, Colombo"
House for sale,115337639.0,4,5,2867.62,"Nawala, Colombo",Colombo,Nawala,"Nawala, Colombo"
House for sale,80118136.0,5,5,3338.1,"Mount Lavinia, Colombo",Colombo,Mount Lavinia,"Mount Lavinia, Colombo"
House for sale,30435050.0,5,4,2281.26,"Kaduwela, Colombo",Colombo,Kaduwela,"Kaduwela, Colombo"
House for sale,65320712.0,5,3,1729.46,"Maharagama, Colombo",Colombo,Maharagama,"Maharagama, Colombo"
House for sale,33352252.0,2,2,1495.44,"Boralesgamuwa, Colombo",Colombo,Boralesgamuwa,"Boralesgamuwa, Colombo"
House for sale,75124610.0,8,6,5111.67,"Boralesgamuwa, Colombo",Colombo,Boralesgamuwa,"Boralesgamuwa, Colombo"
House for sale,40706385.0,4,3,2334.67,"Wellampitiya, Colombo",Colombo,Wellampitiya,"Wellampitiya, Colombo"
House for sale,497000000.0,6,3,4000.0,"Bouddhaloka Mawatha, Colombo 07",Colombo,Colombo 7,"Bouddhaloka Mawatha, Colombo 07"
House for sale,82184775.0,4,3,2628.02,"Kirulapona, Colombo",Colombo,Kirulapona,"Kirulapona, Colombo"
House for sale,35843260.0,4,4,2587.59,"Maharagama, Colombo",Colombo,Maharagama,"Maharagama, Colombo"
House for sale,60926764.0,5,4,3397.83,"Moratuwa, Colombo",Colombo,Moratuwa,"Moratuwa, Colombo"
House for sale,28081625.0,3,2,2486.92,"Polgasovita, Colombo",Colombo,Polgasovita,"Polgasovita, Colombo"
House for sale,138462962.0,4,4,4964.5,"Moratuwa, Colombo",Colombo,Moratuwa,"Moratuwa, Colombo"
House for sale,88412250.0,3,4,2367.31,"Moratuwa, Colombo",Colombo,Moratuwa,"Moratuwa, Colombo"
House for sale,203252401.0,3,3,4528.62,"Colombo 6, Colombo",Colombo,Colombo 6,"Colombo 6, Colombo"
House for sale,62158915.0,4,3,1387.03,"Colombo 9, Colombo",Colombo,Colombo 9,"Colombo 9, Colombo"
House for sale,59525215.0,4,4,2888.33,"Kottawa, Colombo",Colombo,Kottawa,"Kottawa, Colombo"
House for sale,31824835.0,6,4,3899.95,"Kirulapona, Colombo",Colombo,Kirulapona,"Kirulapona, Colombo"
House for sale,104267521.0,8,6,3794.9,"Rathmalana, Colombo",Colombo,Rathmalana,"Rathmalana, Colombo"
House for sale,67302247.0,9,6,5398.81,"Mount Lavinia, Colombo",Colombo,Mount Lavinia,"Mount Lavinia, Colombo"
House for sale,44220484.0,5,4,3979.93,"Thalawathugoda, Colombo",Colombo,Thalawathugoda,"Thalawathugoda, Colombo"
Villa for sale,15682109.0,2,1,1012.37,"Mount Lavinia, Colombo",Colombo,Mount Lavinia,"Mount Lavinia, Colombo"
House for sale,10886912.0,4,2,1334.13,"Padukka, Colombo",Colombo,Padukka,"Padukka, Colombo"
House for sale,25364703.0,4,3,1403.0,"Makumbura, Colombo",Colombo,Makumbura,"Makumbura, Colombo"
House for sale,178047569.0,4,4,3967.04,"Nugegoda, Colombo",Colombo,Nugegoda,"Nugegoda, Colombo"
House for sale,17912716.0,1,2,896.0,"Makadana, Colombo",Colombo,Makadana,"Makadana, Colombo"
House for sale,32438178.0,5,3,3349.73,"Kaduwela, Colombo",Colombo,Kaduwela,"Kaduwela, Colombo"
House for sale,38249175.0,3,5,942.2,"Colombo 9, Colombo",Colombo,Colombo 9,"Colombo 9, Colombo"
House for sale,104505142.0,4,4,4189.4,"Maharagama, Colombo",Colombo,Maharagama,"Maharagama, Colombo"
House for sale,118924725.0,5,3,4010.75,"Dehiwala, Colombo",Colombo,Dehiwala,"Dehiwala, Colombo"
House for sale,86274692.0,3,2,1922.27,"Pamankada, Colombo",Colombo,Pamankada,"Pamankada, Colombo"
House for sale,14607638.0,3,2,896.0,"Kolonnawa, Colombo",Colombo,Kolonnawa,"Kolonnawa, Colombo"
House for sale,66514567.0,4,4,2694.18,"Dehiwala, Colombo",Colombo,Dehiwala,"Dehiwala, Colombo"
House for sale,33305257.0,4,3,2508.22,"Awissawella, Colombo",Colombo,Awissawella,"Awissawella, Colombo"
House for sale,68854314.0,4,4,3213.95,"Moratuwa, Colombo",Colombo,Moratuwa,"Moratuwa, Colombo"
Villa for sale,91731120.0,6,4,4820.38,"Nugegoda, Colombo",Colombo,Nugegoda,"Nugegoda, Colombo"
House for sale,114649350.0,4,4,5483.91,"Nugegoda, Colombo",Colombo,Nugegoda,"Nugegoda, Colombo"
House for sale,78627226.0,4,4,3116.29,"Pitakotte, Colombo",Colombo,Pitakotte,"Pitakotte, Colombo"
House for sale,172525779.0,6,3,3844.01,"Kohuwala, Colombo",Colombo,Kohuwala,"Kohuwala, Colombo"
House for sale,49353018.0,4,3,3509.66,"Kesbewa, Colombo",Colombo,Kesbewa,"Kesbewa, Colombo"
House for sale,26089779.0,3,2,1747.91,"Thalawathugoda, Colombo",Colombo,Thalawathugoda,"Thalawathugoda, Colombo"
House for sale,21050070.0,4,4,1671.85,"Kesbewa, Colombo",Colombo,Kesbewa,"Kesbewa, Colombo"
House for sale,33743972.0,1,2,1193.53,"Colombo 9, Colombo",Colombo,Colombo 9,"Colombo 9, Colombo"
House for sale,39342097.0,5,4,4821.15,"Awissawella, Colombo",Colombo,Awissawella,"Awissawella, Colombo"
House for sale,11501426.0,2,2,910.47,"Wellampitiya, Colombo",Colombo,Wellampitiya,"Wellampitiya, Colombo"
House for sale,187298358.0,4,4,4173.15,"Pamankada, Colombo",Colombo,Pamankada,"Pamankada, Colombo"
House for sale,95459553.0,5,5,3547.05,"Mount Lavinia, Colombo",Colombo,Mount Lavinia,"Mount Lavinia, Colombo"
House for sale,242161912.0,6,6,5395.55,"Pitakotte, Colombo",Colombo,Pitakotte,"Pitakotte, Colombo"
House for sale,14603617.0,1,1,1112.63,"Kottawa, Colombo",Colombo,Kottawa,"Kottawa, Colombo"
House for sale,37227252.0,2,2,1062.77,"Maharagama, Colombo",Colombo,Maharagama,"Maharagama, Colombo"
House for sale,55112283.0,5,3,2170.45,"Wellampitiya, Colombo",Colombo,Wellampitiya,"Wellampitiya, Colombo"
House for sale,31203818.0,2,2,2121.79,"Polgasovita, Colombo",Colombo,Polgasovita,"Polgasovita, Colombo"
House for sale,145000000.0,4,4,3517.0,"Boralesgamuwa, Colombo",Colombo,Boralesgamuwa,"Boralesgamuwa, Colombo"
Villa for sale,72508439.0,4,6,4315.19,"Boralesgamuwa, Colombo",Colombo,Boralesgamuwa,"Boralesgamuwa, Colombo"
House for sale,109943769.0,5,5,2613.62,"Dehiwala, Colombo",Colombo,Dehiwala,"Dehiwala, Colombo"
House for sale,117519078.0,5,6,2618.42,"Nugegoda, Colombo",Colombo,Nugegoda,"Nugegoda, Colombo"
House for sale,35173242.0,3,2,1703.84,"Thalawathugoda, Colombo",Colombo,Thalawathugoda,"Thalawathugoda, Colombo"
Villa for sale,100153801.0,6,5,6775.61,"Kirulapona, Colombo",Colombo,Kirulapona,"Kirulapona, Colombo"
Villa for sale,15877243.0,3,2,896.0,"Kolonnawa, Colombo",Colombo,Kolonnawa,"Kolonnawa, Colombo"
House for sale,46920552.0,5,3,3940.11,"Makadana, Colombo",Colombo,Makadana,"Makadana, Colombo"
House for sale,42069394.0,5,3,5155.36,"Awissawella, Colombo",Colombo,Awissawella,"Awissawella, Colombo"
House for sale,65979829.0,3,3,3020.95,"Moratuwa, Colombo",Colombo,Moratuwa,"Moratuwa, Colombo"
House for sale,114401954.0,3,4,2901.2,"Colombo 7, Colombo",Colombo,Colombo 7,"Colombo 7, Colombo"
House for sale,7777000.0,3,1,896.0,"Wellampitiya, Colombo",Colombo,Wellampitiya,"Wellampitiya, Colombo"
House for sale,55867435.0,3,3,2306.23,"Wellampitiya, Colombo",Colombo,Wellampitiya,"Wellampitiya, Colombo"
House for sale,63896644.0,3,4,3457.38,"Thalawathugoda, Colombo",Colombo,Thalawathugoda,"Thalawathugoda, Colombo"
House for sale,73387720.0,6,5,3117.65,"Rathmalana, Colombo",Colombo,Rathmalana,"Rathmalana, Colombo"
House for sale,9901582.0,2,1,1213.38,"Padukka, Colombo",Colombo,Padukka,"Padukka, Colombo"
House for sale,37118029.0,3,5,2555.3,"Morakatiya, Colombo",Colombo,Morakatiya,"Morakatiya, Colombo"
Villa for sale,12218721.0,5,3,896.0,"Wellampitiya, Colombo",Colombo,Wellampitiya,"Wellampitiya, Colombo"
Villa for sale,124615916.0,4,4,4995.13,"Nugegoda, Colombo",Colombo,Nugegoda,"Nugegoda, Colombo"
House for sale,171494798.0,6,4,3821.04,"Mount Lavinia, Colombo",Colombo,Mount Lavinia,"Mount Lavinia, Colombo"
House for sale,404819885.0,9,6,9019.7,"Nawala, Colombo",Colombo,Nawala,"Nawala, Colombo"
House for sale,153186536.0,5,5,3413.11,"Dematagoda, Colombo",Colombo,Dematagoda,"Dematagoda, Colombo"
House for sale,106491844.0,5,4,4758.78,"Homagama, Colombo",Colombo,Homagama,"Homagama, Colombo"
House for sale,37694032.0,4,5,2877.04,"Morakatiya, Colombo",Colombo,Morakatiya,"Morakatiya, Colombo"
House for sale,14623259.0,2,2,896.0,"Kolonnawa, Colombo",Colombo,Kolonnawa,"Kolonnawa, Colombo"
House for sale,46480815.0,5,3,2754.15,"Makadana, Colombo",Colombo,Makadana,"Makadana, Colombo"
House for sale,115948804.0,4,5,4651.85,"Boralesgamuwa, Colombo",Colombo,Boralesgamuwa,"Boralesgamuwa, Colombo"
House for sale,9164434.0,1,2,896.0,"Wellampitiya, Colombo",Colombo,Wellampitiya,"Wellampitiya, Colombo"
House for sale,194344387.0,6,5,4770.56,"Colombo 7, Colombo",Colombo,Colombo 7,"Colombo 7, Colombo"
House for sale,14268750.0,3,2,1748.55,"Moratuwa, Colombo",Colombo,Moratuwa,"Moratuwa, Colombo"
House for sale,106579289.0,5,5,4998.0,"Moratuwa, Colombo",Colombo,Moratuwa,"Moratuwa, Colombo"
House for sale,34662002.0,5,3,3825.68,"Malabe, Colombo",Colombo,Malabe,"Malabe, Colombo"
House for sale,33415325.0,5,5,3061.17,"Awissawella, Colombo",Colombo,Awissawella,"Awissawella, Colombo"
House for sale,90057691.0,6,5,4033.0,"Kottawa, Colombo",Colombo,Kottawa,"Kottawa, Colombo"
House for sale,60154126.0,3,3,3638.93,"Dehiwala, Colombo",Colombo,Dehiwala,"Dehiwala, Colombo"
House for sale,10956973.0,4,2,1342.71,"Padukka, Colombo",Colombo,Padukka,"Padukka, Colombo"
House for sale,30000000.0,3,2,1600.0,"Boralesgamuwa, Colombo",Colombo,Boralesgamuwa,"Boralesgamuwa, Colombo"
House for sale,35889998.0,4,3,4085.55,"Malabe, Colombo",Colombo,Malabe,"Malabe, Colombo"
House for sale,186789271.0,4,4,4406.52,"Nawala, Colombo",Colombo,Nawala,"Nawala, Colombo"
House for sale,219692144.0,5,5,6095.97,"Kohuwala, Colombo",Colombo,Kohuwala,"Kohuwala, Colombo"
House for sale,34822265.0,3,3,1487.77,"Kolonnawa, Colombo",Colombo,Kolonnawa,"Kolonnawa, Colombo"
House for sale,143668041.0,8,6,3810.43,"Rathmalana, Colombo",Colombo,Rathmalana,"Rathmalana, Colombo"
House for sale,114849682.0,4,4,2558.94,"Kohuwala, Colombo",Colombo,Kohuwala,"Kohuwala, Colombo"
House for sale,30848987.0,6,4,3780.37,"Pitakotte, Colombo",Colombo,Pitakotte,"Pitakotte, Colombo"
House for sale,11036396.0,2,1,1352.45,"Polgasovita, Colombo",Colombo,Polgasovita,"Polgasovita, Colombo"
House for sale,25961398.0,3,3,1468.35,"Piliyandala, Colombo",Colombo,Piliyandala,"Piliyandala, Colombo"
House for sale,16599229.0,1,2,1151.59,"Homagama, Colombo",Colombo,Homagama,"Homagama, Colombo"
House for sale,127246831.0,4,4,5216.99,"Moratuwa, Colombo",Colombo,Moratuwa,"Moratuwa, Colombo"
House for sale,76079622.0,3,4,1695.11,"Bambalapitiya , Colombo",Colombo,Bambalapitiya ,"Bambalapitiya , Colombo"
House for sale,30093479.0,2,3,2005.09,"Kolonnawa, Colombo",Colombo,Kolonnawa,"Kolonnawa, Colombo"
House for sale,168630351.0,4,4,3757.21,"Nawala, Colombo",Colombo,Nawala,"Nawala, Colombo"
House for sale,92719670.0,5,5,5134.33,"Nugegoda, Colombo",Colombo,Nugegoda,"Nugegoda, Colombo"
House for sale,86036955.0,6,4,3840.41,"Dehiwala, Colombo",Colombo,Dehiwala,"Dehiwala, Colombo"
House for sale,127604226.0,4,4,4176.1,"Boralesgamuwa, Colombo",Colombo,Boralesgamuwa,"Boralesgamuwa, Colombo"
House for sale,89666184.0,4,5,3246.92,"Rathmalana, Colombo",Colombo,Rathmalana,"Rathmalana, Colombo"
House for sale,37296917.0,5,3,3748.17,"Makadana, Colombo",Colombo,Makadana,"Makadana, Colombo"
House for sale,37431545.0,4,3,4587.02,"Awissawella, Colombo",Colombo,Awissawella,"Awissawella, Colombo"
House for sale,196303842.0,5,4,4373.8,"Kohuwala, Colombo",Colombo,Kohuwala,"Kohuwala, Colombo"
House for sale,17202916.0,2,2,1512.45,"Kesbewa, Colombo",Colombo,Kesbewa,"Kesbewa, Colombo"
House for sale,39822196.0,5,3,4879.98,"Morakatiya, Colombo",Colombo,Morakatiya,"Morakatiya, Colombo"
House for sale,81703051.0,7,6,6700.12,"Boralesgamuwa, Colombo",Colombo,Boralesgamuwa,"Boralesgamuwa, Colombo"
House for sale,28962403.0,1,2,991.95,"Maharagama, Colombo",Colombo,Maharagama,"Maharagama, Colombo"
House for sale,126373009.0,4,4,3348.01,"Rathmalana, Colombo",Colombo,Rathmalana,"Rathmalana, Colombo"
House for sale,47731249.0,4,3,2624.67,"Thalawathugoda, Colombo",Colombo,Thalawathugoda,"Thalawathugoda, Colombo"
House for sale,76622418.0,4,4,1707.21,"Bambalapitiya , Colombo",Colombo,Bambalapitiya ,"Bambalapitiya , Colombo"
House for sale,47302645.0,7,4,5796.67,"Awissawella, Colombo",Colombo,Awissawella,"Awissawella, Colombo"
House for sale,10756175.0,2,1,1318.11,"Padukka, Colombo",Colombo,Padukka,"Padukka, Colombo"
House for sale,13309496.0,3,3,955.53,"Wellampitiya, Colombo",Colombo,Wellampitiya,"Wellampitiya, Colombo"
House for sale,15332762.0,2,2,896.0,"Kolonnawa, Colombo",Colombo,Kolonnawa,"Kolonnawa, Colombo"
House for sale,66935612.0,3,3,3249.56,"Thalawathugoda, Colombo",Colombo,Thalawathugoda,"Thalawathugoda, Colombo"
House for sale,79183451.0,4,4,1764.27,"Bambalapitiya , Colombo",Colombo,Bambalapitiya ,"Bambalapitiya , Colombo"
House for sale,120502733.0,4,5,2684.89,"Colombo 6, Colombo",Colombo,Colombo 6,"Colombo 6, Colombo"
House for sale,25580512.0,4,3,1575.97,"Makumbura, Colombo",Colombo,Makumbura,"Makumbura, Colombo"
House for sale,77425688.0,4,3,3047.32,"Pitakotte, Colombo",Colombo,Pitakotte,"Pitakotte, Colombo"
House for sale,80056540.0,3,4,1783.72,"Bambalapitiya , Colombo",Colombo,Bambalapitiya ,"Bambalapitiya , Colombo"
House for sale,165867708.0,5,4,3695.66,"Mount Lavinia, Colombo",Colombo,Mount Lavinia,"Mount Lavinia, Colombo"
House for sale,47855579.0,4,3,2552.75,"Rathmalana, Colombo",Colombo,Rathmalana,"Rathmalana, Colombo"
House for sale,136210768.0,5,5,4932.37,"Pitakotte, Colombo",Colombo,Pitakotte,"Pitakotte, Colombo"
House for sale,25123154.0,4,3,2729.64,"Pannipitiya, Colombo",Colombo,Pannipitiya,"Pannipitiya, Colombo"
House for sale,263953816.0,7,5,9019.7,"Pamankada, Colombo",Colombo,Pamankada,"Pamankada, Colombo"
Villa for sale,198068661.0,4,4,4413.12,"Nugegoda, Colombo",Colombo,Nugegoda,"Nugegoda, Colombo"
House for sale,39327930.0,5,3,2635.26,"Makadana, Colombo",Colombo,Makadana,"Makadana, Colombo"
House for sale,26170144.0,6,4,3207.0,"Mount Lavinia, Colombo",Colombo,Mount Lavinia,"Mount Lavinia, Colombo"
House for sale,79550717.0,5,4,1772.45,"Bambalapitiya , Colombo",Colombo,Bambalapitiya ,"Bambalapitiya , Colombo"
Villa for sale,45622337.0,4,4,2246.67,"Wellampitiya, Colombo",Colombo,Wellampitiya,"Wellampitiya, Colombo"
House for sale,36925799.0,3,3,2844.77,"Kaduwela, Colombo",Colombo,Kaduwela,"Kaduwela, Colombo"
House for sale,267813672.0,6,5,5967.1,"Colombo 7, Colombo",Colombo,Colombo 7,"Colombo 7, Colombo"
House for sale,63235800.0,6,4,3399.87,"Battaramulla, Colombo",Colombo,Battaramulla,"Battaramulla, Colombo"
House for sale,14307769.0,4,3,1753.33,"Athurugiriya, Colombo",Colombo,Athurugiriya,"Athurugiriya, Colombo"
House for sale,67317341.0,7,6,4838.92,"Mount Lavinia, Colombo",Colombo,Mount Lavinia,"Mount Lavinia, Colombo"
House for sale,63087001.0,5,3,4022.82,"Kolonnawa, Colombo",Colombo,Kolonnawa,"Kolonnawa, Colombo"
House for sale,28567308.0,4,3,2813.74,"Kaduwela, Colombo",Colombo,Kaduwela,"Kaduwela, Colombo"
House for sale,132650951.0,4,5,3131.3,"Dematagoda, Colombo",Colombo,Dematagoda,"Dematagoda, Colombo"
House for sale,42686434.0,5,3,2691.83,"Rathmalana, Colombo",Colombo,Rathmalana,"Rathmalana, Colombo"
House for sale,116834346.0,6,4,5369.13,"Moratuwa, Colombo",Colombo,Moratuwa,"Moratuwa, Colombo"
House for sale,37160820.0,3,4,993.44,"Colombo 9, Colombo",Colombo,Colombo 9,"Colombo 9, Colombo"
House for sale,38548122.0,4,3,4058.37,"Makadana, Colombo",Colombo,Makadana,"Makadana, Colombo"
House for sale,161052558.0,6,4,6613.92,"Nugegoda, Colombo",Colombo,Nugegoda,"Nugegoda, Colombo"
House for sale,15191566.0,2,2,1010.85,"Wellampitiya, Colombo",Colombo,Wellampitiya,"Wellampitiya, Colombo"
House for sale,10473532.0,2,1,1076.21,"Padukka, Colombo",Colombo,Padukka,"Padukka, Colombo"
House for sale,32675103.0,4,3,896.0,"Nugegoda, Colombo",Colombo,Nugegoda,"Nugegoda, Colombo"
House for sale,251389967.0,7,6,5624.19,"Pitakotte, Colombo",Colombo,Pitakotte,"Pitakotte, Colombo"
House for sale,96110363.0,4,3,3566.9,"Colombo 6, Colombo",Colombo,Colombo 6,"Colombo 6, Colombo"
House for sale,65069137.0,3,4,3342.14,"Thalawathugoda, Colombo",Colombo,Thalawathugoda,"Thalawathugoda, Colombo"
House for sale,67860889.0,4,4,3300.39,"Kothalawala, Colombo",Colombo,Kothalawala,"Kothalawala, Colombo"
House for sale,68540904.0,3,3,2965.53,"Moratuwa, Colombo",Colombo,Moratuwa,"Moratuwa, Colombo"
House for sale,37485996.0,4,3,4593.69,"Colombo 9, Colombo",Colombo,Colombo 9,"Colombo 9, Colombo"
House for sale,28221138.0,4,3,1345.75,"Maharagama, Colombo",Colombo,Maharagama,"Maharagama, Colombo"
House for sale,18180935.0,1,2,896.0,"Kolonnawa, Colombo",Colombo,Kolonnawa,"Kolonnawa, Colombo"
House for sale,15127656.0,1,2,970.07,"Kesbewa, Colombo",Colombo,Kesbewa,"Kesbewa, Colombo"
House for sale,18948887.0,2,3,1222.91,"Homagama, Colombo",Colombo,Homagama,"Homagama, Colombo"
House for sale,18157775.0,2,1,1062.51,"Mount Lavinia, Colombo",Colombo,Mount Lavinia,"Mount Lavinia, Colombo"
House for sale,40906489.0,4,4,1547.92,"Kothalawala, Colombo",Colombo,Kothalawala,"Kothalawala, Colombo"
House for sale,98334320.0,3,2,2981.39,"Kirulapona, Colombo",Colombo,Kirulapona,"Kirulapona, Colombo"
House for sale,12355502.0,3,2,1514.1,"Padukka, Colombo",Colombo,Padukka,"Padukka, Colombo"
House for sale,89775042.0,4,3,3434.55,"Dehiwala, Colombo",Colombo,Dehiwala,"Dehiwala, Colombo"
House for sale,377554486.0,7,6,8412.21,"Kohuwala, Colombo",Colombo,Kohuwala,"Kohuwala, Colombo"
House for sale,68742148.0,4,3,3241.82,"Dehiwala, Colombo",Colombo,Dehiwala,"Dehiwala, Colombo"
House for sale,31094817.0,2,3,2127.98,"Kolonnawa, Colombo",Colombo,Kolonnawa,"Kolonnawa, Colombo"
House for sale,42682616.0,3,4,2625.48,"Battaramulla, Colombo",Colombo,Battaramulla,"Battaramulla, Colombo"
House for sale,78937791.0,4,3,2565.27,"Battaramulla, Colombo",Colombo,Battaramulla,"Battaramulla, Colombo"
House for sale,113503770.0,5,5,3898.16,"Mount Lavinia, Colombo",Colombo,Mount Lavinia,"Mount Lavinia, Colombo"
House for sale,18938151.0,2,1,1239.85,"Mount Lavinia, Colombo",Colombo,Mount Lavinia,"Mount Lavinia, Colombo"
House for sale,183177953.0,3,4,4081.35,"Nugegoda, Colombo",Colombo,Nugegoda,"Nugegoda, Colombo"
Villa for sale,136192299.0,4,4,5377.33,"Moratuwa, Colombo",Colombo,Moratuwa,"Moratuwa, Colombo"
House for sale,35493456.0,3,5,3134.56,"Morakatiya, Colombo",Colombo,Morakatiya,"Morakatiya, Colombo"
House for sale,46045138.0,4,3,3483.1,"Kesbewa, Colombo",Colombo,Kesbewa,"Kesbewa, Colombo"
Villa for sale,41969055.0,4,3,2810.11,"Kaduwela, Colombo",Colombo,Kaduwela,"Kaduwela, Colombo"
House for sale,43757976.0,3,3,3603.1,"Dehiwala, Colombo",Colombo,Dehiwala,"Dehiwala, Colombo"
House for sale,67568925.0,8,7,4225.31,"Mount Lavinia, Colombo",Colombo,Mount Lavinia,"Mount Lavinia, Colombo"
House for sale,38640895.0,3,3,2313.17,"Maharagama, Colombo",Colombo,Maharagama,"Maharagama, Colombo"
House for sale,42910129.0,3,2,2072.05,"Kaduwela, Colombo",Colombo,Kaduwela,"Kaduwela, Colombo"
House for sale,172033008.0,3,4,3833.03,"Nawala, Colombo",Colombo,Nawala,"Nawala, Colombo"
House for sale,80919870.0,5,5,3853.44,"Pitakotte, Colombo",Colombo,Pitakotte,"Pitakotte, Colombo"
House for sale,38088443.0,4,3,2046.22,"Wellampitiya, Colombo",Colombo,Wellampitiya,"Wellampitiya, Colombo"
House for sale,60989843.0,3,3,1959.34,"Kolonnawa, Colombo",Colombo,Kolonnawa,"Kolonnawa, Colombo"
House for sale,48151741.0,3,3,1941.16,"Moratuwa, Colombo",Colombo,Moratuwa,"Moratuwa, Colombo"
House for sale,27842255.0,4,3,1958.47,"Boralesgamuwa, Colombo",Colombo,Boralesgamuwa,"Boralesgamuwa, Colombo"
House for sale,83442038.0,6,5,4451.73,"Moratuwa, Colombo",Colombo,Moratuwa,"Moratuwa, Colombo"
House for sale,76881524.0,3,4,3641.75,"Rathmalana, Colombo",Colombo,Rathmalana,"Rathmalana, Colombo"
House for sale,80324888.0,4,3,3879.49,"Thalawathugoda, Colombo",Colombo,Thalawathugoda,"Thalawathugoda, Colombo"
House for sale,111126249.0,5,4,4139.67,"Maharagama, Colombo",Colombo,Maharagama,"Maharagama, Colombo"
House for sale,7800000.0,2,1,500.0,"S P Lane, Wellampitiya",Colombo,Wellampitiya,"S P Lane, Wellampitiya"
House for sale,48785944.0,3,4,1086.99,"Kohuwala, Colombo",Colombo,Kohuwala,"Kohuwala, Colombo"
House for sale,162808092.0,5,3,3627.49,"Boralesgamuwa, Colombo",Colombo,Boralesgamuwa,"Boralesgamuwa, Colombo"
House for sale,125867449.0,6,4,4866.41,"Nugegoda, Colombo",Colombo,Nugegoda,"Nugegoda, Colombo"
House for sale,37758982.0,4,3,4627.15,"Awissawella, Colombo",Colombo,Awissawella,"Awissawella, Colombo"
Villa for sale,142714591.0,3,4,4412.76,"Moratuwa, Colombo",Colombo,Moratuwa,"Moratuwa, Colombo"
House for sale,47995478.0,4,4,3346.47,"Thalawathugoda, Colombo",Colombo,Thalawathugoda,"Thalawathugoda, Colombo"
House for sale,346607595.0,8,8,8446.45,"Battaramulla, Colombo",Colombo,Battaramulla,"Battaramulla, Colombo"
House for sale,24373177.0,1,2,1236.03,"Maththegoda, Colombo",Colombo,Maththegoda,"Maththegoda, Colombo"
House for sale,50163551.0,5,3,3269.71,"Awissawella, Colombo",Colombo,Awissawella,"Awissawella, Colombo"
House for sale,79117975.0,5,4,4162.33,"Pitakotte, Colombo",Colombo,Pitakotte,"Pitakotte, Colombo"
House for sale,96131200.0,5,3,4669.46,"Colombo 6, Colombo",Colombo,Colombo 6,"Colombo 6, Colombo"
House for sale,125385048.0,4,4,4525.38,"Kirulapona, Colombo",Colombo,Kirulapona,"Kirulapona, Colombo"
House for sale,43658176.0,3,3,2209.27,"Moratuwa, Colombo",Colombo,Moratuwa,"Moratuwa, Colombo"
House for sale,156180026.0,4,4,3479.81,"Boralesgamuwa, Colombo",Colombo,Boralesgamuwa,"Boralesgamuwa, Colombo"
House for sale,75202763.0,3,2,3413.9,"Kirulapona, Colombo",Colombo,Kirulapona,"Kirulapona, Colombo"
House for sale,181140591.0,6,3,4035.95,"Colombo 7, Colombo",Colombo,Colombo 7,"Colombo 7, Colombo"
House for sale,40214044.0,2,2,896.0,"Nugegoda, Colombo",Colombo,Nugegoda,"Nugegoda, Colombo"
House for sale,7777000.0,2,1,896.0,"Wellampitiya, Colombo",Colombo,Wellampitiya,"Wellampitiya, Colombo"
House for sale,165359798.0,4,4,3684.34,"Mount Lavinia, Colombo",Colombo,Mount Lavinia,"Mount Lavinia, Colombo"
House for sale,60813538.0,2,1,1354.97,"Pamankada, Colombo",Colombo,Pamankada,"Pamankada, Colombo"
Villa for sale,36334997.0,4,3,1065.51,"Nugegoda, Colombo",Colombo,Nugegoda,"Nugegoda, Colombo"
House for sale,119456096.0,6,5,4401.09,"Nawala, Colombo",Colombo,Nawala,"Nawala, Colombo"
House for sale,37500000.0,6,5,1050.0,"Kent Road, Colombo 09",Colombo,Colombo 9,"Kent Road, Colombo 09"
House for sale,229152699.0,5,5,5105.7,"Colombo 7, Colombo",Colombo,Colombo 7,"Colombo 7, Colombo"
Villa for sale,126352968.0,4,4,4348.75,"Nugegoda, Colombo",Colombo,Nugegoda,"Nugegoda, Colombo"
House for sale,61029945.0,3,3,3036.63,"Pitakotte, Colombo",Colombo,Pitakotte,"Pitakotte, Colombo"
House for sale,40767775.0,3,3,1965.38,"Wellampitiya, Colombo",Colombo,Wellampitiya,"Wellampitiya, Colombo"
House for sale,27311853.0,3,2,1521.43,"Athurugiriya, Colombo",Colombo,Athurugiriya,"Athurugiriya, Colombo"
House for sale,63846038.0,3,4,3191.29,"Rathmalana, Colombo",Colombo,Rathmalana,"Rathmalana, Colombo"
House for sale,12530307.0,3,3,927.29,"Wellampitiya, Colombo",Colombo,Wellampitiya,"Wellampitiya, Colombo"
House for sale,34082256.0,5,5,2151.06,"Colombo 9, Colombo",Colombo,Colombo 9,"Colombo 9, Colombo"
House for sale,38329745.0,4,3,4697.09,"Malabe, Colombo",Colombo,Malabe,"Malabe, Colombo"
House for sale,29671081.0,3,4,2731.09,"Homagama, Colombo",Colombo,Homagama,"Homagama, Colombo"
House for sale,45332843.0,4,3,3424.06,"Malabe, Colombo",Colombo,Malabe,"Malabe, Colombo"
House for sale,56977038.0,4,3,3789.95,"Thalawathugoda, Colombo",Colombo,Thalawathugoda,"Thalawathugoda, Colombo"
House for sale,41068223.0,2,1,2607.95,"Boralesgamuwa, Colombo",Colombo,Boralesgamuwa,"Boralesgamuwa, Colombo"
House for sale,349176009.0,7,5,9019.7,"Nugegoda, Colombo",Colombo,Nugegoda,"Nugegoda, Colombo"
House for sale,19213781.0,4,3,2354.54,"Padukka, Colombo",Colombo,Padukka,"Padukka, Colombo"
House for sale,137923525.0,3,4,3863.93,"Boralesgamuwa, Colombo",Colombo,Boralesgamuwa,"Boralesgamuwa, Colombo"
House for sale,81042082.0,5,5,3984.61,"Mount Lavinia, Colombo",Colombo,Mount Lavinia,"Mount Lavinia, Colombo"
House for sale,71062772.0,5,4,3521.71,"Kottawa, Colombo",Colombo,Kottawa,"Kottawa, Colombo"
House for sale,74567951.0,6,5,6144.2,"Kirulapona, Colombo",Colombo,Kirulapona,"Kirulapona, Colombo"
House for sale,28353453.0,2,2,1593.91,"Battaramulla, Colombo",Colombo,Battaramulla,"Battaramulla, Colombo"
House for sale,62979734.0,5,4,1777.86,"Malabe, Colombo",Colombo,Malabe,"Malabe, Colombo"
House for sale,154164665.0,4,4,3434.91,"Boralesgamuwa, Colombo",Colombo,Boralesgamuwa,"Boralesgamuwa, Colombo"
House for sale,64267031.0,4,3,4030.41,"Thalawathugoda, Colombo",Colombo,Thalawathugoda,"Thalawathugoda, Colombo"
House for sale,136832963.0,3,3,3273.5,"Boralesgamuwa, Colombo",Colombo,Boralesgamuwa,"Boralesgamuwa, Colombo"
House for sale,127493961.0,5,5,3804.09,"Maharagama, Colombo",Colombo,Maharagama,"Maharagama, Colombo"
House for sale,71941888.0,3,3,3404.18,"Thalawathugoda, Colombo",Colombo,Thalawathugoda,"Thalawathugoda, Colombo"
Villa for sale,48264817.0,6,4,5914.58,"Awissawella, Colombo",Colombo,Awissawella,"Awissawella, Colombo"
House for sale,327320583.0,8,6,9019.7,"Bambalapitiya , Colombo",Colombo,Bambalapitiya ,"Bambalapitiya , Colombo"
Villa for sale,24065823.0,3,3,2406.78,"Colombo 8, Colombo",Colombo,Colombo 8,"Colombo 8, Colombo"
House for sale,78079721.0,4,4,4154.28,"Colombo 7, Colombo",Colombo,Colombo 7,"Colombo 7, Colombo"
House for sale,123720767.0,5,5,3977.39,"Boralesgamuwa, Colombo",Colombo,Boralesgamuwa,"Boralesgamuwa, Colombo"
Villa for sale,35050205.0,4,3,4295.2,"Awissawella, Colombo",Colombo,Awissawella,"Awissawella, Colombo"
House for sale,71215566.0,3,2,3811.45,"Homagama, Colombo",Colombo,Homagama,"Homagama, Colombo"
House for sale,94974100.0,8,6,4039.2,"Mount Lavinia, Colombo",Colombo,Mount Lavinia,"Mount Lavinia, Colombo"
House for sale,97321206.0,4,4,2542.41,"Dehiwala, Colombo",Colombo,Dehiwala,"Dehiwala, Colombo"
House for sale,69473989.0,4,3,4203.44,"Kolonnawa, Colombo",Colombo,Kolonnawa,"Kolonnawa, Colombo"
House for sale,12280270.0,2,2,1504.88,"Kesbewa, Colombo",Colombo,Kesbewa,"Kesbewa, Colombo"
House for sale,385669182.0,7,5,8857.61,"Kohuwala, Colombo",Colombo,Kohuwala,"Kohuwala, Colombo"
House for sale,13505007.0,3,3,896.0,"Makumbura, Colombo",Colombo,Makumbura,"Makumbura, Colombo"
House for sale,95000000.0,5,5,5000.0,"Moratumulla, Puwak Aramba, Moratuwa",Colombo,Moratuwa,"Moratumulla, Puwak Aramba, Moratuwa"
House for sale,110714621.0,4,5,4426.02,"Moratuwa, Colombo",Colombo,Moratuwa,"Moratuwa, Colombo"
House for sale,78856571.0,4,4,4296.84,"Pitakotte, Colombo",Colombo,Pitakotte,"Pitakotte, Colombo"
House for sale,36013387.0,3,4,2156.69,"Malabe, Colombo",Colombo,Malabe,"Malabe, Colombo"
House for sale,152973881.0,4,4,3410.5,"Boralesgamuwa, Colombo",Colombo,Boralesgamuwa,"Boralesgamuwa, Colombo"
House for sale,145634989.0,5,3,4904.05,"Moratuwa, Colombo",Colombo,Moratuwa,"Moratuwa, Colombo"
House for sale,30815275.0,4,2,3044.51,"Nugegoda, Colombo",Colombo,Nugegoda,"Nugegoda, Colombo"
House for sale,90981315.0,4,4,2626.42,"Dehiwala, Colombo",Colombo,Dehiwala,"Dehiwala, Colombo"
House for sale,120166525.0,5,5,4872.05,"Bambalapitiya , Colombo",Colombo,Bambalapitiya ,"Bambalapitiya , Colombo"
House for sale,322106142.0,8,6,9019.7,"Nugegoda, Colombo",Colombo,Nugegoda,"Nugegoda, Colombo"
House for sale,48599857.0,4,4,2752.11,"Battaramulla, Colombo",Colombo,Battaramulla,"Battaramulla, Colombo"
House for sale,28174202.0,2,2,1862.92,"Thalawathugoda, Colombo",Colombo,Thalawathugoda,"Thalawathugoda, Colombo"
House for sale,51888457.0,4,4,2617.74,"Thalawathugoda, Colombo",Colombo,Thalawathugoda,"Thalawathugoda, Colombo"
House for sale,9800000.0,3,1,1633.5,"Madakissa Road, Horathduwa, Moratuwa",Colombo,Moratuwa,"Madakissa Road, Horathduwa, Moratuwa"
House for sale,45315942.0,3,3,3368.19,"Thalawathugoda, Colombo",Colombo,Thalawathugoda,"Thalawathugoda, Colombo"
House for sale,55649372.0,3,3,3980.8,"Makadana, Colombo",Colombo,Makadana,"Makadana, Colombo"
House for sale,28018720.0,3,3,1665.21,"Boralesgamuwa, Colombo",Colombo,Boralesgamuwa,"Boralesgamuwa, Colombo"
House for sale,29578407.0,3,3,1340.13,"Maharagama, Colombo",Colombo,Maharagama,"Maharagama, Colombo"
House for sale,54361071.0,3,3,2479.76,"Wellampitiya, Colombo",Colombo,Wellampitiya,"Wellampitiya, Colombo"
House for sale,87964510.0,4,4,4635.34,"Nugegoda, Colombo",Colombo,Nugegoda,"Nugegoda, Colombo"
House for sale,9930826.0,4,3,990.08,"Wellampitiya, Colombo",Colombo,Wellampitiya,"Wellampitiya, Colombo"
Villa for sale,126769401.0,3,3,3264.79,"Boralesgamuwa, Colombo",Colombo,Boralesgamuwa,"Boralesgamuwa, Colombo"
House for sale,320000000.0,9,8,9000.0,"Pelawatte, Battaramulla",Colombo,Battaramulla,"Pelawatte, Battaramulla"
House for sale,80259270.0,4,3,3321.6,"Battaramulla, Colombo",Colombo,Battaramulla,"Battaramulla, Colombo"
House for sale,82598393.0,3,2,3007.87,"Kirulapona, Colombo",Colombo,Kirulapona,"Kirulapona, Colombo"
House for sale,175628943.0,7,4,3913.15,"Nugegoda, Colombo",Colombo,Nugegoda,"Nugegoda, Colombo"
House for sale,69210742.0,5,5,3778.93,"Rathmalana, Colombo",Colombo,Rathmalana,"Rathmalana, Colombo"
House for sale,29685877.0,1,1,2633.6,"Nawala, Colombo",Colombo,Nawala,"Nawala, Colombo"
House for sale,134492134.0,5,5,2996.59,"Colombo 6, Colombo",Colombo,Colombo 6,"Colombo 6, Colombo"
House for sale,127299116.0,4,4,3843.23,"Dehiwala, Colombo",Colombo,Dehiwala,"Dehiwala, Colombo"
House for sale,11389825.0,1,1,1395.76,"Kesbewa, Colombo",Colombo,Kesbewa,"Kesbewa, Colombo"
House for sale,31128028.0,2,2,1252.18,"Colombo 7, Colombo",Colombo,Colombo 7,"Colombo 7, Colombo"
House for sale,22116943.0,4,3,2710.3,"Padukka, Colombo",Colombo,Padukka,"Padukka, Colombo"
House for sale,29461522.0,5,4,3610.34,"Mount Lavinia, Colombo",Colombo,Mount Lavinia,"Mount Lavinia, Colombo"
Villa for sale,82115855.0,3,3,2870.51,"Nugegoda, Colombo",Colombo,Nugegoda,"Nugegoda, Colombo"
House for sale,51737623.0,2,1,1152.75,"Pamankada, Colombo",Colombo,Pamankada,"Pamankada, Colombo"
House for sale,87699323.0,4,3,3415.63,"Battaramulla, Colombo",Colombo,Battaramulla,"Battaramulla, Colombo"
House for sale,24488813.0,4,3,2599.83,"Polgasovita, Colombo",Colombo,Polgasovita,"Polgasovita, Colombo"
House for sale,12773247.0,3,2,1418.86,"Makumbura, Colombo",Colombo,Makumbura,"Makumbura, Colombo"
House for sale,78553351.0,3,2,3066.48,"Kirulapona, Colombo",Colombo,Kirulapona,"Kirulapona, Colombo"
House for sale,36269004.0,6,5,4444.56,"Mount Lavinia, Colombo",Colombo,Mount Lavinia,"Mount Lavinia, Colombo"
House for sale,95865738.0,5,3,4239.43,"Kohuwala, Colombo",Colombo,Kohuwala,"Kohuwala, Colombo"
House for sale,16500000.0,2,1,1140.0,"Watarapola Road, Mount Lavinia",Colombo,Mount Lavinia,"Watarapola Road, Mount Lavinia"
House for sale,104156994.0,4,3,4327.58,"Colombo 6, Colombo",Colombo,Colombo 6,"Colombo 6, Colombo"
House for sale,78701214.0,4,4,4044.03,"Kirulapona, Colombo",Colombo,Kirulapona,"Kirulapona, Colombo"
Villa for sale,11979418.0,4,3,946.44,"Wellampitiya, Colombo",Colombo,Wellampitiya,"Wellampitiya, Colombo"
House for sale,40912461.0,4,4,2859.64,"Battaramulla, Colombo",Colombo,Battaramulla,"Battaramulla, Colombo"
House for sale,97877944.0,7,6,5516.16,"Kohuwala, Colombo",Colombo,Kohuwala,"Kohuwala, Colombo"
House for sale,20249776.0,4,4,1594.93,"Kesbewa, Colombo",Colombo,Kesbewa,"Kesbewa, Colombo"
House for sale,175514312.0,5,5,5251.97,"Colombo 7, Colombo",Colombo,Colombo 7,"Colombo 7, Colombo"
House for sale,15059002.0,4,3,1618.94,"Homagama, Colombo",Colombo,Homagama,"Homagama, Colombo"
House for sale,23129706.0,5,3,2322.77,"Pannipitiya, Colombo",Colombo,Pannipitiya,"Pannipitiya, Colombo"
House for sale,27843893.0,4,3,2587.95,"Pannipitiya, Colombo",Colombo,Pannipitiya,"Pannipitiya, Colombo"
House for sale,128289396.0,4,4,2902.93,"Kohuwala, Colombo",Colombo,Kohuwala,"Kohuwala, Colombo"
House for sale,36697981.0,5,3,4195.0,"Awissawella, Colombo",Colombo,Awissawella,"Awissawella, Colombo"
House for sale,38679887.0,5,3,4740.0,"Awissawella, Colombo",Colombo,Awissawella,"Awissawella, Colombo"
House for sale,31137809.0,6,4,3815.76,"Mount Lavinia, Colombo",Colombo,Mount Lavinia,"Mount Lavinia, Colombo"
House for sale,403970977.0,8,5,9000.79,"Colombo 7, Colombo",Colombo,Colombo 7,"Colombo 7, Colombo"
House for sale,281365592.0,6,5,9019.7,"Nugegoda, Colombo",Colombo,Nugegoda,"Nugegoda, Colombo"
House for sale,147580218.0,4,4,3788.71,"Boralesgamuwa, Colombo",Colombo,Boralesgamuwa,"Boralesgamuwa, Colombo"
House for sale,10015694.0,2,3,896.0,"Polgasovita, Colombo",Colombo,Polgasovita,"Polgasovita, Colombo"
House for sale,107510081.0,4,5,3012.87,"Kohuwala, Colombo",Colombo,Kohuwala,"Kohuwala, Colombo"
House for sale,128117812.0,5,4,5493.15,"Maharagama, Colombo",Colombo,Maharagama,"Maharagama, Colombo"
House for sale,85028301.0,5,4,4776.93,"Bambalapitiya , Colombo",Colombo,Bambalapitiya ,"Bambalapitiya , Colombo"
House for sale,75679675.0,3,3,3797.03,"Thalawathugoda, Colombo",Colombo,Thalawathugoda,"Thalawathugoda, Colombo"
House for sale,40610751.0,3,2,2400.39,"Pitakotte, Colombo",Colombo,Pitakotte,"Pitakotte, Colombo"
Villa for sale,145698721.0,5,4,3246.28,"Boralesgamuwa, Colombo",Colombo,Boralesgamuwa,"Boralesgamuwa, Colombo"
Villa for sale,45118706.0,6,4,5529.04,"Awissawella, Colombo",Colombo,Awissawella,"Awissawella, Colombo"
House for sale,162394092.0,5,3,3618.27,"Colombo 7, Colombo",Colombo,Colombo 7,"Colombo 7, Colombo"
House for sale,107281630.0,4,3,3320.98,"Nugegoda, Colombo",Colombo,Nugegoda,"Nugegoda, Colombo"
House for sale,53595568.0,5,3,1893.31,"Maharagama, Colombo",Colombo,Maharagama,"Maharagama, Colombo"
House for sale,93801368.0,7,6,5217.98,"Boralesgamuwa, Colombo",Colombo,Boralesgamuwa,"Boralesgamuwa, Colombo"
House for sale,65532641.0,4,3,3316.76,"Dehiwala, Colombo",Colombo,Dehiwala,"Dehiwala, Colombo"
House for sale,75000000.0,4,4,4200.0,"Beddagana, Pita Kotte",Colombo,Pitakotte,"Beddagana, Pita Kotte"
House for sale,35321873.0,3,3,2713.07,"Maharagama, Colombo",Colombo,Maharagama,"Maharagama, Colombo"
House for sale,328765704.0,7,5,7325.15,"Kohuwala, Colombo",Colombo,Kohuwala,"Kohuwala, Colombo"
House for sale,17133046.0,4,3,2099.56,"Pannipitiya, Colombo",Colombo,Pannipitiya,"Pannipitiya, Colombo"
House for sale,48056431.0,3,2,2117.39,"Kaduwela, Colombo",Colombo,Kaduwela,"Kaduwela, Colombo"
House for sale,53984091.0,6,5,4122.12,"Kothalawala, Colombo",Colombo,Kothalawala,"Kothalawala, Colombo"
House for sale,65297687.0,4,3,3798.46,"Kolonnawa, Colombo",Colombo,Kolonnawa,"Kolonnawa, Colombo"
House for sale,121399448.0,4,3,6026.42,"Dehiwala, Colombo",Colombo,Dehiwala,"Dehiwala, Colombo"
House for sale,32557187.0,2,3,2086.06,"Kolonnawa, Colombo",Colombo,Kolonnawa,"Kolonnawa, Colombo"
House for sale,26358385.0,2,2,1444.01,"Boralesgamuwa, Colombo",Colombo,Boralesgamuwa,"Boralesgamuwa, Colombo"
House for sale,27661721.0,4,3,1405.07,"Kolonnawa, Colombo",Colombo,Kolonnawa,"Kolonnawa, Colombo"
House for sale,12460543.0,2,1,1526.97,"Padukka, Colombo",Colombo,Padukka,"Padukka, Colombo"
House for sale,44436018.0,4,3,1347.49,"Maharagama, Colombo",Colombo,Maharagama,"Maharagama, Colombo"
House for sale,125000000.0,4,4,5000.0,"Ratthanapitiya, Nugegoda",Colombo,Nugegoda,"Ratthanapitiya, Nugegoda"
Villa for sale,32266324.0,3,3,1278.91,"Kolonnawa, Colombo",Colombo,Kolonnawa,"Kolonnawa, Colombo"
House for sale,66527578.0,5,3,1908.33,"Colombo 9, Colombo",Colombo,Colombo 9,"Colombo 9, Colombo"
House for sale,43110051.0,3,3,1860.28,"Moratuwa, Colombo",Colombo,Moratuwa,"Moratuwa, Colombo"
House for sale,96475312.0,4,4,4257.71,"Pitakotte, Colombo",Colombo,Pitakotte,"Pitakotte, Colombo"
House for sale,37417430.0,5,4,2468.51,"Kottawa, Colombo",Colombo,Kottawa,"Kottawa, Colombo"
House for sale,52186857.0,4,3,2261.31,"Wellampitiya, Colombo",Colombo,Wellampitiya,"Wellampitiya, Colombo"
House for sale,61778236.0,5,3,2887.74,"Pitakotte, Colombo",Colombo,Pitakotte,"Pitakotte, Colombo"
House for sale,15836305.0,3,2,1151.42,"Maththegoda, Colombo",Colombo,Maththegoda,"Maththegoda, Colombo"
House for sale,21640512.0,5,3,2052.27,"Pannipitiya, Colombo",Colombo,Pannipitiya,"Pannipitiya, Colombo"
House for sale,108180046.0,5,5,4353.78,"Kohuwala, Colombo",Colombo,Kohuwala,"Kohuwala, Colombo"
House for sale,80369700.0,4,3,2713.46,"Kothalawala, Colombo",Colombo,Kothalawala,"Kothalawala, Colombo"
House for sale,21604928.0,4,3,2647.56,"Wellampitiya, Colombo",Colombo,Wellampitiya,"Wellampitiya, Colombo"
House for sale,44756387.0,3,3,997.21,"Nawala, Colombo",Colombo,Nawala,"Nawala, Colombo"
House for sale,24070185.0,1,3,1156.5,"Kolonnawa, Colombo",Colombo,Kolonnawa,"Kolonnawa, Colombo"
House for sale,14508093.0,2,2,896.0,"Kolonnawa, Colombo",Colombo,Kolonnawa,"Kolonnawa, Colombo"
House for sale,16100383.0,1,2,1242.91,"Maththegoda, Colombo",Colombo,Maththegoda,"Maththegoda, Colombo"
House for sale,26190065.0,4,3,1600.51,"Pannipitiya, Colombo",Colombo,Pannipitiya,"Pannipitiya, Colombo"
House for sale,27320205.0,6,4,2232.12,"Colombo 8, Colombo",Colombo,Colombo 8,"Colombo 8, Colombo"
House for sale,35768363.0,3,3,1639.83,"Homagama, Colombo",Colombo,Homagama,"Homagama, Colombo"
House for sale,151651585.0,6,4,4387.44,"Mount Lavinia, Colombo",Colombo,Mount Lavinia,"Mount Lavinia, Colombo"
House for sale,64120738.0,5,3,3854.21,"Kolonnawa, Colombo",Colombo,Kolonnawa,"Kolonnawa, Colombo"
House for sale,89796645.0,6,4,4107.46,"Nugegoda, Colombo",Colombo,Nugegoda,"Nugegoda, Colombo"
House for sale,26476951.0,2,2,2218.02,"Polgasovita, Colombo",Colombo,Polgasovita,"Polgasovita, Colombo"
House for sale,125467084.0,3,5,2795.5,"Pamankada, Colombo",Colombo,Pamankada,"Pamankada, Colombo"
House for sale,42495452.0,5,3,5207.57,"Awissawella, Colombo",Colombo,Awissawella,"Awissawella, Colombo"
House for sale,33663288.0,3,4,2573.04,"Homagama, Colombo",Colombo,Homagama,"Homagama, Colombo"
House for sale,38652095.0,6,4,4736.59,"Awissawella, Colombo",Colombo,Awissawella,"Awissawella, Colombo"
House for sale,94263657.0,7,5,5713.08,"Moratuwa, Colombo",Colombo,Moratuwa,"Moratuwa, Colombo"
House for sale,18367136.0,2,2,1397.06,"Homagama, Colombo",Colombo,Homagama,"Homagama, Colombo"
House for sale,15859111.0,2,2,896.0,"Kolonnawa, Colombo",Colombo,Kolonnawa,"Kolonnawa, Colombo"
House for sale,46258601.0,3,3,1736.48,"Homagama, Colombo",Colombo,Homagama,"Homagama, Colombo"
House for sale,48414093.0,4,2,2385.18,"Pitakotte, Colombo",Colombo,Pitakotte,"Pitakotte, Colombo"
Villa for sale,33483924.0,2,2,1428.81,"Boralesgamuwa, Colombo",Colombo,Boralesgamuwa,"Boralesgamuwa, Colombo"
Villa for sale,90965037.0,3,5,3811.45,"Nugegoda, Colombo",Colombo,Nugegoda,"Nugegoda, Colombo"
House for sale,7844048.0,1,2,896.0,"Wellampitiya, Colombo",Colombo,Wellampitiya,"Wellampitiya, Colombo"
House for sale,29168698.0,2,3,1317.79,"Kolonnawa, Colombo",Colombo,Kolonnawa,"Kolonnawa, Colombo"
House for sale,39556070.0,2,1,2653.75,"Boralesgamuwa, Colombo",Colombo,Boralesgamuwa,"Boralesgamuwa, Colombo"
House for sale,44576425.0,4,3,4431.83,"Malabe, Colombo",Colombo,Malabe,"Malabe, Colombo"
House for sale,181828669.0,3,4,4262.07,"Nawala, Colombo",Colombo,Nawala,"Nawala, Colombo"
Villa for sale,95324765.0,4,4,2681.57,"Dehiwala, Colombo",Colombo,Dehiwala,"Dehiwala, Colombo"
House for sale,50295784.0,5,5,3609.16,"Dehiwala, Colombo",Colombo,Dehiwala,"Dehiwala, Colombo"
House for sale,266679934.0,10,8,9019.7,"Boralesgamuwa, Colombo",Colombo,Boralesgamuwa,"Boralesgamuwa, Colombo"
House for sale,28500000.0,4,3,1400.0,"Silva Lane, Kolonnawa",Colombo,Kolonnawa,"Silva Lane, Kolonnawa"
House for sale,104594296.0,3,4,2483.34,"Dehiwala, Colombo",Colombo,Dehiwala,"Dehiwala, Colombo"
House for sale,45092324.0,5,3,3760.89,"Kesbewa, Colombo",Colombo,Kesbewa,"Kesbewa, Colombo"
Villa for sale,51308799.0,5,5,3592.11,"Kothalawala, Colombo",Colombo,Kothalawala,"Kothalawala, Colombo"
House for sale,32450624.0,5,3,2191.79,"Awissawella, Colombo",Colombo,Awissawella,"Awissawella, Colombo"
House for sale,29448330.0,3,2,2930.95,"Boralesgamuwa, Colombo",Colombo,Boralesgamuwa,"Boralesgamuwa, Colombo"
House for sale,86680609.0,3,2,4613.4,"Boralesgamuwa, Colombo",Colombo,Boralesgamuwa,"Boralesgamuwa, Colombo"
House for sale,850000000.0,6,5,9985.0,"Guildford Road, Colombo 07 ",Colombo,Colombo 7,"Guildford Road, Colombo 07 "
House for sale,55922085.0,3,4,3579.44,"Thalawathugoda, Colombo",Colombo,Thalawathugoda,"Thalawathugoda, Colombo"
House for sale,36457908.0,5,4,2626.13,"Awissawella, Colombo",Colombo,Awissawella,"Awissawella, Colombo"
House for sale,130063222.0,7,6,3745.86,"Rathmalana, Colombo",Colombo,Rathmalana,"Rathmalana, Colombo"
House for sale,48280037.0,4,3,2283.92,"Makumbura, Colombo",Colombo,Makumbura,"Makumbura, Colombo"
House for sale,38270099.0,5,3,1972.55,"Wellampitiya, Colombo",Colombo,Wellampitiya,"Wellampitiya, Colombo"
House for sale,120588765.0,4,5,2686.81,"Nawala, Colombo",Colombo,Nawala,"Nawala, Colombo"
Villa for sale,37744688.0,3,2,1109.46,"Nugegoda, Colombo",Colombo,Nugegoda,"Nugegoda, Colombo"
House for sale,68812003.0,5,4,4252.2,"Thalawathugoda, Colombo",Colombo,Thalawathugoda,"Thalawathugoda, Colombo"
House for sale,290185683.0,8,6,8004.81,"Nugegoda, Colombo",Colombo,Nugegoda,"Nugegoda, Colombo"
House for sale,36053643.0,4,4,2573.2,"Homagama, Colombo",Colombo,Homagama,"Homagama, Colombo"
House for sale,141815940.0,4,4,3159.77,"Boralesgamuwa, Colombo",Colombo,Boralesgamuwa,"Boralesgamuwa, Colombo"
Villa for sale,110767290.0,6,4,4635.95,"Malabe, Colombo",Colombo,Malabe,"Malabe, Colombo"
House for sale,278185508.0,9,8,8403.51,"Battaramulla, Colombo",Colombo,Battaramulla,"Battaramulla, Colombo"
House for sale,44300734.0,3,3,3367.33,"Kesbewa, Colombo",Colombo,Kesbewa,"Kesbewa, Colombo"
House for sale,101226882.0,3,2,4000.75,"Colombo 6, Colombo",Colombo,Colombo 6,"Colombo 6, Colombo"
House for sale,64836730.0,3,4,4081.65,"Pitakotte, Colombo",Colombo,Pitakotte,"Pitakotte, Colombo"
House for sale,54705847.0,4,4,2866.13,"Thalawathugoda, Colombo",Colombo,Thalawathugoda,"Thalawathugoda, Colombo"
House for sale,92000000.0,5,4,4500.0,"Delkanda, Nugegoda",Colombo,Nugegoda,"Delkanda, Nugegoda"
House for sale,75386842.0,4,3,2879.6,"Moratuwa, Colombo",Colombo,Moratuwa,"Moratuwa, Colombo"
House for sale,40772786.0,4,3,2644.02,"Rathmalana, Colombo",Colombo,Rathmalana,"Rathmalana, Colombo"
House for sale,44224187.0,4,4,2332.87,"Homagama, Colombo",Colombo,Homagama,"Homagama, Colombo"
House for sale,39714756.0,2,3,1842.84,"Homagama, Colombo",Colombo,Homagama,"Homagama, Colombo"
House for sale,93217983.0,6,4,3391.09,"Battaramulla, Colombo",Colombo,Battaramulla,"Battaramulla, Colombo"
House for sale,35919592.0,3,3,1691.78,"Awissawella, Colombo",Colombo,Awissawella,"Awissawella, Colombo"
House for sale,33693598.0,3,3,2557.43,"Maharagama, Colombo",Colombo,Maharagama,"Maharagama, Colombo"
House for sale,254265248.0,9,8,8683.42,"Battaramulla, Colombo",Colombo,Battaramulla,"Battaramulla, Colombo"
House for sale,32367149.0,5,3,3199.78,"Makadana, Colombo",Colombo,Makadana,"Makadana, Colombo"
House for sale,98000000.0,4,3,4000.0,"Nugegoda, Colombo",Colombo,Nugegoda,"Nugegoda, Colombo"
House for sale,12500689.0,2,2,1071.52,"Padukka, Colombo",Colombo,Padukka,"Padukka, Colombo"
House for sale,46565309.0,4,4,1037.51,"Nawala, Colombo",Colombo,Nawala,"Nawala, Colombo"
House for sale,44262078.0,6,4,4798.22,"Awissawella, Colombo",Colombo,Awissawella,"Awissawella, Colombo"
House for sale,13314108.0,4,2,1631.57,"Moratuwa, Colombo",Colombo,Moratuwa,"Moratuwa, Colombo"
Villa for sale,78168976.0,5,5,3235.38,"Rathmalana, Colombo",Colombo,Rathmalana,"Rathmalana, Colombo"
House for sale,35321732.0,3,2,1170.09,"Colombo 9, Colombo",Colombo,Colombo 9,"Colombo 9, Colombo"
House for sale,30485683.0,3,3,1861.92,"Nawala, Colombo",Colombo,Nawala,"Nawala, Colombo"
House for sale,76392754.0,5,5,3709.39,"Dehiwala, Colombo",Colombo,Dehiwala,"Dehiwala, Colombo"
Villa for sale,98637539.0,6,5,4050.86,"Maharagama, Colombo",Colombo,Maharagama,"Maharagama, Colombo"
House for sale,398146614.0,9,9,9019.7,"Dematagoda, Colombo",Colombo,Dematagoda,"Dematagoda, Colombo"
House for sale,98876799.0,6,4,4170.32,"Nugegoda, Colombo",Colombo,Nugegoda,"Nugegoda, Colombo"
House for sale,196199178.0,6,4,4371.47,"Colombo 7, Colombo",Colombo,Colombo 7,"Colombo 7, Colombo"
House for sale,38907480.0,5,4,2543.65,"Colombo 9, Colombo",Colombo,Colombo 9,"Colombo 9, Colombo"
House for sale,29617688.0,3,3,2188.54,"Polgasovita, Colombo",Colombo,Polgasovita,"Polgasovita, Colombo"
House for sale,13586692.0,2,1,1635.85,"Moratuwa, Colombo",Colombo,Moratuwa,"Moratuwa, Colombo"
House for sale,352642084.0,7,5,7857.14,"Kohuwala, Colombo",Colombo,Kohuwala,"Kohuwala, Colombo"
House for sale,125806674.0,8,6,3652.86,"Rathmalana, Colombo",Colombo,Rathmalana,"Rathmalana, Colombo"
House for sale,114234296.0,4,4,3929.65,"Nugegoda, Colombo",Colombo,Nugegoda,"Nugegoda, Colombo"
House for sale,22354664.0,3,2,1635.76,"Boralesgamuwa, Colombo",Colombo,Boralesgamuwa,"Boralesgamuwa, Colombo"
House for sale,40712330.0,3,5,3104.21,"Morakatiya, Colombo",Colombo,Morakatiya,"Morakatiya, Colombo"
House for sale,82681498.0,7,6,5810.83,"Boralesgamuwa, Colombo",Colombo,Boralesgamuwa,"Boralesgamuwa, Colombo"
House for sale,242202553.0,6,5,5396.46,"Pitakotte, Colombo",Colombo,Pitakotte,"Pitakotte, Colombo"
House for sale,50384790.0,4,3,3404.65,"Kirulapona, Colombo",Colombo,Kirulapona,"Kirulapona, Colombo"
House for sale,15991042.0,1,1,1142.45,"Moratuwa, Colombo",Colombo,Moratuwa,"Moratuwa, Colombo"
House for sale,33371734.0,2,1,2665.9,"Boralesgamuwa, Colombo",Colombo,Boralesgamuwa,"Boralesgamuwa, Colombo"
House for sale,59463747.0,5,3,5666.94,"Kolonnawa, Colombo",Colombo,Kolonnawa,"Kolonnawa, Colombo"
House for sale,404819885.0,10,9,9019.7,"Dematagoda, Colombo",Colombo,Dematagoda,"Dematagoda, Colombo"
House for sale,50222105.0,2,3,1964.85,"Moratuwa, Colombo",Colombo,Moratuwa,"Moratuwa, Colombo"
Villa for sale,93496898.0,4,5,4632.02,"Battaramulla, Colombo",Colombo,Battaramulla,"Battaramulla, Colombo"
House for sale,75156288.0,1,2,1674.54,"Kohuwala, Colombo",Colombo,Kohuwala,"Kohuwala, Colombo"
House for sale,89331626.0,6,6,6622.17,"Boralesgamuwa, Colombo",Colombo,Boralesgamuwa,"Boralesgamuwa, Colombo"
House for sale,28854285.0,2,2,2425.97,"Padukka, Colombo",Colombo,Padukka,"Padukka, Colombo"
House for sale,20908231.0,2,3,1204.99,"Colombo 9, Colombo",Colombo,Colombo 9,"Colombo 9, Colombo"
House for sale,81197766.0,4,5,3553.39,"Dehiwala, Colombo",Colombo,Dehiwala,"Dehiwala, Colombo"
House for sale,404819885.0,8,6,9019.7,"Colombo 7, Colombo",Colombo,Colombo 7,"Colombo 7, Colombo"
House for sale,67366467.0,8,6,5150.99,"Kottawa, Colombo",Colombo,Kottawa,"Kottawa, Colombo"
House for sale,258485169.0,6,6,5759.25,"Pitakotte, Colombo",Colombo,Pitakotte,"Pitakotte, Colombo"
House for sale,354489547.0,6,5,7898.3,"Kohuwala, Colombo",Colombo,Kohuwala,"Kohuwala, Colombo"
House for sale,156562633.0,8,6,3606.3,"Kottawa, Colombo",Colombo,Kottawa,"Kottawa, Colombo"
House for sale,17500000.0,3,2,1200.0,"Prime Express, Maththegoda",Colombo,Maththegoda,"Prime Express, Maththegoda"
House for sale,7777000.0,1,1,896.0,"Colombo 8, Colombo",Colombo,Colombo 8,"Colombo 8, Colombo"
House for sale,81478452.0,4,4,2390.11,"Dehiwala, Colombo",Colombo,Dehiwala,"Dehiwala, Colombo"
House for sale,180642667.0,4,4,4024.86,"Nawala, Colombo",Colombo,Nawala,"Nawala, Colombo"
House for sale,397417048.0,9,8,8854.76,"Battaramulla, Colombo",Colombo,Battaramulla,"Battaramulla, Colombo"
House for sale,33263080.0,3,3,1809.76,"Homagama, Colombo",Colombo,Homagama,"Homagama, Colombo"
House for sale,28250895.0,4,2,1288.95,"Malabe, Colombo",Colombo,Malabe,"Malabe, Colombo"
House for sale,114201612.0,5,5,5198.53,"Moratuwa, Colombo",Colombo,Moratuwa,"Moratuwa, Colombo"
House for sale,119464895.0,9,7,4246.94,"Rathmalana, Colombo",Colombo,Rathmalana,"Rathmalana, Colombo"
House for sale,38192779.0,5,5,3934.79,"Morakatiya, Colombo",Colombo,Morakatiya,"Morakatiya, Colombo"
House for sale,287836037.0,8,6,8944.55,"Nugegoda, Colombo",Colombo,Nugegoda,"Nugegoda, Colombo"
House for sale,18692497.0,4,3,1365.77,"Maththegoda, Colombo",Colombo,Maththegoda,"Maththegoda, Colombo"
House for sale,191374483.0,4,4,4263.97,"Colombo 7, Colombo",Colombo,Colombo 7,"Colombo 7, Colombo"
House for sale,64538740.0,5,5,1437.97,"Bambalapitiya , Colombo",Colombo,Bambalapitiya ,"Bambalapitiya , Colombo"
House for sale,189506406.0,4,4,4222.35,"Colombo 7, Colombo",Colombo,Colombo 7,"Colombo 7, Colombo"
House for sale,257585715.0,5,5,5739.21,"Pitakotte, Colombo",Colombo,Pitakotte,"Pitakotte, Colombo"
House for sale,41031185.0,3,2,2352.18,"Mount Lavinia, Colombo",Colombo,Mount Lavinia,"Mount Lavinia, Colombo"
House for sale,40325738.0,4,4,2915.1,"Battaramulla, Colombo",Colombo,Battaramulla,"Battaramulla, Colombo"
House for sale,18599252.0,5,3,2229.23,"Pannipitiya, Colombo",Colombo,Pannipitiya,"Pannipitiya, Colombo"
House for sale,50277879.0,4,3,2933.02,"Pitakotte, Colombo",Colombo,Pitakotte,"Pitakotte, Colombo"
House for sale,18345374.0,3,3,1088.89,"Malabe, Colombo",Colombo,Malabe,"Malabe, Colombo"
Villa for sale,32203314.0,2,2,1500.89,"Athurugiriya, Colombo",Colombo,Athurugiriya,"Athurugiriya, Colombo"
House for sale,50438971.0,3,3,2729.15,"Rathmalana, Colombo",Colombo,Rathmalana,"Rathmalana, Colombo"
House for sale,40214044.0,4,5,896.0,"Colombo 9, Colombo",Colombo,Colombo 9,"Colombo 9, Colombo"
House for sale,61102273.0,4,4,3266.93,"Moratuwa, Colombo",Colombo,Moratuwa,"Moratuwa, Colombo"
House for sale,320251019.0,5,5,7135.44,"Colombo 7, Colombo",Colombo,Colombo 7,"Colombo 7, Colombo"
House for sale,29181311.0,4,4,1164.62,"Kaduwela, Colombo",Colombo,Kaduwela,"Kaduwela, Colombo"
Villa for sale,71619008.0,6,5,4441.31,"Dehiwala, Colombo",Colombo,Dehiwala,"Dehiwala, Colombo"
House for sale,356168661.0,8,6,8179.28,"Colombo 6, Colombo",Colombo,Colombo 6,"Colombo 6, Colombo"
House for sale,100869317.0,5,4,2936.79,"Bambalapitiya , Colombo",Colombo,Bambalapitiya ,"Bambalapitiya , Colombo"
Villa for sale,183003868.0,5,3,4077.47,"Colombo 7, Colombo",Colombo,Colombo 7,"Colombo 7, Colombo"
House for sale,48617807.0,5,4,2593.91,"Battaramulla, Colombo",Colombo,Battaramulla,"Battaramulla, Colombo"
House for sale,28058275.0,4,4,2848.55,"Awissawella, Colombo",Colombo,Awissawella,"Awissawella, Colombo"
House for sale,113040343.0,4,4,4115.13,"Battaramulla, Colombo",Colombo,Battaramulla,"Battaramulla, Colombo"
House for sale,66543894.0,5,4,4352.26,"Pitakotte, Colombo",Colombo,Pitakotte,"Pitakotte, Colombo"
House for sale,60634248.0,3,2,1350.98,"Pamankada, Colombo",Colombo,Pamankada,"Pamankada, Colombo"
House for sale,38921754.0,5,4,4117.93,"Awissawella, Colombo",Colombo,Awissawella,"Awissawella, Colombo"
House for sale,230772174.0,6,5,8195.94,"Nawala, Colombo",Colombo,Nawala,"Nawala, Colombo"
House for sale,64603921.0,4,4,3606.43,"Thalawathugoda, Colombo",Colombo,Thalawathugoda,"Thalawathugoda, Colombo"
House for sale,8628681.0,2,1,896.0,"Padukka, Colombo",Colombo,Padukka,"Padukka, Colombo"
Villa for sale,31527379.0,4,3,1389.65,"Colombo 9, Colombo",Colombo,Colombo 9,"Colombo 9, Colombo"
House for sale,59806230.0,5,3,2768.41,"Dehiwala, Colombo",Colombo,Dehiwala,"Dehiwala, Colombo"
House for sale,46846284.0,5,3,3893.41,"Kesbewa, Colombo",Colombo,Kesbewa,"Kesbewa, Colombo"
House for sale,224635630.0,5,5,5479.18,"Colombo 7, Colombo",Colombo,Colombo 7,"Colombo 7, Colombo"
House for sale,91828311.0,5,4,2851.18,"Dehiwala, Colombo",Colombo,Dehiwala,"Dehiwala, Colombo"
House for sale,114542388.0,4,4,4926.94,"Kothalawala, Colombo",Colombo,Kothalawala,"Kothalawala, Colombo"
House for sale,139937703.0,5,5,3554.66,"Colombo 7, Colombo",Colombo,Colombo 7,"Colombo 7, Colombo"
House for sale,58260170.0,5,5,3499.15,"Kothalawala, Colombo",Colombo,Kothalawala,"Kothalawala, Colombo"
House for sale,133331638.0,4,5,2970.73,"Nawala, Colombo",Colombo,Nawala,"Nawala, Colombo"
House for sale,45684233.0,4,4,2420.25,"Battaramulla, Colombo",Colombo,Battaramulla,"Battaramulla, Colombo"
Villa for sale,85178199.0,6,4,4382.16,"Maharagama, Colombo",Colombo,Maharagama,"Maharagama, Colombo"
House for sale,241787489.0,7,6,5387.21,"Pitakotte, Colombo",Colombo,Pitakotte,"Pitakotte, Colombo"
House for sale,57977974.0,4,2,1976.66,"Dehiwala, Colombo",Colombo,Dehiwala,"Dehiwala, Colombo"
Villa for sale,109755025.0,4,6,4131.6,"Boralesgamuwa, Colombo",Colombo,Boralesgamuwa,"Boralesgamuwa, Colombo"
House for sale,17856487.0,3,2,1029.73,"Mount Lavinia, Colombo",Colombo,Mount Lavinia,"Mount Lavinia, Colombo"
House for sale,236260593.0,5,5,5264.07,"Colombo 7, Colombo",Colombo,Colombo 7,"Colombo 7, Colombo"
House for sale,13275560.0,4,3,1322.15,"Polgasovita, Colombo",Colombo,Polgasovita,"Polgasovita, Colombo"
House for sale,42739968.0,5,3,3003.08,"Rathmalana, Colombo",Colombo,Rathmalana,"Rathmalana, Colombo"
House for sale,23443977.0,4,2,1672.38,"Athurugiriya, Colombo",Colombo,Athurugiriya,"Athurugiriya, Colombo"
House for sale,51819167.0,3,3,2573.22,"Battaramulla, Colombo",Colombo,Battaramulla,"Battaramulla, Colombo"
House for sale,74539512.0,3,3,3003.63,"Kirulapona, Colombo",Colombo,Kirulapona,"Kirulapona, Colombo"
House for sale,230771658.0,6,5,5141.77,"Colombo 7, Colombo",Colombo,Colombo 7,"Colombo 7, Colombo"
House for sale,43314114.0,5,3,5307.9,"Awissawella, Colombo",Colombo,Awissawella,"Awissawella, Colombo"
House for sale,70323722.0,4,4,3103.36,"Pitakotte, Colombo",Colombo,Pitakotte,"Pitakotte, Colombo"
House for sale,44152004.0,5,3,4519.0,"Morakatiya, Colombo",Colombo,Morakatiya,"Morakatiya, Colombo"
House for sale,46481882.0,3,4,1035.65,"Nawala, Colombo",Colombo,Nawala,"Nawala, Colombo"
House for sale,130214679.0,5,4,3820.54,"Kohuwala, Colombo",Colombo,Kohuwala,"Kohuwala, Colombo"
House for sale,14752342.0,3,2,1807.81,"Moratuwa, Colombo",Colombo,Moratuwa,"Moratuwa, Colombo"
House for sale,80016335.0,3,3,3517.69,"Dehiwala, Colombo",Colombo,Dehiwala,"Dehiwala, Colombo"
House for sale,19800545.0,3,2,1143.18,"Mount Lavinia, Colombo",Colombo,Mount Lavinia,"Mount Lavinia, Colombo"
House for sale,45502533.0,4,4,2196.95,"Wellampitiya, Colombo",Colombo,Wellampitiya,"Wellampitiya, Colombo"
House for sale,94644382.0,4,3,4991.53,"Colombo 6, Colombo",Colombo,Colombo 6,"Colombo 6, Colombo"
House for sale,17563643.0,2,2,1248.22,"Maththegoda, Colombo",Colombo,Maththegoda,"Maththegoda, Colombo"
House for sale,395783257.0,10,9,9019.7,"Dematagoda, Colombo",Colombo,Dematagoda,"Dematagoda, Colombo"
House for sale,47668374.0,4,3,2301.34,"Kottawa, Colombo",Colombo,Kottawa,"Kottawa, Colombo"
House for sale,72313110.0,3,3,2716.39,"Mount Lavinia, Colombo",Colombo,Mount Lavinia,"Mount Lavinia, Colombo"
House for sale,7777000.0,1,2,896.0,"Wellampitiya, Colombo",Colombo,Wellampitiya,"Wellampitiya, Colombo"
House for sale,32875780.0,2,2,2488.92,"Nugegoda, Colombo",Colombo,Nugegoda,"Nugegoda, Colombo"
House for sale,46627227.0,4,3,3488.9,"Malabe, Colombo",Colombo,Malabe,"Malabe, Colombo"
House for sale,95488359.0,3,3,2127.55,"Dehiwala, Colombo",Colombo,Dehiwala,"Dehiwala, Colombo"
House for sale,127153419.0,5,4,3096.62,"Boralesgamuwa, Colombo",Colombo,Boralesgamuwa,"Boralesgamuwa, Colombo"
House for sale,14236432.0,2,2,896.0,"Kolonnawa, Colombo",Colombo,Kolonnawa,"Kolonnawa, Colombo"
House for sale,171560505.0,3,4,3822.5,"Nugegoda, Colombo",Colombo,Nugegoda,"Nugegoda, Colombo"
House for sale,142174167.0,4,4,3747.36,"Pamankada, Colombo",Colombo,Pamankada,"Pamankada, Colombo"
Villa for sale,98443885.0,6,6,5457.62,"Boralesgamuwa, Colombo",Colombo,Boralesgamuwa,"Boralesgamuwa, Colombo"
House for sale,145403707.0,6,5,3239.71,"Mount Lavinia, Colombo",Colombo,Mount Lavinia,"Mount Lavinia, Colombo"
House for sale,14244922.0,3,2,1745.63,"Moratuwa, Colombo",Colombo,Moratuwa,"Moratuwa, Colombo"
House for sale,14262591.0,2,1,1747.8,"Moratuwa, Colombo",Colombo,Moratuwa,"Moratuwa, Colombo"
House for sale,133587168.0,5,4,4841.1,"Colombo 6, Colombo",Colombo,Colombo 6,"Colombo 6, Colombo"
House for sale,39102617.0,3,3,1970.83,"Kaduwela, Colombo",Colombo,Kaduwela,"Kaduwela, Colombo"
House for sale,123399821.0,5,5,2826.37,"Nawala, Colombo",Colombo,Nawala,"Nawala, Colombo"
House for sale,40344405.0,4,3,2360.28,"Kaduwela, Colombo",Colombo,Kaduwela,"Kaduwela, Colombo"
House for sale,27500000.0,3,2,1600.0,"Oruwala, Athurugiriya",Colombo,Athurugiriya,"Oruwala, Athurugiriya"
Villa for sale,59327539.0,4,4,3482.69,"Pitakotte, Colombo",Colombo,Pitakotte,"Pitakotte, Colombo"
Villa for sale,89055003.0,3,2,4871.76,"Colombo 6, Colombo",Colombo,Colombo 6,"Colombo 6, Colombo"
House for sale,152000000.0,6,6,2547.0,"Maya Avenue , Colombo 06",Colombo,Colombo 6,"Maya Avenue , Colombo 06"
House for sale,190140762.0,5,5,4620.11,"Colombo 7, Colombo",Colombo,Colombo 7,"Colombo 7, Colombo"
House for sale,36987939.0,5,4,4532.66,"Kaduwela, Colombo",Colombo,Kaduwela,"Kaduwela, Colombo"
House for sale,95996170.0,6,5,2138.87,"Battaramulla, Colombo",Colombo,Battaramulla,"Battaramulla, Colombo"
House for sale,65859166.0,4,3,2911.2,"Pitakotte, Colombo",Colombo,Pitakotte,"Pitakotte, Colombo"
House for sale,37000000.0,5,2,2500.0,"Puwakpitiya, Avissawella",Colombo,Awissawella,"Puwakpitiya, Avissawella"
House for sale,195495863.0,3,4,4355.8,"Colombo 7, Colombo",Colombo,Colombo 7,"Colombo 7, Colombo"
House for sale,67165353.0,4,5,3981.59,"Moratuwa, Colombo",Colombo,Moratuwa,"Moratuwa, Colombo"
House for sale,40214044.0,4,4,896.0,"Nawala, Colombo",Colombo,Nawala,"Nawala, Colombo"
House for sale,185619595.0,6,3,4135.75,"Colombo 6, Colombo",Colombo,Colombo 6,"Colombo 6, Colombo"
House for sale,35687922.0,2,3,1884.32,"Homagama, Colombo",Colombo,Homagama,"Homagama, Colombo"
House for sale,270001008.0,5,5,6015.83,"Colombo 7, Colombo",Colombo,Colombo 7,"Colombo 7, Colombo"
House for sale,82908182.0,6,5,4762.41,"Moratuwa, Colombo",Colombo,Moratuwa,"Moratuwa, Colombo"
House for sale,79751586.0,3,3,3200.89,"Nugegoda, Colombo",Colombo,Nugegoda,"Nugegoda, Colombo"
House for sale,404819885.0,9,9,9019.7,"Dematagoda, Colombo",Colombo,Dematagoda,"Dematagoda, Colombo"
Villa for sale,57647186.0,5,3,2302.7,"Wellampitiya, Colombo",Colombo,Wellampitiya,"Wellampitiya, Colombo"
House for sale,147531499.0,4,4,4635.66,"Nugegoda, Colombo",Colombo,Nugegoda,"Nugegoda, Colombo"
House for sale,24362752.0,2,2,1866.0,"Colombo 7, Colombo",Colombo,Colombo 7,"Colombo 7, Colombo"
House for sale,45438569.0,3,3,2078.6,"Homagama, Colombo",Colombo,Homagama,"Homagama, Colombo"
Villa for sale,42023815.0,4,4,1898.69,"Wellampitiya, Colombo",Colombo,Wellampitiya,"Wellampitiya, Colombo"
House for sale,300749640.0,7,5,9019.7,"Dematagoda, Colombo",Colombo,Dematagoda,"Dematagoda, Colombo"
House for sale,17655335.0,2,2,1152.03,"Kesbewa, Colombo",Colombo,Kesbewa,"Kesbewa, Colombo"
House for sale,153813795.0,5,4,4528.02,"Pamankada, Colombo",Colombo,Pamankada,"Pamankada, Colombo"
House for sale,36921814.0,4,3,3826.89,"Makadana, Colombo",Colombo,Makadana,"Makadana, Colombo"
House for sale,13096320.0,2,2,1599.67,"Kesbewa, Colombo",Colombo,Kesbewa,"Kesbewa, Colombo"
House for sale,404819885.0,10,9,9019.7,"Colombo 7, Colombo",Colombo,Colombo 7,"Colombo 7, Colombo"
House for sale,48439656.0,3,3,2426.2,"Boralesgamuwa, Colombo",Colombo,Boralesgamuwa,"Boralesgamuwa, Colombo"
House for sale,16736288.0,2,2,896.0,"Kolonnawa, Colombo",Colombo,Kolonnawa,"Kolonnawa, Colombo"
House for sale,63578529.0,5,3,3103.11,"Pitakotte, Colombo",Colombo,Pitakotte,"Pitakotte, Colombo"
Villa for sale,56373680.0,4,4,2802.77,"Rathmalana, Colombo",Colombo,Rathmalana,"Rathmalana, Colombo"
House for sale,12512388.0,4,2,1533.32,"Moratuwa, Colombo",Colombo,Moratuwa,"Moratuwa, Colombo"
House for sale,100176327.0,4,4,2679.21,"Battaramulla, Colombo",Colombo,Battaramulla,"Battaramulla, Colombo"
House for sale,23362643.0,4,3,2862.96,"Pannipitiya, Colombo",Colombo,Pannipitiya,"Pannipitiya, Colombo"
House for sale,34087080.0,2,2,1031.13,"Pamankada, Colombo",Colombo,Pamankada,"Pamankada, Colombo"
House for sale,92319449.0,4,2,4212.9,"Pitakotte, Colombo",Colombo,Pitakotte,"Pitakotte, Colombo"
House for sale,25531867.0,3,3,2948.42,"Piliyandala, Colombo",Colombo,Piliyandala,"Piliyandala, Colombo"
House for sale,169028479.0,5,3,3766.09,"Colombo 7, Colombo",Colombo,Colombo 7,"Colombo 7, Colombo"
House for sale,183365559.0,6,4,4085.53,"Colombo 7, Colombo",Colombo,Colombo 7,"Colombo 7, Colombo"
House for sale,16557899.0,2,2,1315.06,"Maththegoda, Colombo",Colombo,Maththegoda,"Maththegoda, Colombo"
House for sale,20043564.0,1,2,1249.03,"Awissawella, Colombo",Colombo,Awissawella,"Awissawella, Colombo"
House for sale,404819885.0,10,10,9019.7,"Pamankada, Colombo",Colombo,Pamankada,"Pamankada, Colombo"
House for sale,95785812.0,4,4,4290.48,"Thalawathugoda, Colombo",Colombo,Thalawathugoda,"Thalawathugoda, Colombo"
House for sale,25844948.0,3,2,1735.51,"Pamankada, Colombo",Colombo,Pamankada,"Pamankada, Colombo"
House for sale,128272781.0,7,6,4298.67,"Pitakotte, Colombo",Colombo,Pitakotte,"Pitakotte, Colombo"
House for sale,30272647.0,4,4,1119.9,"Kolonnawa, Colombo",Colombo,Kolonnawa,"Kolonnawa, Colombo"
House for sale,51750147.0,2,2,3058.6,"Dehiwala, Colombo",Colombo,Dehiwala,"Dehiwala, Colombo"
House for sale,33000000.0,4,4,2400.0,"Kiriwaththuduwa , Homagama",Colombo,Homagama,"Kiriwaththuduwa , Homagama"
House for sale,99276157.0,4,4,3831.15,"Pitakotte, Colombo",Colombo,Pitakotte,"Pitakotte, Colombo"
House for sale,307570111.0,8,6,9019.7,"Nugegoda, Colombo",Colombo,Nugegoda,"Nugegoda, Colombo"
House for sale,78096711.0,4,3,2798.7,"Battaramulla, Colombo",Colombo,Battaramulla,"Battaramulla, Colombo"
House for sale,41563873.0,2,2,1182.36,"Maharagama, Colombo",Colombo,Maharagama,"Maharagama, Colombo"
House for sale,136098977.0,4,5,3032.39,"Nawala, Colombo",Colombo,Nawala,"Nawala, Colombo"
House for sale,40444477.0,3,3,2581.02,"Colombo 7, Colombo",Colombo,Colombo 7,"Colombo 7, Colombo"
Villa for sale,89645988.0,3,4,2491.26,"Dehiwala, Colombo",Colombo,Dehiwala,"Dehiwala, Colombo"
House for sale,79305491.0,4,2,2585.88,"Kirulapona, Colombo",Colombo,Kirulapona,"Kirulapona, Colombo"
House for sale,51979841.0,4,3,3859.26,"Makadana, Colombo",Colombo,Makadana,"Makadana, Colombo"
House for sale,31534998.0,3,2,1266.85,"Maharagama, Colombo",Colombo,Maharagama,"Maharagama, Colombo"
House for sale,25191735.0,2,3,1121.24,"Maharagama, Colombo",Colombo,Maharagama,"Maharagama, Colombo"
House for sale,114045261.0,4,4,2798.65,"Battaramulla, Colombo",Colombo,Battaramulla,"Battaramulla, Colombo"
House for sale,92989109.0,5,3,3541.42,"Nugegoda, Colombo",Colombo,Nugegoda,"Nugegoda, Colombo"
Villa for sale,73497564.0,5,6,5745.1,"Boralesgamuwa, Colombo",Colombo,Boralesgamuwa,"Boralesgamuwa, Colombo"
House for sale,52356605.0,3,3,2880.16,"Moratuwa, Colombo",Colombo,Moratuwa,"Moratuwa, Colombo"
House for sale,134479027.0,4,4,5160.23,"Nugegoda, Colombo",Colombo,Nugegoda,"Nugegoda, Colombo"
House for sale,18260211.0,3,2,1108.72,"Maththegoda, Colombo",Colombo,Maththegoda,"Maththegoda, Colombo"
House for sale,257659209.0,7,6,9019.7,"Nugegoda, Colombo",Colombo,Nugegoda,"Nugegoda, Colombo"
House for sale,11465560.0,3,2,1405.04,"Padukka, Colombo",Colombo,Padukka,"Padukka, Colombo"
House for sale,66658507.0,4,5,3221.02,"Rathmalana, Colombo",Colombo,Rathmalana,"Rathmalana, Colombo"
House for sale,18110802.0,2,3,1054.91,"Morakatiya, Colombo",Colombo,Morakatiya,"Morakatiya, Colombo"
House for sale,98481761.0,5,4,4451.21,"Nugegoda, Colombo",Colombo,Nugegoda,"Nugegoda, Colombo"
House for sale,29410358.0,3,3,1415.34,"Kolonnawa, Colombo",Colombo,Kolonnawa,"Kolonnawa, Colombo"
House for sale,53378937.0,4,2,2226.86,"Kothalawala, Colombo",Colombo,Kothalawala,"Kothalawala, Colombo"
House for sale,30030752.0,2,3,1550.36,"Kolonnawa, Colombo",Colombo,Kolonnawa,"Kolonnawa, Colombo"
House for sale,25315532.0,4,3,2572.28,"Pannipitiya, Colombo",Colombo,Pannipitiya,"Pannipitiya, Colombo"
House for sale,86560650.0,6,4,3905.36,"Thalawathugoda, Colombo",Colombo,Thalawathugoda,"Thalawathugoda, Colombo"
House for sale,34637435.0,3,3,1982.21,"Wellampitiya, Colombo",Colombo,Wellampitiya,"Wellampitiya, Colombo"
House for sale,404819885.0,8,6,9019.7,"Colombo 7, Colombo",Colombo,Colombo 7,"Colombo 7, Colombo"
House for sale,40214044.0,3,3,896.0,"Nawala, Colombo",Colombo,Nawala,"Nawala, Colombo"
House for sale,50234557.0,4,4,3081.51,"Thalawathugoda, Colombo",Colombo,Thalawathugoda,"Thalawathugoda, Colombo"
House for sale,280411755.0,6,6,6247.79,"Pitakotte, Colombo",Colombo,Pitakotte,"Pitakotte, Colombo"
Villa for sale,93180045.0,5,3,4100.9,"Colombo 6, Colombo",Colombo,Colombo 6,"Colombo 6, Colombo"
House for sale,180313247.0,5,4,4017.52,"Nugegoda, Colombo",Colombo,Nugegoda,"Nugegoda, Colombo"
House for sale,47377475.0,4,4,3094.98,"Thalawathugoda, Colombo",Colombo,Thalawathugoda,"Thalawathugoda, Colombo"
House for sale,71297183.0,6,5,3618.95,"Dehiwala, Colombo",Colombo,Dehiwala,"Dehiwala, Colombo"
House for sale,66834711.0,5,5,3435.01,"Dehiwala, Colombo",Colombo,Dehiwala,"Dehiwala, Colombo"
House for sale,49693793.0,4,4,1107.22,"Nawala, Colombo",Colombo,Nawala,"Nawala, Colombo"
House for sale,32431752.0,4,3,2606.43,"Malabe, Colombo",Colombo,Malabe,"Malabe, Colombo"
House for sale,49443163.0,3,3,1101.63,"Nawala, Colombo",Colombo,Nawala,"Nawala, Colombo"
House for sale,87631901.0,5,5,5120.97,"Moratuwa, Colombo",Colombo,Moratuwa,"Moratuwa, Colombo"
House for sale,45442791.0,4,4,1905.33,"Awissawella, Colombo",Colombo,Awissawella,"Awissawella, Colombo"
House for sale,404819885.0,8,6,9019.7,"Nawala, Colombo",Colombo,Nawala,"Nawala, Colombo"
House for sale,85424349.0,4,4,2975.53,"Pamankada, Colombo",Colombo,Pamankada,"Pamankada, Colombo"
House for sale,110126043.0,4,4,3537.19,"Maharagama, Colombo",Colombo,Maharagama,"Maharagama, Colombo"
House for sale,10711921.0,2,1,1018.18,"Padukka, Colombo",Colombo,Padukka,"Padukka, Colombo"
House for sale,88000294.0,5,5,4589.67,"Thalawathugoda, Colombo",Colombo,Thalawathugoda,"Thalawathugoda, Colombo"
Villa for sale,40328778.0,4,3,2464.19,"Thalawathugoda, Colombo",Colombo,Thalawathugoda,"Thalawathugoda, Colombo"
House for sale,13496900.0,3,2,1653.97,"Moratuwa, Colombo",Colombo,Moratuwa,"Moratuwa, Colombo"
House for sale,36552160.0,3,3,1853.51,"Wellampitiya, Colombo",Colombo,Wellampitiya,"Wellampitiya, Colombo"
Villa for sale,117343589.0,5,5,4325.35,"Nawala, Colombo",Colombo,Nawala,"Nawala, Colombo"
House for sale,74421327.0,5,4,3039.18,"Nugegoda, Colombo",Colombo,Nugegoda,"Nugegoda, Colombo"
House for sale,135754528.0,5,4,3550.6,"Dematagoda, Colombo",Colombo,Dematagoda,"Dematagoda, Colombo"
House for sale,100878131.0,7,6,5582.39,"Boralesgamuwa, Colombo",Colombo,Boralesgamuwa,"Boralesgamuwa, Colombo"
House for sale,123569611.0,5,4,4261.59,"Nugegoda, Colombo",Colombo,Nugegoda,"Nugegoda, Colombo"
Villa for sale,115949594.0,5,4,4833.0,"Moratuwa, Colombo",Colombo,Moratuwa,"Moratuwa, Colombo"
House for sale,38472062.0,3,3,1839.41,"Kaduwela, Colombo",Colombo,Kaduwela,"Kaduwela, Colombo"
House for sale,404819885.0,9,6,9019.7,"Boralesgamuwa, Colombo",Colombo,Boralesgamuwa,"Boralesgamuwa, Colombo"
House for sale,95182758.0,7,6,5367.67,"Nugegoda, Colombo",Colombo,Nugegoda,"Nugegoda, Colombo"
House for sale,29249445.0,3,2,1491.85,"Colombo 7, Colombo",Colombo,Colombo 7,"Colombo 7, Colombo"
Villa for sale,109996200.0,5,5,4163.64,"Boralesgamuwa, Colombo",Colombo,Boralesgamuwa,"Boralesgamuwa, Colombo"
House for sale,94397252.0,5,5,4224.9,"Pitakotte, Colombo",Colombo,Pitakotte,"Pitakotte, Colombo"
House for sale,48552542.0,4,4,2283.83,"Battaramulla, Colombo",Colombo,Battaramulla,"Battaramulla, Colombo"
Villa for sale,95000000.0,4,6,4400.0,"Boralesgamuwa, Colombo",Colombo,Boralesgamuwa,"Boralesgamuwa, Colombo"
House for sale,45000000.0,4,3,2250.0,"Sedawatta, Kotuwila, Wellampitiya",Colombo,Wellampitiya,"Sedawatta, Kotuwila, Wellampitiya"
House for sale,116290000.0,4,4,4781.15,"Nugegoda, Colombo",Colombo,Nugegoda,"Nugegoda, Colombo"
House for sale,28712924.0,3,2,1399.91,"Morakatiya, Colombo",Colombo,Morakatiya,"Morakatiya, Colombo"
House for sale,120000000.0,4,4,3300.0,"Dutugemunu Street, Kohuwala",Colombo,Kohuwala,"Dutugemunu Street, Kohuwala"
House for sale,225700301.0,5,5,5028.78,"Colombo 7, Colombo",Colombo,Colombo 7,"Colombo 7, Colombo"
House for sale,30105501.0,3,3,3215.36,"Piliyandala, Colombo",Colombo,Piliyandala,"Piliyandala, Colombo"
House for sale,114654233.0,5,6,2554.58,"Colombo 6, Colombo",Colombo,Colombo 6,"Colombo 6, Colombo"
House for sale,34086954.0,3,3,1812.26,"Homagama, Colombo",Colombo,Homagama,"Homagama, Colombo"
House for sale,40214044.0,4,4,896.0,"Nawala, Colombo",Colombo,Nawala,"Nawala, Colombo"
House for sale,69461949.0,3,3,2528.6,"Dehiwala, Colombo",Colombo,Dehiwala,"Dehiwala, Colombo"
House for sale,155631408.0,6,4,3467.59,"Nugegoda, Colombo",Colombo,Nugegoda,"Nugegoda, Colombo"
House for sale,201785210.0,3,3,4495.93,"Colombo 7, Colombo",Colombo,Colombo 7,"Colombo 7, Colombo"
House for sale,404819885.0,9,5,9019.7,"Colombo 7, Colombo",Colombo,Colombo 7,"Colombo 7, Colombo"
House for sale,41477335.0,4,4,3691.93,"Makadana, Colombo",Colombo,Makadana,"Makadana, Colombo"
House for sale,79609747.0,3,4,1773.77,"Bambalapitiya , Colombo",Colombo,Bambalapitiya ,"Bambalapitiya , Colombo"
House for sale,125128391.0,5,4,5076.95,"Nugegoda, Colombo",Colombo,Nugegoda,"Nugegoda, Colombo"
House for sale,87425147.0,5,4,4080.65,"Pitakotte, Colombo",Colombo,Pitakotte,"Pitakotte, Colombo"
House for sale,56343337.0,5,4,2344.03,"Piliyandala, Colombo",Colombo,Piliyandala,"Piliyandala, Colombo"
House for sale,101018429.0,5,4,3344.59,"Maharagama, Colombo",Colombo,Maharagama,"Maharagama, Colombo"
House for sale,323726627.0,6,5,7212.88,"Boralesgamuwa, Colombo",Colombo,Boralesgamuwa,"Boralesgamuwa, Colombo"
House for sale,183712308.0,4,4,4603.65,"Nawala, Colombo",Colombo,Nawala,"Nawala, Colombo"
House for sale,87784885.0,3,4,2801.78,"Dehiwala, Colombo",Colombo,Dehiwala,"Dehiwala, Colombo"
House for sale,176669328.0,4,4,3936.33,"Mount Lavinia, Colombo",Colombo,Mount Lavinia,"Mount Lavinia, Colombo"
House for sale,184737063.0,4,4,4425.93,"Mount Lavinia, Colombo",Colombo,Mount Lavinia,"Mount Lavinia, Colombo"
House for sale,89143766.0,3,4,3850.58,"Pitakotte, Colombo",Colombo,Pitakotte,"Pitakotte, Colombo"
House for sale,190794505.0,4,4,4251.05,"Nawala, Colombo",Colombo,Nawala,"Nawala, Colombo"
House for sale,70641176.0,3,1,1573.94,"Pamankada, Colombo",Colombo,Pamankada,"Pamankada, Colombo"
House for sale,45368293.0,5,3,2293.98,"Wellampitiya, Colombo",Colombo,Wellampitiya,"Wellampitiya, Colombo"
House for sale,48856541.0,5,4,3695.59,"Thalawathugoda, Colombo",Colombo,Thalawathugoda,"Thalawathugoda, Colombo"
House for sale,37371954.0,5,3,4579.72,"Awissawella, Colombo",Colombo,Awissawella,"Awissawella, Colombo"
House for sale,391394606.0,7,6,8720.57,"Colombo 7, Colombo",Colombo,Colombo 7,"Colombo 7, Colombo"
House for sale,42000000.0,4,3,3750.0,"Kesbawa, Makadana ",Colombo,Makadana,"Kesbawa, Makadana "
Villa for sale,15146370.0,4,2,1258.21,"Maththegoda, Colombo",Colombo,Maththegoda,"Maththegoda, Colombo"
Villa for sale,28797861.0,4,3,2194.66,"Kolonnawa, Colombo",Colombo,Kolonnawa,"Kolonnawa, Colombo"
House for sale,26844506.0,5,3,3139.26,"Piliyandala, Colombo",Colombo,Piliyandala,"Piliyandala, Colombo"
House for sale,129374856.0,5,4,4048.88,"Mount Lavinia, Colombo",Colombo,Mount Lavinia,"Mount Lavinia, Colombo"
House for sale,173311433.0,3,3,3861.51,"Nugegoda, Colombo",Colombo,Nugegoda,"Nugegoda, Colombo"
House for sale,141462524.0,8,6,4155.92,"Rathmalana, Colombo",Colombo,Rathmalana,"Rathmalana, Colombo"
House for sale,20667654.0,2,2,1720.27,"Moratuwa, Colombo",Colombo,Moratuwa,"Moratuwa, Colombo"
House for sale,43092551.0,5,5,1224.92,"Colombo 9, Colombo",Colombo,Colombo 9,"Colombo 9, Colombo"
House for sale,7777000.0,1,2,896.0,"Pannipitiya, Colombo",Colombo,Pannipitiya,"Pannipitiya, Colombo"
House for sale,36555429.0,2,1,2702.08,"Boralesgamuwa, Colombo",Colombo,Boralesgamuwa,"Boralesgamuwa, Colombo"
House for sale,13010767.0,2,2,896.0,"Pannipitiya, Colombo",Colombo,Pannipitiya,"Pannipitiya, Colombo"
House for sale,45042061.0,4,3,3106.08,"Pitakotte, Colombo",Colombo,Pitakotte,"Pitakotte, Colombo"
House for sale,149465812.0,4,4,3330.21,"Nugegoda, Colombo",Colombo,Nugegoda,"Nugegoda, Colombo"
House for sale,63847221.0,4,4,3425.14,"Thalawathugoda, Colombo",Colombo,Thalawathugoda,"Thalawathugoda, Colombo"
House for sale,57810413.0,5,3,1913.84,"Colombo 9, Colombo",Colombo,Colombo 9,"Colombo 9, Colombo"
House for sale,149056737.0,5,5,5403.24,"Moratuwa, Colombo",Colombo,Moratuwa,"Moratuwa, Colombo"
House for sale,143112206.0,5,5,3628.43,"Nawala, Colombo",Colombo,Nawala,"Nawala, Colombo"
House for sale,70777632.0,4,3,2741.31,"Mount Lavinia, Colombo",Colombo,Mount Lavinia,"Mount Lavinia, Colombo"
House for sale,39867196.0,5,4,2148.93,"Colombo 8, Colombo",Colombo,Colombo 8,"Colombo 8, Colombo"
House for sale,25995589.0,3,3,1456.3,"Kolonnawa, Colombo",Colombo,Kolonnawa,"Kolonnawa, Colombo"
House for sale,24919287.0,4,2,2594.74,"Colombo 8, Colombo",Colombo,Colombo 8,"Colombo 8, Colombo"
House for sale,18375062.0,4,2,1580.36,"Wellampitiya, Colombo",Colombo,Wellampitiya,"Wellampitiya, Colombo"
House for sale,123076599.0,5,5,3110.09,"Nawala, Colombo",Colombo,Nawala,"Nawala, Colombo"
House for sale,110743857.0,5,6,2467.46,"Boralesgamuwa, Colombo",Colombo,Boralesgamuwa,"Boralesgamuwa, Colombo"
House for sale,39271831.0,5,3,2600.87,"Wellampitiya, Colombo",Colombo,Wellampitiya,"Wellampitiya, Colombo"
House for sale,43773387.0,2,3,1810.73,"Morakatiya, Colombo",Colombo,Morakatiya,"Morakatiya, Colombo"
Villa for sale,43214545.0,3,3,2521.6,"Kolonnawa, Colombo",Colombo,Kolonnawa,"Kolonnawa, Colombo"
House for sale,85000000.0,5,3,3000.0,"Thalangama, Battaramulla",Colombo,Battaramulla,"Thalangama, Battaramulla"
House for sale,46623971.0,3,4,3555.32,"Thalawathugoda, Colombo",Colombo,Thalawathugoda,"Thalawathugoda, Colombo"
House for sale,77317910.0,5,4,2794.41,"Pitakotte, Colombo",Colombo,Pitakotte,"Pitakotte, Colombo"
House for sale,21950103.0,2,2,2059.43,"Polgasovita, Colombo",Colombo,Polgasovita,"Polgasovita, Colombo"
House for sale,220000000.0,5,5,5000.0,"Malalasekara Pedesa, Colombo 7",Colombo,Colombo 7,"Malalasekara Pedesa, Colombo 7"
House for sale,41254692.0,3,3,4401.81,"Makadana, Colombo",Colombo,Makadana,"Makadana, Colombo"
House for sale,11500523.0,3,3,1409.32,"Kesbewa, Colombo",Colombo,Kesbewa,"Kesbewa, Colombo"
House for sale,217026389.0,6,5,4835.52,"Bambalapitiya , Colombo",Colombo,Bambalapitiya ,"Bambalapitiya , Colombo"
House for sale,59678247.0,4,3,2551.78,"Homagama, Colombo",Colombo,Homagama,"Homagama, Colombo"
House for sale,201263327.0,6,3,4484.3,"Nugegoda, Colombo",Colombo,Nugegoda,"Nugegoda, Colombo"
House for sale,101389703.0,4,5,3822.94,"Rathmalana, Colombo",Colombo,Rathmalana,"Rathmalana, Colombo"
House for sale,20430191.0,4,4,1484.91,"Kesbewa, Colombo",Colombo,Kesbewa,"Kesbewa, Colombo"
House for sale,134825437.0,4,5,3004.01,"Colombo 6, Colombo",Colombo,Colombo 6,"Colombo 6, Colombo"
House for sale,21385197.0,2,2,1209.91,"Makumbura, Colombo",Colombo,Makumbura,"Makumbura, Colombo"
House for sale,25805609.0,4,3,2867.42,"Colombo 8, Colombo",Colombo,Colombo 8,"Colombo 8, Colombo"
House for sale,75000000.0,4,4,1040.0,"Nawala, Colombo",Colombo,Nawala,"Nawala, Colombo"
House for sale,70709497.0,5,5,3650.18,"Mount Lavinia, Colombo",Colombo,Mount Lavinia,"Mount Lavinia, Colombo"
House for sale,390678331.0,10,9,9019.7,"Dematagoda, Colombo",Colombo,Dematagoda,"Dematagoda, Colombo"
House for sale,132352238.0,4,4,3635.18,"Thalawathugoda, Colombo",Colombo,Thalawathugoda,"Thalawathugoda, Colombo"
House for sale,12602238.0,2,1,1544.33,"Moratuwa, Colombo",Colombo,Moratuwa,"Moratuwa, Colombo"
House for sale,181541680.0,4,4,4044.89,"Nawala, Colombo",Colombo,Nawala,"Nawala, Colombo"
House for sale,75450500.0,7,6,5091.48,"Boralesgamuwa, Colombo",Colombo,Boralesgamuwa,"Boralesgamuwa, Colombo"
Villa for sale,119093100.0,4,4,3139.59,"Battaramulla, Colombo",Colombo,Battaramulla,"Battaramulla, Colombo"
House for sale,87998646.0,5,5,3688.97,"Kirulapona, Colombo",Colombo,Kirulapona,"Kirulapona, Colombo"
House for sale,27025911.0,2,2,2149.8,"Polgasovita, Colombo",Colombo,Polgasovita,"Polgasovita, Colombo"
House for sale,404819885.0,8,5,9019.7,"Colombo 6, Colombo",Colombo,Colombo 6,"Colombo 6, Colombo"
House for sale,7777000.0,3,1,896.0,"Polgasovita, Colombo",Colombo,Polgasovita,"Polgasovita, Colombo"
House for sale,76310668.0,4,5,3243.45,"Kottawa, Colombo",Colombo,Kottawa,"Kottawa, Colombo"
House for sale,183330326.0,6,4,4084.74,"Colombo 7, Colombo",Colombo,Colombo 7,"Colombo 7, Colombo"
House for sale,141973393.0,5,5,3163.28,"Nawala, Colombo",Colombo,Nawala,"Nawala, Colombo"
House for sale,70000000.0,10,6,5000.0,"Vihara Road, Mount Lavinia",Colombo,Mount Lavinia,"Vihara Road, Mount Lavinia"
House for sale,41096914.0,4,3,1881.62,"Homagama, Colombo",Colombo,Homagama,"Homagama, Colombo"
House for sale,43954242.0,3,3,979.33,"Nawala, Colombo",Colombo,Nawala,"Nawala, Colombo"
House for sale,9000000.0,3,1,1300.0,"Miriyagalla Road, Udumulla, Padukka",Colombo,Padukka,"Miriyagalla Road, Udumulla, Padukka"
House for sale,49332088.0,5,3,2094.02,"Kottawa, Colombo",Colombo,Kottawa,"Kottawa, Colombo"
House for sale,172170861.0,4,4,3836.1,"Nawala, Colombo",Colombo,Nawala,"Nawala, Colombo"
Villa for sale,131243774.0,5,5,4517.51,"Nawala, Colombo",Colombo,Nawala,"Nawala, Colombo"
House for sale,60928054.0,3,4,2314.02,"Battaramulla, Colombo",Colombo,Battaramulla,"Battaramulla, Colombo"
House for sale,20289075.0,4,3,2486.31,"Padukka, Colombo",Colombo,Padukka,"Padukka, Colombo"
House for sale,34736087.0,4,3,1883.47,"Wellampitiya, Colombo",Colombo,Wellampitiya,"Wellampitiya, Colombo"
House for sale,39613100.0,6,4,4854.36,"Awissawella, Colombo",Colombo,Awissawella,"Awissawella, Colombo"
House for sale,7777000.0,2,2,896.0,"Wellampitiya, Colombo",Colombo,Wellampitiya,"Wellampitiya, Colombo"
House for sale,173999763.0,4,4,3876.85,"Nugegoda, Colombo",Colombo,Nugegoda,"Nugegoda, Colombo"
House for sale,52634368.0,3,3,2993.31,"Dehiwala, Colombo",Colombo,Dehiwala,"Dehiwala, Colombo"
House for sale,53869097.0,3,4,3404.03,"Thalawathugoda, Colombo",Colombo,Thalawathugoda,"Thalawathugoda, Colombo"
Villa for sale,27156999.0,2,2,1759.65,"Athurugiriya, Colombo",Colombo,Athurugiriya,"Athurugiriya, Colombo"
House for sale,88000000.0,5,4,2500.0,"Attidiya, Dehiwala",Colombo,Dehiwala,"Attidiya, Dehiwala"
House for sale,141197749.0,3,3,3474.47,"Dehiwala, Colombo",Colombo,Dehiwala,"Dehiwala, Colombo"
House for sale,141909906.0,5,5,3613.65,"Thalawathugoda, Colombo",Colombo,Thalawathugoda,"Thalawathugoda, Colombo"
House for sale,75188725.0,5,4,4270.92,"Pitakotte, Colombo",Colombo,Pitakotte,"Pitakotte, Colombo"
House for sale,49271497.0,4,5,4027.72,"Kothalawala, Colombo",Colombo,Kothalawala,"Kothalawala, Colombo"
House for sale,26500000.0,4,3,2850.0,"Kottunna Road, Kaduwela",Colombo,Kaduwela,"Kottunna Road, Kaduwela"
House for sale,107964554.0,5,5,3141.47,"Nawala, Colombo",Colombo,Nawala,"Nawala, Colombo"
Villa for sale,231573259.0,6,5,5159.63,"Colombo 7, Colombo",Colombo,Colombo 7,"Colombo 7, Colombo"
House for sale,67042459.0,4,3,1563.53,"Colombo 9, Colombo",Colombo,Colombo 9,"Colombo 9, Colombo"
House for sale,82517044.0,5,4,1838.54,"Bambalapitiya , Colombo",Colombo,Bambalapitiya ,"Bambalapitiya , Colombo"
House for sale,33421392.0,4,3,3045.5,"Maharagama, Colombo",Colombo,Maharagama,"Maharagama, Colombo"
House for sale,16130791.0,2,2,1119.0,"Mount Lavinia, Colombo",Colombo,Mount Lavinia,"Mount Lavinia, Colombo"
House for sale,222106128.0,6,5,4948.7,"Rathmalana, Colombo",Colombo,Rathmalana,"Rathmalana, Colombo"
House for sale,38035339.0,5,3,3844.0,"Kolonnawa, Colombo",Colombo,Kolonnawa,"Kolonnawa, Colombo"
House for sale,404819885.0,10,9,9019.7,"Kohuwala, Colombo",Colombo,Kohuwala,"Kohuwala, Colombo"
House for sale,32287820.0,7,5,3956.69,"Kottawa, Colombo",Colombo,Kottawa,"Kottawa, Colombo"
House for sale,44263338.0,3,3,4052.56,"Kolonnawa, Colombo",Colombo,Kolonnawa,"Kolonnawa, Colombo"
House for sale,40909307.0,4,3,2605.34,"Kottawa, Colombo",Colombo,Kottawa,"Kottawa, Colombo"
House for sale,113825833.0,6,5,4647.24,"Maharagama, Colombo",Colombo,Maharagama,"Maharagama, Colombo"
House for sale,44899159.0,4,3,2247.08,"Rathmalana, Colombo",Colombo,Rathmalana,"Rathmalana, Colombo"
House for sale,62112113.0,4,3,1650.87,"Colombo 9, Colombo",Colombo,Colombo 9,"Colombo 9, Colombo"
House for sale,81024667.0,5,5,3750.17,"Kottawa, Colombo",Colombo,Kottawa,"Kottawa, Colombo"
House for sale,334063618.0,6,5,7443.2,"Kohuwala, Colombo",Colombo,Kohuwala,"Kohuwala, Colombo"
House for sale,88017345.0,5,3,4365.6,"Nawala, Colombo",Colombo,Nawala,"Nawala, Colombo"
House for sale,69157929.0,2,3,2866.61,"Thalawathugoda, Colombo",Colombo,Thalawathugoda,"Thalawathugoda, Colombo"
House for sale,43027899.0,2,2,958.69,"Dematagoda, Colombo",Colombo,Dematagoda,"Dematagoda, Colombo"
House for sale,38828352.0,2,2,1190.78,"Malabe, Colombo",Colombo,Malabe,"Malabe, Colombo"
House for sale,81370675.0,7,6,4865.32,"Pamankada, Colombo",Colombo,Pamankada,"Pamankada, Colombo"
House for sale,208790964.0,5,5,4652.02,"Colombo 7, Colombo",Colombo,Colombo 7,"Colombo 7, Colombo"
House for sale,33258680.0,4,3,2396.85,"Kottawa, Colombo",Colombo,Kottawa,"Kottawa, Colombo"
House for sale,33932639.0,2,2,1253.91,"Maharagama, Colombo",Colombo,Maharagama,"Maharagama, Colombo"
House for sale,21177923.0,5,3,2595.23,"Padukka, Colombo",Colombo,Padukka,"Padukka, Colombo"
House for sale,107835262.0,5,5,2981.17,"Nawala, Colombo",Colombo,Nawala,"Nawala, Colombo"
House for sale,45244815.0,2,2,1174.95,"Maharagama, Colombo",Colombo,Maharagama,"Maharagama, Colombo"
House for sale,28307229.0,4,3,1576.39,"Boralesgamuwa, Colombo",Colombo,Boralesgamuwa,"Boralesgamuwa, Colombo"
House for sale,107965695.0,4,4,2478.44,"Kirulapona, Colombo",Colombo,Kirulapona,"Kirulapona, Colombo"
House for sale,161214639.0,4,4,3591.99,"Nawala, Colombo",Colombo,Nawala,"Nawala, Colombo"
House for sale,41629619.0,3,3,981.75,"Colombo 6, Colombo",Colombo,Colombo 6,"Colombo 6, Colombo"
House for sale,22383807.0,3,3,1277.85,"Kolonnawa, Colombo",Colombo,Kolonnawa,"Kolonnawa, Colombo"
House for sale,58822599.0,3,2,2049.95,"Dehiwala, Colombo",Colombo,Dehiwala,"Dehiwala, Colombo"
House for sale,101976275.0,4,5,3175.49,"Mount Lavinia, Colombo",Colombo,Mount Lavinia,"Mount Lavinia, Colombo"
House for sale,159367283.0,4,4,3964.95,"Boralesgamuwa, Colombo",Colombo,Boralesgamuwa,"Boralesgamuwa, Colombo"
House for sale,55766989.0,5,3,3216.42,"Kolonnawa, Colombo",Colombo,Kolonnawa,"Kolonnawa, Colombo"
House for sale,26604139.0,2,2,1634.37,"Thalawathugoda, Colombo",Colombo,Thalawathugoda,"Thalawathugoda, Colombo"
House for sale,44078702.0,4,3,1859.78,"Wellampitiya, Colombo",Colombo,Wellampitiya,"Wellampitiya, Colombo"
Villa for sale,105088063.0,3,4,2558.96,"Dehiwala, Colombo",Colombo,Dehiwala,"Dehiwala, Colombo"
House for sale,29917033.0,3,4,1074.04,"Colombo 9, Colombo",Colombo,Colombo 9,"Colombo 9, Colombo"
House for sale,58033874.0,3,2,2010.47,"Dehiwala, Colombo",Colombo,Dehiwala,"Dehiwala, Colombo"
House for sale,51660040.0,3,2,3247.07,"Thalawathugoda, Colombo",Colombo,Thalawathugoda,"Thalawathugoda, Colombo"
House for sale,39895728.0,4,3,4134.08,"Kesbewa, Colombo",Colombo,Kesbewa,"Kesbewa, Colombo"
Villa for sale,31249851.0,6,4,3829.49,"Rathmalana, Colombo",Colombo,Rathmalana,"Rathmalana, Colombo"
House for sale,183614444.0,4,4,4174.86,"Colombo 6, Colombo",Colombo,Colombo 6,"Colombo 6, Colombo"
House for sale,62981945.0,9,7,4601.01,"Mount Lavinia, Colombo",Colombo,Mount Lavinia,"Mount Lavinia, Colombo"
House for sale,43856432.0,6,4,5374.35,"Maharagama, Colombo",Colombo,Maharagama,"Maharagama, Colombo"
House for sale,19814839.0,5,3,2428.19,"Piliyandala, Colombo",Colombo,Piliyandala,"Piliyandala, Colombo"
House for sale,133584779.0,5,5,2976.37,"Colombo 6, Colombo",Colombo,Colombo 6,"Colombo 6, Colombo"
House for sale,47098722.0,3,2,2558.82,"Thalawathugoda, Colombo",Colombo,Thalawathugoda,"Thalawathugoda, Colombo"
House for sale,22380857.0,5,3,2742.65,"Piliyandala, Colombo",Colombo,Piliyandala,"Piliyandala, Colombo"
House for sale,22916732.0,2,2,1714.93,"Thalawathugoda, Colombo",Colombo,Thalawathugoda,"Thalawathugoda, Colombo"
House for sale,79000000.0,6,4,3600.0,"4th Lane, Pitakotte",Colombo,Pitakotte,"4th Lane, Pitakotte"
House for sale,42338898.0,3,2,2622.02,"Maharagama, Colombo",Colombo,Maharagama,"Maharagama, Colombo"
House for sale,62559875.0,4,4,2826.21,"Moratuwa, Colombo",Colombo,Moratuwa,"Moratuwa, Colombo"
House for sale,96582807.0,5,3,3157.57,"Kirulapona, Colombo",Colombo,Kirulapona,"Kirulapona, Colombo"
House for sale,345252377.0,9,8,8485.98,"Nugegoda, Colombo",Colombo,Nugegoda,"Nugegoda, Colombo"
House for sale,51654805.0,2,4,1150.91,"Nawala, Colombo",Colombo,Nawala,"Nawala, Colombo"
House for sale,37810057.0,3,4,3147.44,"Morakatiya, Colombo",Colombo,Morakatiya,"Morakatiya, Colombo"
House for sale,56633048.0,5,5,2983.58,"Kothalawala, Colombo",Colombo,Kothalawala,"Kothalawala, Colombo"
House for sale,133323107.0,6,5,3859.55,"Battaramulla, Colombo",Colombo,Battaramulla,"Battaramulla, Colombo"
House for sale,28255856.0,2,3,1458.06,"Kolonnawa, Colombo",Colombo,Kolonnawa,"Kolonnawa, Colombo"
House for sale,47341881.0,4,5,3644.46,"Kothalawala, Colombo",Colombo,Kothalawala,"Kothalawala, Colombo"
House for sale,82692090.0,4,4,3455.19,"Pitakotte, Colombo",Colombo,Pitakotte,"Pitakotte, Colombo"
House for sale,70242258.0,3,3,3293.11,"Moratuwa, Colombo",Colombo,Moratuwa,"Moratuwa, Colombo"
House for sale,54870707.0,4,3,3059.11,"Dehiwala, Colombo",Colombo,Dehiwala,"Dehiwala, Colombo"
House for sale,35297603.0,6,4,4325.52,"Moratuwa, Colombo",Colombo,Moratuwa,"Moratuwa, Colombo"
House for sale,91788825.0,4,4,4365.59,"Pitakotte, Colombo",Colombo,Pitakotte,"Pitakotte, Colombo"
House for sale,37000000.0,4,3,2800.0,"Temple Road, Maharagama",Colombo,Maharagama,"Temple Road, Maharagama"
House for sale,52248148.0,3,2,2638.02,"Awissawella, Colombo",Colombo,Awissawella,"Awissawella, Colombo"
House for sale,77392902.0,4,4,3950.41,"Pitakotte, Colombo",Colombo,Pitakotte,"Pitakotte, Colombo"
House for sale,321513410.0,6,5,7163.57,"Colombo 7, Colombo",Colombo,Colombo 7,"Colombo 7, Colombo"
House for sale,84564794.0,5,4,3647.02,"Pitakotte, Colombo",Colombo,Pitakotte,"Pitakotte, Colombo"
House for sale,35292916.0,4,3,3820.72,"Makadana, Colombo",Colombo,Makadana,"Makadana, Colombo"
House for sale,99273439.0,4,4,2569.16,"Moratuwa, Colombo",Colombo,Moratuwa,"Moratuwa, Colombo"
House for sale,111420414.0,4,5,4154.81,"Nawala, Colombo",Colombo,Nawala,"Nawala, Colombo"
House for sale,100247270.0,3,3,4245.18,"Nugegoda, Colombo",Colombo,Nugegoda,"Nugegoda, Colombo"
House for sale,100311514.0,5,4,5490.43,"Kottawa, Colombo",Colombo,Kottawa,"Kottawa, Colombo"
House for sale,85744073.0,6,5,4502.9,"Mount Lavinia, Colombo",Colombo,Mount Lavinia,"Mount Lavinia, Colombo"
House for sale,29884526.0,4,3,1687.09,"Wellampitiya, Colombo",Colombo,Wellampitiya,"Wellampitiya, Colombo"
House for sale,76514417.0,7,6,6197.68,"Boralesgamuwa, Colombo",Colombo,Boralesgamuwa,"Boralesgamuwa, Colombo"
House for sale,95000000.0,3,2,4500.0,"Kirulapone, Colombo 6",Colombo,Colombo 6,"Kirulapone, Colombo 6"
House for sale,87471808.0,4,3,2471.88,"Battaramulla, Colombo",Colombo,Battaramulla,"Battaramulla, Colombo"
House for sale,39442141.0,4,3,2270.69,"Rathmalana, Colombo",Colombo,Rathmalana,"Rathmalana, Colombo"
House for sale,113879883.0,4,3,4512.03,"Dehiwala, Colombo",Colombo,Dehiwala,"Dehiwala, Colombo"
House for sale,103552412.0,6,6,2307.23,"Colombo 6, Colombo",Colombo,Colombo 6,"Colombo 6, Colombo"
House for sale,24510804.0,3,3,3003.66,"Maharagama, Colombo",Colombo,Maharagama,"Maharagama, Colombo"
House for sale,36677736.0,4,3,2198.16,"Wellampitiya, Colombo",Colombo,Wellampitiya,"Wellampitiya, Colombo"
House for sale,70554874.0,5,3,3021.69,"Battaramulla, Colombo",Colombo,Battaramulla,"Battaramulla, Colombo"
House for sale,115452831.0,5,4,4940.13,"Nugegoda, Colombo",Colombo,Nugegoda,"Nugegoda, Colombo"
Villa for sale,56877363.0,5,3,4942.65,"Kolonnawa, Colombo",Colombo,Kolonnawa,"Kolonnawa, Colombo"
Villa for sale,129698951.0,9,7,3515.66,"Rathmalana, Colombo",Colombo,Rathmalana,"Rathmalana, Colombo"
House for sale,12754912.0,1,2,1238.1,"Padukka, Colombo",Colombo,Padukka,"Padukka, Colombo"
House for sale,16669212.0,1,2,896.0,"Kolonnawa, Colombo",Colombo,Kolonnawa,"Kolonnawa, Colombo"
House for sale,15152609.0,1,2,1124.42,"Mount Lavinia, Colombo",Colombo,Mount Lavinia,"Mount Lavinia, Colombo"
House for sale,62000000.0,6,5,3500.0,"Dehiwala, Colombo",Colombo,Dehiwala,"Dehiwala, Colombo"
House for sale,51589115.0,4,3,1786.9,"Homagama, Colombo",Colombo,Homagama,"Homagama, Colombo"
House for sale,49377817.0,4,3,2850.0,"Thalawathugoda, Colombo",Colombo,Thalawathugoda,"Thalawathugoda, Colombo"
Villa for sale,60234303.0,4,4,3910.88,"Mount Lavinia, Colombo",Colombo,Mount Lavinia,"Mount Lavinia, Colombo"
House for sale,107272711.0,3,4,2424.68,"Dehiwala, Colombo",Colombo,Dehiwala,"Dehiwala, Colombo"
House for sale,193878902.0,6,5,4750.6,"Nawala, Colombo",Colombo,Nawala,"Nawala, Colombo"
House for sale,31067225.0,4,5,2993.03,"Morakatiya, Colombo",Colombo,Morakatiya,"Morakatiya, Colombo"
House for sale,42039074.0,5,5,2653.47,"Battaramulla, Colombo",Colombo,Battaramulla,"Battaramulla, Colombo"
House for sale,33237367.0,3,2,2839.41,"Awissawella, Colombo",Colombo,Awissawella,"Awissawella, Colombo"
House for sale,44878219.0,3,3,2299.78,"Kesbewa, Colombo",Colombo,Kesbewa,"Kesbewa, Colombo"
House for sale,25773266.0,2,3,1281.53,"Kolonnawa, Colombo",Colombo,Kolonnawa,"Kolonnawa, Colombo"
House for sale,35510035.0,3,4,955.28,"Colombo 9, Colombo",Colombo,Colombo 9,"Colombo 9, Colombo"
House for sale,37258590.0,7,5,4565.83,"Mount Lavinia, Colombo",Colombo,Mount Lavinia,"Mount Lavinia, Colombo"
House for sale,404819885.0,7,5,9019.7,"Colombo 7, Colombo",Colombo,Colombo 7,"Colombo 7, Colombo"
House for sale,25444633.0,4,3,1494.51,"Athurugiriya, Colombo",Colombo,Athurugiriya,"Athurugiriya, Colombo"
House for sale,49360102.0,3,4,1099.78,"Nawala, Colombo",Colombo,Nawala,"Nawala, Colombo"
House for sale,62512807.0,5,5,3508.89,"Dehiwala, Colombo",Colombo,Dehiwala,"Dehiwala, Colombo"
House for sale,56207057.0,4,5,3979.82,"Moratuwa, Colombo",Colombo,Moratuwa,"Moratuwa, Colombo"
House for sale,148289506.0,5,4,5348.95,"Nugegoda, Colombo",Colombo,Nugegoda,"Nugegoda, Colombo"
House for sale,404819885.0,9,6,9019.7,"Colombo 7, Colombo",Colombo,Colombo 7,"Colombo 7, Colombo"
House for sale,37746036.0,5,4,2437.15,"Colombo 8, Colombo",Colombo,Colombo 8,"Colombo 8, Colombo"
Villa for sale,14069508.0,2,1,1724.14,"Moratuwa, Colombo",Colombo,Moratuwa,"Moratuwa, Colombo"
House for sale,377602441.0,10,8,9019.7,"Kohuwala, Colombo",Colombo,Kohuwala,"Kohuwala, Colombo"
House for sale,29329882.0,4,3,3190.42,"Pannipitiya, Colombo",Colombo,Pannipitiya,"Pannipitiya, Colombo"
House for sale,300000000.0,6,6,5600.0,"Mission Road, Pitakotte",Colombo,Pitakotte,"Mission Road, Pitakotte"
House for sale,113279484.0,5,5,2523.95,"Colombo 6, Colombo",Colombo,Colombo 6,"Colombo 6, Colombo"
House for sale,84161462.0,3,3,3824.36,"Kothalawala, Colombo",Colombo,Kothalawala,"Kothalawala, Colombo"
House for sale,66800832.0,3,3,1488.37,"Bambalapitiya , Colombo",Colombo,Bambalapitiya ,"Bambalapitiya , Colombo"
House for sale,14224930.0,3,3,947.09,"Kesbewa, Colombo",Colombo,Kesbewa,"Kesbewa, Colombo"
House for sale,404819885.0,7,6,9019.7,"Colombo 7, Colombo",Colombo,Colombo 7,"Colombo 7, Colombo"
House for sale,42498949.0,5,3,2477.22,"Dehiwala, Colombo",Colombo,Dehiwala,"Dehiwala, Colombo"
House for sale,64648691.0,4,4,4279.86,"Thalawathugoda, Colombo",Colombo,Thalawathugoda,"Thalawathugoda, Colombo"
House for sale,14633119.0,4,3,1341.92,"Kesbewa, Colombo",Colombo,Kesbewa,"Kesbewa, Colombo"
House for sale,127522684.0,8,6,4933.73,"Kottawa, Colombo",Colombo,Kottawa,"Kottawa, Colombo"
Villa for sale,27796844.0,4,3,1752.71,"Athurugiriya, Colombo",Colombo,Athurugiriya,"Athurugiriya, Colombo"
House for sale,258802650.0,5,5,5766.32,"Mount Lavinia, Colombo",Colombo,Mount Lavinia,"Mount Lavinia, Colombo"
House for sale,52724267.0,6,5,4051.55,"Dehiwala, Colombo",Colombo,Dehiwala,"Dehiwala, Colombo"
House for sale,178203948.0,4,4,3970.52,"Nugegoda, Colombo",Colombo,Nugegoda,"Nugegoda, Colombo"
House for sale,8835556.0,2,1,1082.75,"Padukka, Colombo",Colombo,Padukka,"Padukka, Colombo"
House for sale,23869078.0,4,3,1504.65,"Kesbewa, Colombo",Colombo,Kesbewa,"Kesbewa, Colombo"
House for sale,22013302.0,6,4,2246.94,"Colombo 8, Colombo",Colombo,Colombo 8,"Colombo 8, Colombo"
House for sale,129437339.0,4,4,3450.93,"Battaramulla, Colombo",Colombo,Battaramulla,"Battaramulla, Colombo"
House for sale,181766187.0,6,5,4049.89,"Colombo 7, Colombo",Colombo,Colombo 7,"Colombo 7, Colombo"
House for sale,51998599.0,5,3,2263.15,"Wellampitiya, Colombo",Colombo,Wellampitiya,"Wellampitiya, Colombo"
House for sale,23746778.0,3,3,1445.5,"Kolonnawa, Colombo",Colombo,Kolonnawa,"Kolonnawa, Colombo"
House for sale,12612645.0,2,2,1262.12,"Wellampitiya, Colombo",Colombo,Wellampitiya,"Wellampitiya, Colombo"
House for sale,64405381.0,3,3,3225.78,"Moratuwa, Colombo",Colombo,Moratuwa,"Moratuwa, Colombo"
House for sale,69415924.0,4,5,3774.75,"Thalawathugoda, Colombo",Colombo,Thalawathugoda,"Thalawathugoda, Colombo"
House for sale,136835151.0,4,4,5168.69,"Pitakotte, Colombo",Colombo,Pitakotte,"Pitakotte, Colombo"
House for sale,27628398.0,5,3,2260.31,"Maththegoda, Colombo",Colombo,Maththegoda,"Maththegoda, Colombo"
House for sale,52895357.0,3,2,2266.65,"Rathmalana, Colombo",Colombo,Rathmalana,"Rathmalana, Colombo"
House for sale,83436010.0,5,3,2488.75,"Battaramulla, Colombo",Colombo,Battaramulla,"Battaramulla, Colombo"
House for sale,26925688.0,4,2,1831.27,"Pannipitiya, Colombo",Colombo,Pannipitiya,"Pannipitiya, Colombo"
House for sale,62000000.0,4,3,3500.0,"Thalawathugoda, Colombo",Colombo,Thalawathugoda,"Thalawathugoda, Colombo"
House for sale,43790157.0,4,4,975.68,"Colombo 9, Colombo",Colombo,Colombo 9,"Colombo 9, Colombo"
House for sale,66516708.0,3,3,2681.14,"Mount Lavinia, Colombo",Colombo,Mount Lavinia,"Mount Lavinia, Colombo"
House for sale,13500000.0,4,2,2500.0,"Arukawatta, Padukka",Colombo,Padukka,"Arukawatta, Padukka"
House for sale,56998411.0,3,2,1976.3,"Dehiwala, Colombo",Colombo,Dehiwala,"Dehiwala, Colombo"
House for sale,10204485.0,3,1,1250.5,"Padukka, Colombo",Colombo,Padukka,"Padukka, Colombo"
House for sale,29758036.0,3,2,2225.42,"Polgasovita, Colombo",Colombo,Polgasovita,"Polgasovita, Colombo"
House for sale,335337395.0,7,5,7471.58,"Kohuwala, Colombo",Colombo,Kohuwala,"Kohuwala, Colombo"
House for sale,13633186.0,3,3,896.0,"Wellampitiya, Colombo",Colombo,Wellampitiya,"Wellampitiya, Colombo"
Villa for sale,35821342.0,3,3,4023.66,"Maththegoda, Colombo",Colombo,Maththegoda,"Maththegoda, Colombo"
House for sale,57615009.0,5,4,3492.34,"Thalawathugoda, Colombo",Colombo,Thalawathugoda,"Thalawathugoda, Colombo"
House for sale,81588465.0,5,3,3193.27,"Kirulapona, Colombo",Colombo,Kirulapona,"Kirulapona, Colombo"
House for sale,39104394.0,5,5,3341.24,"Morakatiya, Colombo",Colombo,Morakatiya,"Morakatiya, Colombo"
House for sale,33978364.0,3,3,993.99,"Nugegoda, Colombo",Colombo,Nugegoda,"Nugegoda, Colombo"
House for sale,55679267.0,5,5,3834.65,"Dehiwala, Colombo",Colombo,Dehiwala,"Dehiwala, Colombo"
House for sale,55316709.0,4,3,3222.99,"Mount Lavinia, Colombo",Colombo,Mount Lavinia,"Mount Lavinia, Colombo"
House for sale,135003374.0,4,4,4595.14,"Maharagama, Colombo",Colombo,Maharagama,"Maharagama, Colombo"
House for sale,55099387.0,3,3,3412.07,"Pitakotte, Colombo",Colombo,Pitakotte,"Pitakotte, Colombo"
House for sale,32597785.0,4,3,2287.85,"Kottawa, Colombo",Colombo,Kottawa,"Kottawa, Colombo"
House for sale,27151406.0,4,5,3143.6,"Colombo 9, Colombo",Colombo,Colombo 9,"Colombo 9, Colombo"
House for sale,129037309.0,8,6,3701.51,"Rathmalana, Colombo",Colombo,Rathmalana,"Rathmalana, Colombo"
House for sale,73500251.0,5,3,3230.97,"Kirulapona, Colombo",Colombo,Kirulapona,"Kirulapona, Colombo"
House for sale,35687325.0,4,5,3929.07,"Morakatiya, Colombo",Colombo,Morakatiya,"Morakatiya, Colombo"
House for sale,10158247.0,2,1,1244.83,"Padukka, Colombo",Colombo,Padukka,"Padukka, Colombo"
Villa for sale,69890862.0,5,5,3533.0,"Pitakotte, Colombo",Colombo,Pitakotte,"Pitakotte, Colombo"
House for sale,218942355.0,5,4,5048.48,"Nawala, Colombo",Colombo,Nawala,"Nawala, Colombo"
House for sale,143942466.0,5,5,4774.6,"Kohuwala, Colombo",Colombo,Kohuwala,"Kohuwala, Colombo"
House for sale,27856036.0,2,2,2186.29,"Mount Lavinia, Colombo",Colombo,Mount Lavinia,"Mount Lavinia, Colombo"
House for sale,177807072.0,4,4,3961.68,"Pamankada, Colombo",Colombo,Pamankada,"Pamankada, Colombo"
Villa for sale,24238172.0,4,3,1940.6,"Pannipitiya, Colombo",Colombo,Pannipitiya,"Pannipitiya, Colombo"
Villa for sale,23286606.0,5,3,2853.64,"Padukka, Colombo",Colombo,Padukka,"Padukka, Colombo"
House for sale,18591782.0,2,1,1007.92,"Mount Lavinia, Colombo",Colombo,Mount Lavinia,"Mount Lavinia, Colombo"
House for sale,149056655.0,4,4,3321.1,"Colombo 7, Colombo",Colombo,Colombo 7,"Colombo 7, Colombo"
House for sale,41241281.0,3,2,962.68,"Nugegoda, Colombo",Colombo,Nugegoda,"Nugegoda, Colombo"
House for sale,222546794.0,8,7,7977.9,"Battaramulla, Colombo",Colombo,Battaramulla,"Battaramulla, Colombo"
House for sale,23766253.0,5,4,2703.83,"Kaduwela, Colombo",Colombo,Kaduwela,"Kaduwela, Colombo"
House for sale,37919165.0,2,2,1106.04,"Maharagama, Colombo",Colombo,Maharagama,"Maharagama, Colombo"
House for sale,10187093.0,1,2,1248.37,"Pannipitiya, Colombo",Colombo,Pannipitiya,"Pannipitiya, Colombo"
House for sale,88278316.0,6,5,5847.82,"Rathmalana, Colombo",Colombo,Rathmalana,"Rathmalana, Colombo"
House for sale,18941595.0,2,2,1163.54,"Homagama, Colombo",Colombo,Homagama,"Homagama, Colombo"
House for sale,10583152.0,2,2,1296.9,"Padukka, Colombo",Colombo,Padukka,"Padukka, Colombo"
House for sale,56454372.0,7,6,4537.74,"Dehiwala, Colombo",Colombo,Dehiwala,"Dehiwala, Colombo"
Villa for sale,50784962.0,5,4,2280.65,"Wellampitiya, Colombo",Colombo,Wellampitiya,"Wellampitiya, Colombo"
House for sale,50228206.0,4,4,3808.27,"Pitakotte, Colombo",Colombo,Pitakotte,"Pitakotte, Colombo"
House for sale,251965194.0,7,6,5613.98,"Pitakotte, Colombo",Colombo,Pitakotte,"Pitakotte, Colombo"
House for sale,34554797.0,3,2,1672.75,"Boralesgamuwa, Colombo",Colombo,Boralesgamuwa,"Boralesgamuwa, Colombo"
House for sale,45374277.0,5,5,3514.87,"Thalawathugoda, Colombo",Colombo,Thalawathugoda,"Thalawathugoda, Colombo"
House for sale,70510817.0,4,4,3308.5,"Pitakotte, Colombo",Colombo,Pitakotte,"Pitakotte, Colombo"
House for sale,282587335.0,7,6,7210.4,"Kottawa, Colombo",Colombo,Kottawa,"Kottawa, Colombo"
House for sale,42510952.0,6,4,5209.47,"Awissawella, Colombo",Colombo,Awissawella,"Awissawella, Colombo"
House for sale,195274997.0,3,4,4350.88,"Nawala, Colombo",Colombo,Nawala,"Nawala, Colombo"
House for sale,37000000.0,6,3,2000.0,"Brendiyawatta, Wellampitiya",Colombo,Wellampitiya,"Brendiyawatta, Wellampitiya"
House for sale,76405676.0,4,3,2834.75,"Battaramulla, Colombo",Colombo,Battaramulla,"Battaramulla, Colombo"
House for sale,97413739.0,3,4,2170.45,"Dehiwala, Colombo",Colombo,Dehiwala,"Dehiwala, Colombo"
House for sale,276665397.0,10,8,8988.24,"Battaramulla, Colombo",Colombo,Battaramulla,"Battaramulla, Colombo"
House for sale,11642820.0,2,2,1218.21,"Kesbewa, Colombo",Colombo,Kesbewa,"Kesbewa, Colombo"
House for sale,19034516.0,2,1,1137.65,"Mount Lavinia, Colombo",Colombo,Mount Lavinia,"Mount Lavinia, Colombo"
House for sale,115875276.0,5,5,2770.91,"Nawala, Colombo",Colombo,Nawala,"Nawala, Colombo"
House for sale,65256776.0,4,4,3196.72,"Pitakotte, Colombo",Colombo,Pitakotte,"Pitakotte, Colombo"
House for sale,16457530.0,1,2,896.0,"Kolonnawa, Colombo",Colombo,Kolonnawa,"Kolonnawa, Colombo"
House for sale,66517315.0,5,4,3501.52,"Pitakotte, Colombo",Colombo,Pitakotte,"Pitakotte, Colombo"
House for sale,236684476.0,7,6,6428.14,"Pitakotte, Colombo",Colombo,Pitakotte,"Pitakotte, Colombo"
House for sale,60355069.0,2,1,1344.76,"Pamankada, Colombo",Colombo,Pamankada,"Pamankada, Colombo"
House for sale,404819885.0,9,6,9019.7,"Colombo 7, Colombo",Colombo,Colombo 7,"Colombo 7, Colombo"
House for sale,32005215.0,2,2,1658.18,"Dematagoda, Colombo",Colombo,Dematagoda,"Dematagoda, Colombo"
House for sale,23579122.0,3,3,2343.37,"Polgasovita, Colombo",Colombo,Polgasovita,"Polgasovita, Colombo"
House for sale,35089341.0,3,3,1598.84,"Homagama, Colombo",Colombo,Homagama,"Homagama, Colombo"
House for sale,44815607.0,3,2,1490.31,"Dematagoda, Colombo",Colombo,Dematagoda,"Dematagoda, Colombo"
House for sale,27900000.0,3,2,1650.0,"First Lane - Queen Terrace , Hokandara, Thalawathugoda",Colombo,Thalawathugoda,"First Lane - Queen Terrace , Hokandara, Thalawathugoda"
House for sale,16667831.0,1,2,1157.89,"Maththegoda, Colombo",Colombo,Maththegoda,"Maththegoda, Colombo"
House for sale,93788029.0,4,4,2295.06,"Dehiwala, Colombo",Colombo,Dehiwala,"Dehiwala, Colombo"
House for sale,125534940.0,5,4,3506.88,"Kohuwala, Colombo",Colombo,Kohuwala,"Kohuwala, Colombo"
House for sale,75185924.0,4,4,3757.7,"Kottawa, Colombo",Colombo,Kottawa,"Kottawa, Colombo"
House for sale,46760407.0,5,3,2485.98,"Rathmalana, Colombo",Colombo,Rathmalana,"Rathmalana, Colombo"
House for sale,44240559.0,3,3,3455.45,"Makadana, Colombo",Colombo,Makadana,"Makadana, Colombo"
House for sale,72965472.0,2,1,1625.73,"Pamankada, Colombo",Colombo,Pamankada,"Pamankada, Colombo"
House for sale,58144265.0,4,4,1295.5,"Bambalapitiya , Colombo",Colombo,Bambalapitiya ,"Bambalapitiya , Colombo"
House for sale,49365163.0,4,5,1158.13,"Colombo 9, Colombo",Colombo,Colombo 9,"Colombo 9, Colombo"
House for sale,21764595.0,6,3,2667.13,"Colombo 8, Colombo",Colombo,Colombo 8,"Colombo 8, Colombo"
House for sale,108684305.0,5,4,5741.51,"Moratuwa, Colombo",Colombo,Moratuwa,"Moratuwa, Colombo"
House for sale,52514200.0,3,3,3773.99,"Malabe, Colombo",Colombo,Malabe,"Malabe, Colombo"
House for sale,76108834.0,5,5,3116.79,"Rathmalana, Colombo",Colombo,Rathmalana,"Rathmalana, Colombo"
House for sale,44787875.0,4,3,2282.39,"Moratuwa, Colombo",Colombo,Moratuwa,"Moratuwa, Colombo"
House for sale,32917465.0,5,3,4033.85,"Awissawella, Colombo",Colombo,Awissawella,"Awissawella, Colombo"
House for sale,112068182.0,4,2,4216.58,"Kottawa, Colombo",Colombo,Kottawa,"Kottawa, Colombo"
House for sale,14076558.0,3,3,1174.0,"Padukka, Colombo",Colombo,Padukka,"Padukka, Colombo"
House for sale,34191745.0,2,1,2345.74,"Boralesgamuwa, Colombo",Colombo,Boralesgamuwa,"Boralesgamuwa, Colombo"
House for sale,32000211.0,3,2,1718.15,"Pannipitiya, Colombo",Colombo,Pannipitiya,"Pannipitiya, Colombo"
House for sale,15000000.0,2,2,700.0,"Silva Lane, Kolonnawa",Colombo,Kolonnawa,"Silva Lane, Kolonnawa"
House for sale,94469201.0,5,4,2394.66,"Dehiwala, Colombo",Colombo,Dehiwala,"Dehiwala, Colombo"
House for sale,121356064.0,5,4,5918.62,"Nugegoda, Colombo",Colombo,Nugegoda,"Nugegoda, Colombo"
House for sale,88968604.0,3,3,2609.0,"Dehiwala, Colombo",Colombo,Dehiwala,"Dehiwala, Colombo"
House for sale,135000000.0,5,4,1647.0,"Bambalapitiya, Colombo 6",Colombo,Bambalapitiya ,"Bambalapitiya, Colombo 6"
House for sale,33784278.0,3,3,2913.58,"Maharagama, Colombo",Colombo,Maharagama,"Maharagama, Colombo"
House for sale,32907994.0,3,3,1557.78,"Makadana, Colombo",Colombo,Makadana,"Makadana, Colombo"
House for sale,12079309.0,4,2,1480.25,"Padukka, Colombo",Colombo,Padukka,"Padukka, Colombo"
House for sale,66663321.0,5,4,1485.31,"Bambalapitiya , Colombo",Colombo,Bambalapitiya ,"Bambalapitiya , Colombo"
House for sale,301744136.0,8,6,9019.7,"Nugegoda, Colombo",Colombo,Nugegoda,"Nugegoda, Colombo"
House for sale,109578859.0,3,3,4083.88,"Dehiwala, Colombo",Colombo,Dehiwala,"Dehiwala, Colombo"
House for sale,251327906.0,6,6,5599.78,"Kothalawala, Colombo",Colombo,Kothalawala,"Kothalawala, Colombo"
House for sale,109355236.0,4,4,4101.64,"Maharagama, Colombo",Colombo,Maharagama,"Maharagama, Colombo"
House for sale,41420498.0,3,3,3539.65,"Malabe, Colombo",Colombo,Malabe,"Malabe, Colombo"
House for sale,75958288.0,5,4,1692.41,"Bambalapitiya , Colombo",Colombo,Bambalapitiya ,"Bambalapitiya , Colombo"
House for sale,48367942.0,4,2,2410.46,"Rathmalana, Colombo",Colombo,Rathmalana,"Rathmalana, Colombo"
House for sale,82631837.0,4,4,2941.63,"Dehiwala, Colombo",Colombo,Dehiwala,"Dehiwala, Colombo"
House for sale,28075804.0,4,4,2660.14,"Colombo 9, Colombo",Colombo,Colombo 9,"Colombo 9, Colombo"
House for sale,42932028.0,4,3,4217.4,"Morakatiya, Colombo",Colombo,Morakatiya,"Morakatiya, Colombo"
House for sale,64532306.0,4,3,2295.73,"Dehiwala, Colombo",Colombo,Dehiwala,"Dehiwala, Colombo"
House for sale,113959781.0,3,4,2682.66,"Nawala, Colombo",Colombo,Nawala,"Nawala, Colombo"
House for sale,25740896.0,2,2,1330.44,"Boralesgamuwa, Colombo",Colombo,Boralesgamuwa,"Boralesgamuwa, Colombo"
House for sale,63533615.0,4,4,3430.4,"Thalawathugoda, Colombo",Colombo,Thalawathugoda,"Thalawathugoda, Colombo"
House for sale,35735164.0,4,3,3558.22,"Malabe, Colombo",Colombo,Malabe,"Malabe, Colombo"
House for sale,39984075.0,3,3,3411.55,"Malabe, Colombo",Colombo,Malabe,"Malabe, Colombo"
House for sale,17328565.0,2,1,1065.1,"Mount Lavinia, Colombo",Colombo,Mount Lavinia,"Mount Lavinia, Colombo"
House for sale,29240220.0,2,1,2080.04,"Boralesgamuwa, Colombo",Colombo,Boralesgamuwa,"Boralesgamuwa, Colombo"
House for sale,32829813.0,6,4,4023.1,"Thalawathugoda, Colombo",Colombo,Thalawathugoda,"Thalawathugoda, Colombo"
House for sale,16281131.0,3,2,1420.82,"Maththegoda, Colombo",Colombo,Maththegoda,"Maththegoda, Colombo"
House for sale,100910051.0,6,5,4543.86,"Kirulapona, Colombo",Colombo,Kirulapona,"Kirulapona, Colombo"
House for sale,371419635.0,9,8,8528.49,"Colombo 7, Colombo",Colombo,Colombo 7,"Colombo 7, Colombo"
House for sale,61667003.0,5,5,3659.3,"Dehiwala, Colombo",Colombo,Dehiwala,"Dehiwala, Colombo"
House for sale,22944950.0,3,2,2331.24,"Polgasovita, Colombo",Colombo,Polgasovita,"Polgasovita, Colombo"
House for sale,116976446.0,5,5,4695.75,"Maharagama, Colombo",Colombo,Maharagama,"Maharagama, Colombo"
Villa for sale,27391789.0,2,2,1482.44,"Thalawathugoda, Colombo",Colombo,Thalawathugoda,"Thalawathugoda, Colombo"
House for sale,24531388.0,4,3,2681.56,"Malabe, Colombo",Colombo,Malabe,"Malabe, Colombo"
House for sale,115229308.0,4,4,3522.21,"Kohuwala, Colombo",Colombo,Kohuwala,"Kohuwala, Colombo"
House for sale,25815049.0,4,3,1292.66,"Kolonnawa, Colombo",Colombo,Kolonnawa,"Kolonnawa, Colombo"
House for sale,87506265.0,6,5,4315.75,"Mount Lavinia, Colombo",Colombo,Mount Lavinia,"Mount Lavinia, Colombo"
House for sale,47874190.0,4,4,3091.24,"Pitakotte, Colombo",Colombo,Pitakotte,"Pitakotte, Colombo"
House for sale,25420624.0,4,2,2492.01,"Pannipitiya, Colombo",Colombo,Pannipitiya,"Pannipitiya, Colombo"
House for sale,61939716.0,7,5,4117.23,"Pitakotte, Colombo",Colombo,Pitakotte,"Pitakotte, Colombo"
House for sale,28420606.0,1,2,2679.03,"Boralesgamuwa, Colombo",Colombo,Boralesgamuwa,"Boralesgamuwa, Colombo"
House for sale,328801608.0,6,5,8992.22,"Nugegoda, Colombo",Colombo,Nugegoda,"Nugegoda, Colombo"
House for sale,35780563.0,2,1,2894.62,"Boralesgamuwa, Colombo",Colombo,Boralesgamuwa,"Boralesgamuwa, Colombo"
House for sale,32353684.0,2,1,3347.25,"Boralesgamuwa, Colombo",Colombo,Boralesgamuwa,"Boralesgamuwa, Colombo"
House for sale,12829866.0,1,2,896.0,"Kolonnawa, Colombo",Colombo,Kolonnawa,"Kolonnawa, Colombo"
House for sale,123700788.0,6,5,4082.67,"Nawala, Colombo",Colombo,Nawala,"Nawala, Colombo"
House for sale,109981042.0,4,5,2857.29,"Bambalapitiya , Colombo",Colombo,Bambalapitiya ,"Bambalapitiya , Colombo"
House for sale,390474366.0,10,9,9019.7,"Nugegoda, Colombo",Colombo,Nugegoda,"Nugegoda, Colombo"
House for sale,40003181.0,5,5,1003.41,"Homagama, Colombo",Colombo,Homagama,"Homagama, Colombo"
House for sale,33399267.0,3,2,1112.58,"Awissawella, Colombo",Colombo,Awissawella,"Awissawella, Colombo"
Villa for sale,144359589.0,4,4,3409.96,"Nawala, Colombo",Colombo,Nawala,"Nawala, Colombo"
House for sale,15007663.0,1,1,1105.17,"Mount Lavinia, Colombo",Colombo,Mount Lavinia,"Mount Lavinia, Colombo"
Villa for sale,14622733.0,3,2,1469.5,"Kesbewa, Colombo",Colombo,Kesbewa,"Kesbewa, Colombo"
House for sale,25235115.0,4,3,2496.95,"Padukka, Colombo",Colombo,Padukka,"Padukka, Colombo"
House for sale,76328305.0,5,4,3333.38,"Pitakotte, Colombo",Colombo,Pitakotte,"Pitakotte, Colombo"
House for sale,37184070.0,3,3,2236.44,"Moratuwa, Colombo",Colombo,Moratuwa,"Moratuwa, Colombo"
House for sale,168947501.0,6,5,3764.28,"Mount Lavinia, Colombo",Colombo,Mount Lavinia,"Mount Lavinia, Colombo"
Villa for sale,50554266.0,4,2,2889.44,"Thalawathugoda, Colombo",Colombo,Thalawathugoda,"Thalawathugoda, Colombo"
House for sale,98096880.0,6,4,3022.9,"Battaramulla, Colombo",Colombo,Battaramulla,"Battaramulla, Colombo"
House for sale,103925606.0,5,5,3207.15,"Nawala, Colombo",Colombo,Nawala,"Nawala, Colombo"
House for sale,36651513.0,4,3,3575.46,"Makadana, Colombo",Colombo,Makadana,"Makadana, Colombo"
House for sale,32379673.0,6,4,2141.26,"Maththegoda, Colombo",Colombo,Maththegoda,"Maththegoda, Colombo"
House for sale,190837172.0,5,4,4252.0,"Nugegoda, Colombo",Colombo,Nugegoda,"Nugegoda, Colombo"
Villa for sale,98937087.0,6,5,3330.95,"Kothalawala, Colombo",Colombo,Kothalawala,"Kothalawala, Colombo"
House for sale,186082442.0,5,4,4146.06,"Nawala, Colombo",Colombo,Nawala,"Nawala, Colombo"
House for sale,45303084.0,4,2,2606.61,"Rathmalana, Colombo",Colombo,Rathmalana,"Rathmalana, Colombo"
House for sale,82586529.0,4,4,1840.09,"Bambalapitiya , Colombo",Colombo,Bambalapitiya ,"Bambalapitiya , Colombo"
House for sale,117127595.0,6,4,4351.88,"Maharagama, Colombo",Colombo,Maharagama,"Maharagama, Colombo"
House for sale,13295312.0,2,2,1303.5,"Kesbewa, Colombo",Colombo,Kesbewa,"Kesbewa, Colombo"
House for sale,69706370.0,3,4,3627.36,"Dehiwala, Colombo",Colombo,Dehiwala,"Dehiwala, Colombo"
House for sale,47355735.0,4,3,4061.47,"Polgasovita, Colombo",Colombo,Polgasovita,"Polgasovita, Colombo"
House for sale,52506319.0,4,4,3043.15,"Thalawathugoda, Colombo",Colombo,Thalawathugoda,"Thalawathugoda, Colombo"
House for sale,12696252.0,3,2,1555.85,"Padukka, Colombo",Colombo,Padukka,"Padukka, Colombo"
House for sale,46369806.0,4,4,2182.62,"Pamankada, Colombo",Colombo,Pamankada,"Pamankada, Colombo"
House for sale,89905889.0,4,5,5225.47,"Kothalawala, Colombo",Colombo,Kothalawala,"Kothalawala, Colombo"
House for sale,114050795.0,7,6,3318.82,"Pitakotte, Colombo",Colombo,Pitakotte,"Pitakotte, Colombo"
House for sale,33687288.0,5,3,2765.8,"Wellampitiya, Colombo",Colombo,Wellampitiya,"Wellampitiya, Colombo"
House for sale,44178637.0,4,3,2391.62,"Wellampitiya, Colombo",Colombo,Wellampitiya,"Wellampitiya, Colombo"
House for sale,38997201.0,5,3,2507.9,"Awissawella, Colombo",Colombo,Awissawella,"Awissawella, Colombo"
House for sale,36780372.0,5,4,4507.22,"Mount Lavinia, Colombo",Colombo,Mount Lavinia,"Mount Lavinia, Colombo"
House for sale,64603808.0,6,5,3600.27,"Dehiwala, Colombo",Colombo,Dehiwala,"Dehiwala, Colombo"
House for sale,43789436.0,3,4,975.66,"Nawala, Colombo",Colombo,Nawala,"Nawala, Colombo"
House for sale,89804749.0,5,3,3502.82,"Battaramulla, Colombo",Colombo,Battaramulla,"Battaramulla, Colombo"
House for sale,200000000.0,4,4,4000.0,"Nawala, Colombo",Colombo,Nawala,"Nawala, Colombo"
House for sale,29246764.0,4,4,1485.02,"Wellampitiya, Colombo",Colombo,Wellampitiya,"Wellampitiya, Colombo"
House for sale,75463119.0,6,3,3059.6,"Battaramulla, Colombo",Colombo,Battaramulla,"Battaramulla, Colombo"
House for sale,36623389.0,5,4,4487.99,"Awissawella, Colombo",Colombo,Awissawella,"Awissawella, Colombo"
House for sale,47863950.0,2,2,2836.15,"Dehiwala, Colombo",Colombo,Dehiwala,"Dehiwala, Colombo"
House for sale,8436193.0,2,1,1016.7,"Padukka, Colombo",Colombo,Padukka,"Padukka, Colombo"
House for sale,89000000.0,7,6,5500.0,"Boralesgamuwa, Colombo",Colombo,Boralesgamuwa,"Boralesgamuwa, Colombo"
House for sale,79094609.0,4,4,3909.55,"Pitakotte, Colombo",Colombo,Pitakotte,"Pitakotte, Colombo"
House for sale,61282381.0,5,3,3488.29,"Kolonnawa, Colombo",Colombo,Kolonnawa,"Kolonnawa, Colombo"
House for sale,144802439.0,5,4,3226.31,"Kohuwala, Colombo",Colombo,Kohuwala,"Kohuwala, Colombo"
House for sale,370536656.0,10,8,8615.4,"Battaramulla, Colombo",Colombo,Battaramulla,"Battaramulla, Colombo"
Villa for sale,58715102.0,4,3,2226.56,"Kirulapona, Colombo",Colombo,Kirulapona,"Kirulapona, Colombo"
Villa for sale,10349569.0,3,2,1087.43,"Padukka, Colombo",Colombo,Padukka,"Padukka, Colombo"
Villa for sale,115128019.0,6,5,4902.44,"Bambalapitiya , Colombo",Colombo,Bambalapitiya ,"Bambalapitiya , Colombo"
House for sale,56221128.0,4,3,2328.03,"Kaduwela, Colombo",Colombo,Kaduwela,"Kaduwela, Colombo"
House for sale,7777000.0,3,2,896.0,"Wellampitiya, Colombo",Colombo,Wellampitiya,"Wellampitiya, Colombo"
House for sale,27483065.0,3,3,1279.48,"Homagama, Colombo",Colombo,Homagama,"Homagama, Colombo"
House for sale,184509893.0,4,4,4111.02,"Nugegoda, Colombo",Colombo,Nugegoda,"Nugegoda, Colombo"
House for sale,80407522.0,5,3,4202.0,"Nugegoda, Colombo",Colombo,Nugegoda,"Nugegoda, Colombo"
House for sale,850000000.0,5,5,6500.0,"Town Hall, Alexandra Place, Colombo 07",Colombo,Colombo 7,"Town Hall, Alexandra Place, Colombo 07"
House for sale,35217358.0,3,3,1662.36,"Morakatiya, Colombo",Colombo,Morakatiya,"Morakatiya, Colombo"
House for sale,299384584.0,8,7,7912.08,"Battaramulla, Colombo",Colombo,Battaramulla,"Battaramulla, Colombo"
House for sale,74937050.0,5,5,3357.96,"Rathmalana, Colombo",Colombo,Rathmalana,"Rathmalana, Colombo"
House for sale,15674081.0,2,2,1270.61,"Maththegoda, Colombo",Colombo,Maththegoda,"Maththegoda, Colombo"
House for sale,32567973.0,5,5,2279.56,"Homagama, Colombo",Colombo,Homagama,"Homagama, Colombo"
House for sale,404819885.0,8,6,9019.7,"Colombo 7, Colombo",Colombo,Colombo 7,"Colombo 7, Colombo"
House for sale,33962903.0,4,3,2618.08,"Pannipitiya, Colombo",Colombo,Pannipitiya,"Pannipitiya, Colombo"
House for sale,54361751.0,5,4,3872.33,"Thalawathugoda, Colombo",Colombo,Thalawathugoda,"Thalawathugoda, Colombo"
House for sale,64737790.0,4,3,3150.77,"Thalawathugoda, Colombo",Colombo,Thalawathugoda,"Thalawathugoda, Colombo"
House for sale,12058119.0,2,1,1477.65,"Moratuwa, Colombo",Colombo,Moratuwa,"Moratuwa, Colombo"
House for sale,86159919.0,4,4,3190.17,"Mount Lavinia, Colombo",Colombo,Mount Lavinia,"Mount Lavinia, Colombo"
Villa for sale,13382549.0,2,1,1639.95,"Rathmalana, Colombo",Colombo,Rathmalana,"Rathmalana, Colombo"
House for sale,45000000.0,4,3,2000.0,"Daham Street, Moratuwa",Colombo,Moratuwa,"Daham Street, Moratuwa"
House for sale,30007651.0,1,1,2639.82,"Bambalapitiya , Colombo",Colombo,Bambalapitiya ,"Bambalapitiya , Colombo"
House for sale,45000000.0,5,2,2500.0,"97/A Kandawala Road, Ratmalana",Colombo,Rathmalana,"97/A Kandawala Road, Ratmalana"
House for sale,27031065.0,3,2,1924.0,"Kottawa, Colombo",Colombo,Kottawa,"Kottawa, Colombo"
House for sale,122160576.0,4,5,3663.14,"Battaramulla, Colombo",Colombo,Battaramulla,"Battaramulla, Colombo"
House for sale,16984922.0,1,2,896.0,"Kolonnawa, Colombo",Colombo,Kolonnawa,"Kolonnawa, Colombo"
House for sale,61024740.0,3,3,2712.61,"Pitakotte, Colombo",Colombo,Pitakotte,"Pitakotte, Colombo"
House for sale,51939091.0,5,4,3824.38,"Thalawathugoda, Colombo",Colombo,Thalawathugoda,"Thalawathugoda, Colombo"
House for sale,50711585.0,3,3,4466.93,"Makadana, Colombo",Colombo,Makadana,"Makadana, Colombo"
House for sale,19269953.0,5,3,2361.42,"Maththegoda, Colombo",Colombo,Maththegoda,"Maththegoda, Colombo"
House for sale,36239600.0,2,2,1271.97,"Maharagama, Colombo",Colombo,Maharagama,"Maharagama, Colombo"
House for sale,86983438.0,6,4,4259.11,"Nugegoda, Colombo",Colombo,Nugegoda,"Nugegoda, Colombo"
House for sale,307262582.0,9,9,9019.7,"Dematagoda, Colombo",Colombo,Dematagoda,"Dematagoda, Colombo"
House for sale,41022212.0,5,4,1825.76,"Wellampitiya, Colombo",Colombo,Wellampitiya,"Wellampitiya, Colombo"
House for sale,17144222.0,2,1,1285.05,"Mount Lavinia, Colombo",Colombo,Mount Lavinia,"Mount Lavinia, Colombo"
House for sale,99747264.0,3,4,2805.11,"Dehiwala, Colombo",Colombo,Dehiwala,"Dehiwala, Colombo"
House for sale,70631715.0,5,4,4757.56,"Pitakotte, Colombo",Colombo,Pitakotte,"Pitakotte, Colombo"
House for sale,139856744.0,5,5,3116.12,"Colombo 6, Colombo",Colombo,Colombo 6,"Colombo 6, Colombo"
House for sale,55579999.0,3,3,2676.71,"Thalawathugoda, Colombo",Colombo,Thalawathugoda,"Thalawathugoda, Colombo"
House for sale,70019925.0,5,4,2500.38,"Kothalawala, Colombo",Colombo,Kothalawala,"Kothalawala, Colombo"
House for sale,104487061.0,5,5,4470.2,"Moratuwa, Colombo",Colombo,Moratuwa,"Moratuwa, Colombo"
House for sale,11656522.0,3,3,896.0,"Wellampitiya, Colombo",Colombo,Wellampitiya,"Wellampitiya, Colombo"
House for sale,29279767.0,2,3,1357.46,"Kolonnawa, Colombo",Colombo,Kolonnawa,"Kolonnawa, Colombo"
House for sale,41981596.0,4,4,2256.73,"Athurugiriya, Colombo",Colombo,Athurugiriya,"Athurugiriya, Colombo"
House for sale,38955383.0,3,3,1799.17,"Homagama, Colombo",Colombo,Homagama,"Homagama, Colombo"
House for sale,43795187.0,4,3,2625.57,"Awissawella, Colombo",Colombo,Awissawella,"Awissawella, Colombo"
House for sale,45859972.0,3,3,2294.49,"Kottawa, Colombo",Colombo,Kottawa,"Kottawa, Colombo"
House for sale,18860674.0,3,3,1292.63,"Makumbura, Colombo",Colombo,Makumbura,"Makumbura, Colombo"
House for sale,345026311.0,10,8,9019.7,"Colombo 6, Colombo",Colombo,Colombo 6,"Colombo 6, Colombo"
House for sale,82968052.0,3,3,2972.91,"Battaramulla, Colombo",Colombo,Battaramulla,"Battaramulla, Colombo"
House for sale,101046144.0,3,2,4033.93,"Colombo 6, Colombo",Colombo,Colombo 6,"Colombo 6, Colombo"
House for sale,59647943.0,6,5,3367.85,"Thalawathugoda, Colombo",Colombo,Thalawathugoda,"Thalawathugoda, Colombo"
House for sale,107976877.0,5,3,4233.41,"Kohuwala, Colombo",Colombo,Kohuwala,"Kohuwala, Colombo"
House for sale,25088154.0,2,2,1246.98,"Makumbura, Colombo",Colombo,Makumbura,"Makumbura, Colombo"
House for sale,15238246.0,3,3,930.86,"Pannipitiya, Colombo",Colombo,Pannipitiya,"Pannipitiya, Colombo"
House for sale,19454658.0,5,3,2384.06,"Piliyandala, Colombo",Colombo,Piliyandala,"Piliyandala, Colombo"
Villa for sale,191671633.0,3,3,4270.59,"Battaramulla, Colombo",Colombo,Battaramulla,"Battaramulla, Colombo"
House for sale,34918968.0,2,2,1073.27,"Nugegoda, Colombo",Colombo,Nugegoda,"Nugegoda, Colombo"
House for sale,138536684.0,6,4,4262.78,"Kolonnawa, Colombo",Colombo,Kolonnawa,"Kolonnawa, Colombo"
House for sale,171360537.0,5,5,4743.69,"Nawala, Colombo",Colombo,Nawala,"Nawala, Colombo"
House for sale,38247522.0,3,2,1779.87,"Thalawathugoda, Colombo",Colombo,Thalawathugoda,"Thalawathugoda, Colombo"
House for sale,17670411.0,2,2,1232.56,"Maththegoda, Colombo",Colombo,Maththegoda,"Maththegoda, Colombo"
House for sale,124682958.0,5,5,5496.18,"Pamankada, Colombo",Colombo,Pamankada,"Pamankada, Colombo"
House for sale,404819885.0,10,9,9019.7,"Dematagoda, Colombo",Colombo,Dematagoda,"Dematagoda, Colombo"
House for sale,34213716.0,3,3,2350.67,"Maharagama, Colombo",Colombo,Maharagama,"Maharagama, Colombo"
House for sale,67606115.0,8,6,4321.66,"Mount Lavinia, Colombo",Colombo,Mount Lavinia,"Mount Lavinia, Colombo"
House for sale,71536469.0,4,3,3918.96,"Kolonnawa, Colombo",Colombo,Kolonnawa,"Kolonnawa, Colombo"
House for sale,42161640.0,3,3,3304.6,"Thalawathugoda, Colombo",Colombo,Thalawathugoda,"Thalawathugoda, Colombo"
House for sale,300000000.0,5,5,9000.0,"Stanly Thilakarathna Road, Nugegoda",Colombo,Nugegoda,"Stanly Thilakarathna Road, Nugegoda"
House for sale,42084035.0,5,3,2251.17,"Malabe, Colombo",Colombo,Malabe,"Malabe, Colombo"
House for sale,16597875.0,2,2,1505.5,"Wellampitiya, Colombo",Colombo,Wellampitiya,"Wellampitiya, Colombo"
House for sale,98174001.0,3,3,2892.23,"Battaramulla, Colombo",Colombo,Battaramulla,"Battaramulla, Colombo"
House for sale,44442144.0,6,4,5446.13,"Awissawella, Colombo",Colombo,Awissawella,"Awissawella, Colombo"
House for sale,23848675.0,4,3,2434.45,"Kaduwela, Colombo",Colombo,Kaduwela,"Kaduwela, Colombo"
House for sale,58296445.0,5,5,3888.95,"Kothalawala, Colombo",Colombo,Kothalawala,"Kothalawala, Colombo"
House for sale,20476891.0,3,2,2428.73,"Pannipitiya, Colombo",Colombo,Pannipitiya,"Pannipitiya, Colombo"
House for sale,103845383.0,4,4,4113.89,"Nugegoda, Colombo",Colombo,Nugegoda,"Nugegoda, Colombo"
House for sale,120602499.0,4,4,4508.03,"Nugegoda, Colombo",Colombo,Nugegoda,"Nugegoda, Colombo"
House for sale,19095617.0,2,3,1327.38,"Homagama, Colombo",Colombo,Homagama,"Homagama, Colombo"
House for sale,45667361.0,3,2,3745.68,"Kolonnawa, Colombo",Colombo,Kolonnawa,"Kolonnawa, Colombo"
Villa for sale,21687965.0,5,3,2302.94,"Colombo 8, Colombo",Colombo,Colombo 8,"Colombo 8, Colombo"
House for sale,54778319.0,3,4,3270.69,"Thalawathugoda, Colombo",Colombo,Thalawathugoda,"Thalawathugoda, Colombo"
House for sale,89531896.0,7,6,3643.37,"Moratuwa, Colombo",Colombo,Moratuwa,"Moratuwa, Colombo"
House for sale,306285855.0,5,5,6824.29,"Colombo 7, Colombo",Colombo,Colombo 7,"Colombo 7, Colombo"
House for sale,56132876.0,3,3,2993.63,"Kothalawala, Colombo",Colombo,Kothalawala,"Kothalawala, Colombo"
House for sale,26665707.0,5,4,2497.51,"Awissawella, Colombo",Colombo,Awissawella,"Awissawella, Colombo"
House for sale,94181135.0,4,4,3581.54,"Nugegoda, Colombo",Colombo,Nugegoda,"Nugegoda, Colombo"
House for sale,35266539.0,4,3,1059.58,"Nugegoda, Colombo",Colombo,Nugegoda,"Nugegoda, Colombo"
House for sale,36080595.0,5,4,2331.97,"Makadana, Colombo",Colombo,Makadana,"Makadana, Colombo"
House for sale,75084657.0,9,6,4423.22,"Mount Lavinia, Colombo",Colombo,Mount Lavinia,"Mount Lavinia, Colombo"
House for sale,180421356.0,5,4,4614.34,"Nawala, Colombo",Colombo,Nawala,"Nawala, Colombo"
House for sale,76688128.0,4,3,3834.81,"Mount Lavinia, Colombo",Colombo,Mount Lavinia,"Mount Lavinia, Colombo"
House for sale,45357265.0,5,4,2948.8,"Battaramulla, Colombo",Colombo,Battaramulla,"Battaramulla, Colombo"
House for sale,140819180.0,5,5,3182.94,"Mount Lavinia, Colombo",Colombo,Mount Lavinia,"Mount Lavinia, Colombo"
House for sale,44033007.0,4,3,4172.83,"Malabe, Colombo",Colombo,Malabe,"Malabe, Colombo"
House for sale,28205230.0,3,3,2189.5,"Polgasovita, Colombo",Colombo,Polgasovita,"Polgasovita, Colombo"
House for sale,43963610.0,3,3,1957.9,"Kolonnawa, Colombo",Colombo,Kolonnawa,"Kolonnawa, Colombo"
House for sale,91054160.0,4,4,2935.76,"Dehiwala, Colombo",Colombo,Dehiwala,"Dehiwala, Colombo"
House for sale,79105426.0,3,4,3841.21,"Pitakotte, Colombo",Colombo,Pitakotte,"Pitakotte, Colombo"
House for sale,66491761.0,3,2,1923.33,"Mount Lavinia, Colombo",Colombo,Mount Lavinia,"Mount Lavinia, Colombo"
House for sale,70101533.0,4,4,3428.92,"Dehiwala, Colombo",Colombo,Dehiwala,"Dehiwala, Colombo"
House for sale,104105620.0,5,5,5201.85,"Nugegoda, Colombo",Colombo,Nugegoda,"Nugegoda, Colombo"
House for sale,34535211.0,5,3,2402.13,"Kaduwela, Colombo",Colombo,Kaduwela,"Kaduwela, Colombo"
House for sale,86069748.0,3,3,4836.04,"Colombo 6, Colombo",Colombo,Colombo 6,"Colombo 6, Colombo"
Villa for sale,43532688.0,5,3,3567.25,"Kesbewa, Colombo",Colombo,Kesbewa,"Kesbewa, Colombo"
House for sale,39615726.0,6,3,4854.68,"Awissawella, Colombo",Colombo,Awissawella,"Awissawella, Colombo"
House for sale,49250375.0,3,3,2270.96,"Kirulapona, Colombo",Colombo,Kirulapona,"Kirulapona, Colombo"
House for sale,34824144.0,5,3,2378.56,"Dehiwala, Colombo",Colombo,Dehiwala,"Dehiwala, Colombo"
House for sale,96426951.0,4,4,5038.11,"Maharagama, Colombo",Colombo,Maharagama,"Maharagama, Colombo"
House for sale,62500000.0,6,3,1800.0,"Dematagoda Place, Colombo 09",Colombo,Colombo 9,"Dematagoda Place, Colombo 09"
House for sale,71601787.0,5,5,3640.86,"Rathmalana, Colombo",Colombo,Rathmalana,"Rathmalana, Colombo"
House for sale,32111542.0,3,2,1854.28,"Mount Lavinia, Colombo",Colombo,Mount Lavinia,"Mount Lavinia, Colombo"
House for sale,62659058.0,4,3,3106.05,"Pitakotte, Colombo",Colombo,Pitakotte,"Pitakotte, Colombo"
House for sale,97870380.0,8,7,5578.61,"Boralesgamuwa, Colombo",Colombo,Boralesgamuwa,"Boralesgamuwa, Colombo"
House for sale,67868746.0,4,4,3844.63,"Pitakotte, Colombo",Colombo,Pitakotte,"Pitakotte, Colombo"
House for sale,69396744.0,3,3,3457.41,"Thalawathugoda, Colombo",Colombo,Thalawathugoda,"Thalawathugoda, Colombo"
House for sale,31751313.0,3,3,1312.71,"Wellampitiya, Colombo",Colombo,Wellampitiya,"Wellampitiya, Colombo"
House for sale,132527863.0,7,6,4252.09,"Kottawa, Colombo",Colombo,Kottawa,"Kottawa, Colombo"
House for sale,180779830.0,7,4,4027.91,"Kohuwala, Colombo",Colombo,Kohuwala,"Kohuwala, Colombo"
House for sale,404819885.0,9,6,9019.7,"Colombo 7, Colombo",Colombo,Colombo 7,"Colombo 7, Colombo"
House for sale,125861477.0,5,4,5739.89,"Nugegoda, Colombo",Colombo,Nugegoda,"Nugegoda, Colombo"
House for sale,221656359.0,5,5,4938.68,"Colombo 7, Colombo",Colombo,Colombo 7,"Colombo 7, Colombo"
House for sale,9901414.0,2,2,1213.36,"Padukka, Colombo",Colombo,Padukka,"Padukka, Colombo"
House for sale,30778140.0,4,4,2335.92,"Homagama, Colombo",Colombo,Homagama,"Homagama, Colombo"
House for sale,265806013.0,10,8,9019.7,"Battaramulla, Colombo",Colombo,Battaramulla,"Battaramulla, Colombo"
House for sale,25838751.0,4,3,2395.71,"Athurugiriya, Colombo",Colombo,Athurugiriya,"Athurugiriya, Colombo"
House for sale,155188461.0,5,3,3457.72,"Colombo 7, Colombo",Colombo,Colombo 7,"Colombo 7, Colombo"
House for sale,111453516.0,4,4,3776.0,"Pitakotte, Colombo",Colombo,Pitakotte,"Pitakotte, Colombo"
House for sale,128465812.0,5,4,3816.89,"Maharagama, Colombo",Colombo,Maharagama,"Maharagama, Colombo"
House for sale,42473360.0,5,3,5204.87,"Kaduwela, Colombo",Colombo,Kaduwela,"Kaduwela, Colombo"
House for sale,10504763.0,2,2,1287.3,"Padukka, Colombo",Colombo,Padukka,"Padukka, Colombo"
House for sale,354023117.0,7,5,7887.91,"Boralesgamuwa, Colombo",Colombo,Boralesgamuwa,"Boralesgamuwa, Colombo"
Villa for sale,7777000.0,2,1,896.0,"Pannipitiya, Colombo",Colombo,Pannipitiya,"Pannipitiya, Colombo"
House for sale,59428428.0,5,4,4917.35,"Mount Lavinia, Colombo",Colombo,Mount Lavinia,"Mount Lavinia, Colombo"
House for sale,34360539.0,2,2,1213.34,"Kolonnawa, Colombo",Colombo,Kolonnawa,"Kolonnawa, Colombo"
House for sale,41138299.0,4,4,3887.74,"Awissawella, Colombo",Colombo,Awissawella,"Awissawella, Colombo"
House for sale,12058598.0,2,2,1219.47,"Padukka, Colombo",Colombo,Padukka,"Padukka, Colombo"
House for sale,41811499.0,4,3,3250.37,"Colombo 9, Colombo",Colombo,Colombo 9,"Colombo 9, Colombo"
House for sale,38329241.0,5,3,1907.25,"Athurugiriya, Colombo",Colombo,Athurugiriya,"Athurugiriya, Colombo"
House for sale,48924367.0,4,3,1992.12,"Moratuwa, Colombo",Colombo,Moratuwa,"Moratuwa, Colombo"
Villa for sale,93696058.0,3,5,4542.46,"Bambalapitiya , Colombo",Colombo,Bambalapitiya ,"Bambalapitiya , Colombo"
House for sale,122568213.0,8,6,4455.85,"Kirulapona, Colombo",Colombo,Kirulapona,"Kirulapona, Colombo"
House for sale,36432326.0,5,5,950.6,"Colombo 9, Colombo",Colombo,Colombo 9,"Colombo 9, Colombo"
House for sale,20574322.0,5,3,2521.26,"Padukka, Colombo",Colombo,Padukka,"Padukka, Colombo"
House for sale,52177611.0,3,3,3139.62,"Kolonnawa, Colombo",Colombo,Kolonnawa,"Kolonnawa, Colombo"
House for sale,21756930.0,5,3,2666.19,"Athurugiriya, Colombo",Colombo,Athurugiriya,"Athurugiriya, Colombo"
House for sale,19506414.0,3,3,1692.75,"Kesbewa, Colombo",Colombo,Kesbewa,"Kesbewa, Colombo"
House for sale,16693074.0,3,2,1338.93,"Maththegoda, Colombo",Colombo,Maththegoda,"Maththegoda, Colombo"
Villa for sale,43551012.0,4,4,970.35,"Nawala, Colombo",Colombo,Nawala,"Nawala, Colombo"
House for sale,11316290.0,2,1,1386.75,"Padukka, Colombo",Colombo,Padukka,"Padukka, Colombo"
House for sale,52213660.0,5,3,3803.13,"Kolonnawa, Colombo",Colombo,Kolonnawa,"Kolonnawa, Colombo"
House for sale,165493054.0,5,4,3687.31,"Nugegoda, Colombo",Colombo,Nugegoda,"Nugegoda, Colombo"
House for sale,15978490.0,3,2,1549.75,"Kesbewa, Colombo",Colombo,Kesbewa,"Kesbewa, Colombo"
House for sale,33576946.0,2,2,1063.73,"Nugegoda, Colombo",Colombo,Nugegoda,"Nugegoda, Colombo"
House for sale,83941782.0,6,4,3343.96,"Kirulapona, Colombo",Colombo,Kirulapona,"Kirulapona, Colombo"
House for sale,22463763.0,3,2,2752.8,"Pannipitiya, Colombo",Colombo,Pannipitiya,"Pannipitiya, Colombo"
House for sale,404819885.0,9,9,9019.7,"Dematagoda, Colombo",Colombo,Dematagoda,"Dematagoda, Colombo"
House for sale,321809931.0,6,5,9019.7,"Boralesgamuwa, Colombo",Colombo,Boralesgamuwa,"Boralesgamuwa, Colombo"
House for sale,44047082.0,6,4,5397.72,"Awissawella, Colombo",Colombo,Awissawella,"Awissawella, Colombo"
Villa for sale,181948620.0,7,4,4053.96,"Colombo 7, Colombo",Colombo,Colombo 7,"Colombo 7, Colombo"
House for sale,124199951.0,4,5,3730.97,"Nawala, Colombo",Colombo,Nawala,"Nawala, Colombo"
House for sale,62019700.0,3,3,3594.13,"Pitakotte, Colombo",Colombo,Pitakotte,"Pitakotte, Colombo"
House for sale,67041400.0,4,5,3423.04,"Dehiwala, Colombo",Colombo,Dehiwala,"Dehiwala, Colombo"
House for sale,15735089.0,3,3,1321.17,"Maththegoda, Colombo",Colombo,Maththegoda,"Maththegoda, Colombo"
House for sale,165447103.0,4,4,3686.29,"Boralesgamuwa, Colombo",Colombo,Boralesgamuwa,"Boralesgamuwa, Colombo"
House for sale,113100321.0,5,4,5545.21,"Nugegoda, Colombo",Colombo,Nugegoda,"Nugegoda, Colombo"
House for sale,86821745.0,5,4,3768.05,"Kottawa, Colombo",Colombo,Kottawa,"Kottawa, Colombo"
House for sale,23966337.0,4,4,2538.74,"Colombo 8, Colombo",Colombo,Colombo 8,"Colombo 8, Colombo"
House for sale,25275336.0,5,3,1864.5,"Wellampitiya, Colombo",Colombo,Wellampitiya,"Wellampitiya, Colombo"
House for sale,121928592.0,8,6,4813.37,"Rathmalana, Colombo",Colombo,Rathmalana,"Rathmalana, Colombo"
House for sale,83865731.0,6,4,4253.87,"Nugegoda, Colombo",Colombo,Nugegoda,"Nugegoda, Colombo"
House for sale,40020753.0,5,3,2036.55,"Rathmalana, Colombo",Colombo,Rathmalana,"Rathmalana, Colombo"
House for sale,114817949.0,7,6,5810.42,"Boralesgamuwa, Colombo",Colombo,Boralesgamuwa,"Boralesgamuwa, Colombo"
House for sale,93453220.0,4,3,2923.67,"Battaramulla, Colombo",Colombo,Battaramulla,"Battaramulla, Colombo"
House for sale,107739605.0,5,5,4025.87,"Mount Lavinia, Colombo",Colombo,Mount Lavinia,"Mount Lavinia, Colombo"
House for sale,248529436.0,6,5,5537.43,"Colombo 7, Colombo",Colombo,Colombo 7,"Colombo 7, Colombo"
House for sale,40282230.0,5,3,4387.21,"Makadana, Colombo",Colombo,Makadana,"Makadana, Colombo"
House for sale,404819885.0,9,6,9019.7,"Colombo 7, Colombo",Colombo,Colombo 7,"Colombo 7, Colombo"
House for sale,16552608.0,2,2,1179.52,"Maththegoda, Colombo",Colombo,Maththegoda,"Maththegoda, Colombo"
House for sale,81980389.0,3,4,3891.24,"Thalawathugoda, Colombo",Colombo,Thalawathugoda,"Thalawathugoda, Colombo"
House for sale,44528045.0,4,3,2487.15,"Kottawa, Colombo",Colombo,Kottawa,"Kottawa, Colombo"
House for sale,51120053.0,4,4,1138.99,"Colombo 7, Colombo",Colombo,Colombo 7,"Colombo 7, Colombo"
House for sale,119622482.0,4,5,2665.28,"Colombo 6, Colombo",Colombo,Colombo 6,"Colombo 6, Colombo"
Villa for sale,109697997.0,4,4,4678.39,"Moratuwa, Colombo",Colombo,Moratuwa,"Moratuwa, Colombo"
House for sale,38384968.0,3,3,1537.18,"Kolonnawa, Colombo",Colombo,Kolonnawa,"Kolonnawa, Colombo"
House for sale,74903379.0,5,5,4244.46,"Pitakotte, Colombo",Colombo,Pitakotte,"Pitakotte, Colombo"
House for sale,17406466.0,2,1,1228.38,"Mount Lavinia, Colombo",Colombo,Mount Lavinia,"Mount Lavinia, Colombo"
House for sale,96763769.0,5,4,3209.06,"Kohuwala, Colombo",Colombo,Kohuwala,"Kohuwala, Colombo"
House for sale,46730595.0,4,3,3422.6,"Makadana, Colombo",Colombo,Makadana,"Makadana, Colombo"
House for sale,98239699.0,5,5,4476.62,"Mount Lavinia, Colombo",Colombo,Mount Lavinia,"Mount Lavinia, Colombo"
House for sale,32000000.0,2,1,2723.0,"Boralesgamuwa, Colombo",Colombo,Boralesgamuwa,"Boralesgamuwa, Colombo"
House for sale,49029721.0,5,3,3960.49,"Kesbewa, Colombo",Colombo,Kesbewa,"Kesbewa, Colombo"
House for sale,119229071.0,4,4,4012.6,"Moratuwa, Colombo",Colombo,Moratuwa,"Moratuwa, Colombo"
House for sale,15341417.0,2,3,896.0,"Padukka, Colombo",Colombo,Padukka,"Padukka, Colombo"
House for sale,404607476.0,8,6,9014.97,"Boralesgamuwa, Colombo",Colombo,Boralesgamuwa,"Boralesgamuwa, Colombo"
House for sale,168120133.0,5,4,3745.85,"Nugegoda, Colombo",Colombo,Nugegoda,"Nugegoda, Colombo"
House for sale,146991880.0,5,4,4138.19,"Mount Lavinia, Colombo",Colombo,Mount Lavinia,"Mount Lavinia, Colombo"
House for sale,120129816.0,5,4,5188.55,"Nugegoda, Colombo",Colombo,Nugegoda,"Nugegoda, Colombo"
House for sale,79598697.0,2,2,1773.52,"Pamankada, Colombo",Colombo,Pamankada,"Pamankada, Colombo"
House for sale,24339920.0,2,2,1502.62,"Boralesgamuwa, Colombo",Colombo,Boralesgamuwa,"Boralesgamuwa, Colombo"
House for sale,161239877.0,5,5,3592.55,"Colombo 7, Colombo",Colombo,Colombo 7,"Colombo 7, Colombo"
House for sale,18274822.0,2,3,1086.1,"Homagama, Colombo",Colombo,Homagama,"Homagama, Colombo"
House for sale,36343763.0,3,1,2480.44,"Boralesgamuwa, Colombo",Colombo,Boralesgamuwa,"Boralesgamuwa, Colombo"
House for sale,138784661.0,4,4,3092.23,"Boralesgamuwa, Colombo",Colombo,Boralesgamuwa,"Boralesgamuwa, Colombo"
House for sale,87629844.0,4,4,3154.2,"Pitakotte, Colombo",Colombo,Pitakotte,"Pitakotte, Colombo"
House for sale,159514808.0,4,4,4179.75,"Bambalapitiya , Colombo",Colombo,Bambalapitiya ,"Bambalapitiya , Colombo"
House for sale,23832941.0,4,3,2839.44,"Kaduwela, Colombo",Colombo,Kaduwela,"Kaduwela, Colombo"
House for sale,46710180.0,2,2,1796.85,"Moratuwa, Colombo",Colombo,Moratuwa,"Moratuwa, Colombo"
House for sale,32910029.0,4,3,4032.93,"Homagama, Colombo",Colombo,Homagama,"Homagama, Colombo"
Villa for sale,48018776.0,5,5,2711.85,"Battaramulla, Colombo",Colombo,Battaramulla,"Battaramulla, Colombo"
House for sale,60512657.0,4,3,2770.37,"Pitakotte, Colombo",Colombo,Pitakotte,"Pitakotte, Colombo"
House for sale,10155040.0,3,1,1164.88,"Padukka, Colombo",Colombo,Padukka,"Padukka, Colombo"
House for sale,155953949.0,4,4,3474.77,"Nugegoda, Colombo",Colombo,Nugegoda,"Nugegoda, Colombo"
House for sale,264484763.0,10,8,9019.7,"Battaramulla, Colombo",Colombo,Battaramulla,"Battaramulla, Colombo"
House for sale,36805251.0,4,4,2562.18,"Homagama, Colombo",Colombo,Homagama,"Homagama, Colombo"
House for sale,168436996.0,4,4,3752.91,"Nugegoda, Colombo",Colombo,Nugegoda,"Nugegoda, Colombo"
House for sale,40509979.0,5,4,2681.58,"Maharagama, Colombo",Colombo,Maharagama,"Maharagama, Colombo"
House for sale,24956504.0,3,2,2640.68,"Padukka, Colombo",Colombo,Padukka,"Padukka, Colombo"
House for sale,86401926.0,4,3,3999.09,"Kottawa, Colombo",Colombo,Kottawa,"Kottawa, Colombo"
House for sale,29683625.0,2,2,2566.52,"Boralesgamuwa, Colombo",Colombo,Boralesgamuwa,"Boralesgamuwa, Colombo"
House for sale,198373103.0,5,5,5059.85,"Colombo 7, Colombo",Colombo,Colombo 7,"Colombo 7, Colombo"
House for sale,14617017.0,3,2,1520.08,"Kesbewa, Colombo",Colombo,Kesbewa,"Kesbewa, Colombo"
House for sale,95671289.0,5,4,2459.57,"Dehiwala, Colombo",Colombo,Dehiwala,"Dehiwala, Colombo"
House for sale,15686240.0,2,2,1922.26,"Moratuwa, Colombo",Colombo,Moratuwa,"Moratuwa, Colombo"
House for sale,35392741.0,5,5,4337.18,"Pitakotte, Colombo",Colombo,Pitakotte,"Pitakotte, Colombo"
Villa for sale,25705866.0,4,3,933.7,"Nugegoda, Colombo",Colombo,Nugegoda,"Nugegoda, Colombo"
House for sale,100873143.0,4,3,2981.22,"Battaramulla, Colombo",Colombo,Battaramulla,"Battaramulla, Colombo"
House for sale,78388841.0,3,3,1746.56,"Bambalapitiya , Colombo",Colombo,Bambalapitiya ,"Bambalapitiya , Colombo"
House for sale,58330182.0,5,5,3614.01,"Rathmalana, Colombo",Colombo,Rathmalana,"Rathmalana, Colombo"
House for sale,41713528.0,4,3,5111.75,"Malabe, Colombo",Colombo,Malabe,"Malabe, Colombo"
House for sale,82391141.0,7,6,6524.73,"Boralesgamuwa, Colombo",Colombo,Boralesgamuwa,"Boralesgamuwa, Colombo"
House for sale,49041700.0,4,4,3661.81,"Kothalawala, Colombo",Colombo,Kothalawala,"Kothalawala, Colombo"
House for sale,37124359.0,4,5,3286.99,"Morakatiya, Colombo",Colombo,Morakatiya,"Morakatiya, Colombo"
House for sale,19830608.0,4,3,2430.13,"Padukka, Colombo",Colombo,Padukka,"Padukka, Colombo"
House for sale,30427998.0,3,3,1297.52,"Padukka, Colombo",Colombo,Padukka,"Padukka, Colombo"
House for sale,54994346.0,5,4,3046.65,"Thalawathugoda, Colombo",Colombo,Thalawathugoda,"Thalawathugoda, Colombo"
House for sale,78727764.0,5,4,1754.12,"Bambalapitiya , Colombo",Colombo,Bambalapitiya ,"Bambalapitiya , Colombo"
House for sale,64447160.0,5,3,2244.86,"Colombo 9, Colombo",Colombo,Colombo 9,"Colombo 9, Colombo"
House for sale,247853413.0,6,6,5872.43,"Pitakotte, Colombo",Colombo,Pitakotte,"Pitakotte, Colombo"
House for sale,9096128.0,1,1,896.0,"Wellampitiya, Colombo",Colombo,Wellampitiya,"Wellampitiya, Colombo"
House for sale,93968213.0,5,5,4674.58,"Moratuwa, Colombo",Colombo,Moratuwa,"Moratuwa, Colombo"
House for sale,32994913.0,4,2,1064.16,"Nugegoda, Colombo",Colombo,Nugegoda,"Nugegoda, Colombo"
House for sale,45146717.0,3,3,3752.44,"Makadana, Colombo",Colombo,Makadana,"Makadana, Colombo"
House for sale,10594516.0,2,1,1024.06,"Makumbura, Colombo",Colombo,Makumbura,"Makumbura, Colombo"
House for sale,23223437.0,4,2,2414.27,"Pannipitiya, Colombo",Colombo,Pannipitiya,"Pannipitiya, Colombo"
House for sale,18649059.0,3,2,1280.04,"Pannipitiya, Colombo",Colombo,Pannipitiya,"Pannipitiya, Colombo"
House for sale,59273466.0,5,4,3462.23,"Thalawathugoda, Colombo",Colombo,Thalawathugoda,"Thalawathugoda, Colombo"
House for sale,29500000.0,5,3,4653.0,"Thalduwa, Awissawella",Colombo,Awissawella,"Thalduwa, Awissawella"
House for sale,31372030.0,3,2,1869.86,"Boralesgamuwa, Colombo",Colombo,Boralesgamuwa,"Boralesgamuwa, Colombo"
House for sale,97650186.0,3,4,2453.25,"Thalawathugoda, Colombo",Colombo,Thalawathugoda,"Thalawathugoda, Colombo"
House for sale,75309002.0,4,5,3455.2,"Mount Lavinia, Colombo",Colombo,Mount Lavinia,"Mount Lavinia, Colombo"
House for sale,129478366.0,5,5,3826.19,"Nawala, Colombo",Colombo,Nawala,"Nawala, Colombo"
House for sale,77398103.0,5,4,3980.8,"Pitakotte, Colombo",Colombo,Pitakotte,"Pitakotte, Colombo"
House for sale,288370262.0,7,5,6425.11,"Colombo 7, Colombo",Colombo,Colombo 7,"Colombo 7, Colombo"
Villa for sale,83098042.0,6,5,5181.99,"Boralesgamuwa, Colombo",Colombo,Boralesgamuwa,"Boralesgamuwa, Colombo"
House for sale,38731304.0,4,3,2582.04,"Kottawa, Colombo",Colombo,Kottawa,"Kottawa, Colombo"
House for sale,41915551.0,4,4,1864.59,"Morakatiya, Colombo",Colombo,Morakatiya,"Morakatiya, Colombo"
House for sale,404819885.0,7,5,9019.7,"Colombo 7, Colombo",Colombo,Colombo 7,"Colombo 7, Colombo"
House for sale,13032211.0,2,2,896.0,"Kolonnawa, Colombo",Colombo,Kolonnawa,"Kolonnawa, Colombo"
House for sale,25710122.0,4,4,3150.63,"Colombo 8, Colombo",Colombo,Colombo 8,"Colombo 8, Colombo"
House for sale,21142596.0,1,2,1253.79,"Maththegoda, Colombo",Colombo,Maththegoda,"Maththegoda, Colombo"
House for sale,36089035.0,5,3,4422.5,"Awissawella, Colombo",Colombo,Awissawella,"Awissawella, Colombo"
House for sale,54205186.0,5,3,2758.86,"Kaduwela, Colombo",Colombo,Kaduwela,"Kaduwela, Colombo"
House for sale,72292964.0,5,5,1610.74,"Bambalapitiya , Colombo",Colombo,Bambalapitiya ,"Bambalapitiya , Colombo"
House for sale,89384023.0,4,4,2414.49,"Dehiwala, Colombo",Colombo,Dehiwala,"Dehiwala, Colombo"
House for sale,23551523.0,1,2,1155.8,"Piliyandala, Colombo",Colombo,Piliyandala,"Piliyandala, Colombo"
House for sale,157738592.0,5,4,3514.54,"Colombo 7, Colombo",Colombo,Colombo 7,"Colombo 7, Colombo"
House for sale,207448140.0,3,3,4622.1,"Colombo 7, Colombo",Colombo,Colombo 7,"Colombo 7, Colombo"
House for sale,254425187.0,6,6,5668.79,"Kothalawala, Colombo",Colombo,Kothalawala,"Kothalawala, Colombo"
House for sale,30391539.0,5,4,3724.31,"Pitakotte, Colombo",Colombo,Pitakotte,"Pitakotte, Colombo"
House for sale,38956910.0,3,3,1940.97,"Homagama, Colombo",Colombo,Homagama,"Homagama, Colombo"
House for sale,168570823.0,4,4,3755.89,"Colombo 7, Colombo",Colombo,Colombo 7,"Colombo 7, Colombo"
House for sale,38399539.0,3,3,2392.24,"Battaramulla, Colombo",Colombo,Battaramulla,"Battaramulla, Colombo"
House for sale,8267402.0,3,2,896.0,"Makumbura, Colombo",Colombo,Makumbura,"Makumbura, Colombo"
House for sale,243697425.0,10,8,9019.7,"Battaramulla, Colombo",Colombo,Battaramulla,"Battaramulla, Colombo"
House for sale,194373571.0,3,3,4330.79,"Colombo 7, Colombo",Colombo,Colombo 7,"Colombo 7, Colombo"
House for sale,32446706.0,4,3,2257.06,"Kottawa, Colombo",Colombo,Kottawa,"Kottawa, Colombo"
House for sale,22876847.0,2,3,1287.71,"Homagama, Colombo",Colombo,Homagama,"Homagama, Colombo"
House for sale,80796204.0,5,4,3839.75,"Thalawathugoda, Colombo",Colombo,Thalawathugoda,"Thalawathugoda, Colombo"
House for sale,169517662.0,4,4,3776.98,"Colombo 7, Colombo",Colombo,Colombo 7,"Colombo 7, Colombo"
House for sale,59342393.0,3,2,2018.37,"Mount Lavinia, Colombo",Colombo,Mount Lavinia,"Mount Lavinia, Colombo"
House for sale,12719275.0,3,3,976.76,"Wellampitiya, Colombo",Colombo,Wellampitiya,"Wellampitiya, Colombo"
House for sale,33659640.0,5,3,2326.87,"Awissawella, Colombo",Colombo,Awissawella,"Awissawella, Colombo"
House for sale,20951857.0,2,3,1493.56,"Makumbura, Colombo",Colombo,Makumbura,"Makumbura, Colombo"
House for sale,39443360.0,4,3,1904.49,"Kolonnawa, Colombo",Colombo,Kolonnawa,"Kolonnawa, Colombo"
House for sale,106412229.0,5,5,2608.32,"Colombo 6, Colombo",Colombo,Colombo 6,"Colombo 6, Colombo"
House for sale,65239521.0,4,4,3558.44,"Thalawathugoda, Colombo",Colombo,Thalawathugoda,"Thalawathugoda, Colombo"
House for sale,112070071.0,6,5,3377.57,"Dehiwala, Colombo",Colombo,Dehiwala,"Dehiwala, Colombo"
House for sale,81976604.0,6,4,3906.52,"Pitakotte, Colombo",Colombo,Pitakotte,"Pitakotte, Colombo"
House for sale,13300325.0,4,3,896.0,"Wellampitiya, Colombo",Colombo,Wellampitiya,"Wellampitiya, Colombo"
House for sale,339314809.0,7,5,9019.7,"Kohuwala, Colombo",Colombo,Kohuwala,"Kohuwala, Colombo"
Villa for sale,195692579.0,4,5,4360.18,"Colombo 7, Colombo",Colombo,Colombo 7,"Colombo 7, Colombo"
Villa for sale,40305689.0,4,4,898.04,"Nawala, Colombo",Colombo,Nawala,"Nawala, Colombo"
House for sale,65779751.0,4,3,3056.6,"Kothalawala, Colombo",Colombo,Kothalawala,"Kothalawala, Colombo"
House for sale,20735249.0,3,3,1209.11,"Kolonnawa, Colombo",Colombo,Kolonnawa,"Kolonnawa, Colombo"
House for sale,46742511.0,4,4,4141.46,"Wellampitiya, Colombo",Colombo,Wellampitiya,"Wellampitiya, Colombo"
House for sale,62527176.0,6,5,3706.7,"Dehiwala, Colombo",Colombo,Dehiwala,"Dehiwala, Colombo"
House for sale,34500000.0,5,3,2400.0,"Malabe Road, Kottawa",Colombo,Kottawa,"Malabe Road, Kottawa"
House for sale,126747855.0,9,6,4597.72,"Rathmalana, Colombo",Colombo,Rathmalana,"Rathmalana, Colombo"
House for sale,10135422.0,2,1,1242.04,"Padukka, Colombo",Colombo,Padukka,"Padukka, Colombo"
House for sale,67883888.0,5,4,1512.51,"Colombo 6, Colombo",Colombo,Colombo 6,"Colombo 6, Colombo"
House for sale,25839826.0,5,4,2763.93,"Kaduwela, Colombo",Colombo,Kaduwela,"Kaduwela, Colombo"
House for sale,25556782.0,3,3,1623.01,"Kolonnawa, Colombo",Colombo,Kolonnawa,"Kolonnawa, Colombo"
House for sale,35599742.0,5,3,2474.01,"Piliyandala, Colombo",Colombo,Piliyandala,"Piliyandala, Colombo"
House for sale,40115019.0,4,3,3868.03,"Malabe, Colombo",Colombo,Malabe,"Malabe, Colombo"
House for sale,126453561.0,4,4,3893.29,"Thalawathugoda, Colombo",Colombo,Thalawathugoda,"Thalawathugoda, Colombo"
House for sale,404819885.0,10,9,9019.7,"Dematagoda, Colombo",Colombo,Dematagoda,"Dematagoda, Colombo"
House for sale,11580150.0,4,2,1419.08,"Moratuwa, Colombo",Colombo,Moratuwa,"Moratuwa, Colombo"
House for sale,243186473.0,6,5,9015.82,"Nugegoda, Colombo",Colombo,Nugegoda,"Nugegoda, Colombo"
House for sale,79117852.0,7,6,5985.77,"Boralesgamuwa, Colombo",Colombo,Boralesgamuwa,"Boralesgamuwa, Colombo"
House for sale,58059938.0,4,2,3558.66,"Kolonnawa, Colombo",Colombo,Kolonnawa,"Kolonnawa, Colombo"
House for sale,97930680.0,4,3,4177.71,"Mount Lavinia, Colombo",Colombo,Mount Lavinia,"Mount Lavinia, Colombo"
House for sale,35029878.0,4,3,2634.81,"Maharagama, Colombo",Colombo,Maharagama,"Maharagama, Colombo"
House for sale,30428358.0,6,4,3728.82,"Mount Lavinia, Colombo",Colombo,Mount Lavinia,"Mount Lavinia, Colombo"
House for sale,27396828.0,3,3,1458.86,"Kesbewa, Colombo",Colombo,Kesbewa,"Kesbewa, Colombo"
House for sale,58514347.0,3,3,3221.74,"Thalawathugoda, Colombo",Colombo,Thalawathugoda,"Thalawathugoda, Colombo"
House for sale,36862469.0,5,3,4517.28,"Malabe, Colombo",Colombo,Malabe,"Malabe, Colombo"
House for sale,98938724.0,5,5,4994.21,"Moratuwa, Colombo",Colombo,Moratuwa,"Moratuwa, Colombo"
House for sale,17197581.0,1,3,1267.45,"Homagama, Colombo",Colombo,Homagama,"Homagama, Colombo"
House for sale,404819885.0,8,6,9019.7,"Nugegoda, Colombo",Colombo,Nugegoda,"Nugegoda, Colombo"
House for sale,26125728.0,2,2,1482.84,"Athurugiriya, Colombo",Colombo,Athurugiriya,"Athurugiriya, Colombo"
House for sale,49776334.0,3,3,2659.6,"Athurugiriya, Colombo",Colombo,Athurugiriya,"Athurugiriya, Colombo"
House for sale,57302234.0,5,5,3688.46,"Kothalawala, Colombo",Colombo,Kothalawala,"Kothalawala, Colombo"
House for sale,69744092.0,6,5,3431.42,"Kothalawala, Colombo",Colombo,Kothalawala,"Kothalawala, Colombo"
House for sale,23123654.0,4,3,1308.6,"Makumbura, Colombo",Colombo,Makumbura,"Makumbura, Colombo"
House for sale,34395365.0,6,3,3019.13,"Awissawella, Colombo",Colombo,Awissawella,"Awissawella, Colombo"
House for sale,118919756.0,4,4,4675.87,"Maharagama, Colombo",Colombo,Maharagama,"Maharagama, Colombo"
House for sale,18130463.0,5,3,2221.78,"Kesbewa, Colombo",Colombo,Kesbewa,"Kesbewa, Colombo"
House for sale,54761137.0,2,2,3255.18,"Thalawathugoda, Colombo",Colombo,Thalawathugoda,"Thalawathugoda, Colombo"
Villa for sale,37262119.0,3,3,1819.5,"Kolonnawa, Colombo",Colombo,Kolonnawa,"Kolonnawa, Colombo"
House for sale,24639321.0,2,2,1538.31,"Thalawathugoda, Colombo",Colombo,Thalawathugoda,"Thalawathugoda, Colombo"
House for sale,105000000.0,4,4,4000.0,"Thalawathugoda, Colombo",Colombo,Thalawathugoda,"Thalawathugoda, Colombo"
House for sale,125758140.0,5,4,4306.88,"Bambalapitiya , Colombo",Colombo,Bambalapitiya ,"Bambalapitiya , Colombo"
House for sale,87810650.0,4,4,3672.77,"Rathmalana, Colombo",Colombo,Rathmalana,"Rathmalana, Colombo"
House for sale,93723054.0,4,4,3088.07,"Kirulapona, Colombo",Colombo,Kirulapona,"Kirulapona, Colombo"
House for sale,62510035.0,3,3,1615.4,"Colombo 9, Colombo",Colombo,Colombo 9,"Colombo 9, Colombo"
House for sale,49457068.0,4,3,2657.25,"Kaduwela, Colombo",Colombo,Kaduwela,"Kaduwela, Colombo"
House for sale,184555690.0,4,4,4112.04,"Colombo 7, Colombo",Colombo,Colombo 7,"Colombo 7, Colombo"
House for sale,91569515.0,4,4,3655.82,"Thalawathugoda, Colombo",Colombo,Thalawathugoda,"Thalawathugoda, Colombo"
House for sale,39707196.0,3,3,2539.65,"Maharagama, Colombo",Colombo,Maharagama,"Maharagama, Colombo"
House for sale,61039795.0,4,3,2460.73,"Rathmalana, Colombo",Colombo,Rathmalana,"Rathmalana, Colombo"
Villa for sale,73136960.0,4,3,3546.21,"Kirulapona, Colombo",Colombo,Kirulapona,"Kirulapona, Colombo"
House for sale,31708881.0,2,1,2674.22,"Boralesgamuwa, Colombo",Colombo,Boralesgamuwa,"Boralesgamuwa, Colombo"
House for sale,40297996.0,4,4,2787.89,"Colombo 7, Colombo",Colombo,Colombo 7,"Colombo 7, Colombo"
House for sale,34514666.0,3,3,2662.69,"Kaduwela, Colombo",Colombo,Kaduwela,"Kaduwela, Colombo"
House for sale,143110747.0,3,3,3498.75,"Kohuwala, Colombo",Colombo,Kohuwala,"Kohuwala, Colombo"
House for sale,63709226.0,5,4,3216.58,"Pitakotte, Colombo",Colombo,Pitakotte,"Pitakotte, Colombo"
House for sale,145580805.0,3,3,4718.48,"Dehiwala, Colombo",Colombo,Dehiwala,"Dehiwala, Colombo"
House for sale,114949722.0,5,5,2787.6,"Nawala, Colombo",Colombo,Nawala,"Nawala, Colombo"
House for sale,30005898.0,3,2,2813.55,"Piliyandala, Colombo",Colombo,Piliyandala,"Piliyandala, Colombo"
House for sale,48141010.0,5,3,2142.59,"Kaduwela, Colombo",Colombo,Kaduwela,"Kaduwela, Colombo"
House for sale,50058802.0,4,2,2715.04,"Mount Lavinia, Colombo",Colombo,Mount Lavinia,"Mount Lavinia, Colombo"
House for sale,91402006.0,5,4,2487.44,"Dehiwala, Colombo",Colombo,Dehiwala,"Dehiwala, Colombo"
House for sale,21429033.0,3,2,2626.0,"Athurugiriya, Colombo",Colombo,Athurugiriya,"Athurugiriya, Colombo"
House for sale,87624030.0,4,4,2425.89,"Kirulapona, Colombo",Colombo,Kirulapona,"Kirulapona, Colombo"
House for sale,41078284.0,5,3,5033.91,"Awissawella, Colombo",Colombo,Awissawella,"Awissawella, Colombo"
House for sale,108163772.0,5,5,2409.97,"Colombo 6, Colombo",Colombo,Colombo 6,"Colombo 6, Colombo"
House for sale,43789945.0,4,3,3751.56,"Kesbewa, Colombo",Colombo,Kesbewa,"Kesbewa, Colombo"
House for sale,62723225.0,3,3,3404.1,"Mount Lavinia, Colombo",Colombo,Mount Lavinia,"Mount Lavinia, Colombo"
House for sale,80190903.0,4,4,2303.34,"Dehiwala, Colombo",Colombo,Dehiwala,"Dehiwala, Colombo"
House for sale,296251778.0,6,5,6600.72,"Boralesgamuwa, Colombo",Colombo,Boralesgamuwa,"Boralesgamuwa, Colombo"
House for sale,33962943.0,4,4,2740.55,"Homagama, Colombo",Colombo,Homagama,"Homagama, Colombo"
House for sale,128117419.0,5,5,4127.01,"Nawala, Colombo",Colombo,Nawala,"Nawala, Colombo"
House for sale,152441117.0,6,4,4035.37,"Mount Lavinia, Colombo",Colombo,Mount Lavinia,"Mount Lavinia, Colombo"
House for sale,58217994.0,5,4,3240.02,"Thalawathugoda, Colombo",Colombo,Thalawathugoda,"Thalawathugoda, Colombo"
House for sale,117310585.0,4,3,3210.51,"Battaramulla, Colombo",Colombo,Battaramulla,"Battaramulla, Colombo"
House for sale,37679152.0,4,4,4016.99,"Malabe, Colombo",Colombo,Malabe,"Malabe, Colombo"
House for sale,84065585.0,5,5,4436.63,"Mount Lavinia, Colombo",Colombo,Mount Lavinia,"Mount Lavinia, Colombo"
House for sale,42000000.0,4,3,4000.0,"Kahanthota Road, Malabe ",Colombo,Malabe,"Kahanthota Road, Malabe "
House for sale,68285747.0,3,4,2345.22,"Dehiwala, Colombo",Colombo,Dehiwala,"Dehiwala, Colombo"
House for sale,45562336.0,4,3,3825.55,"Makadana, Colombo",Colombo,Makadana,"Makadana, Colombo"
House for sale,19588505.0,4,3,2400.46,"Padukka, Colombo",Colombo,Padukka,"Padukka, Colombo"
House for sale,25454873.0,3,2,1564.42,"Makumbura, Colombo",Colombo,Makumbura,"Makumbura, Colombo"
Villa for sale,68153520.0,4,4,1518.51,"Bambalapitiya , Colombo",Colombo,Bambalapitiya ,"Bambalapitiya , Colombo"
House for sale,26016614.0,4,3,2391.57,"Athurugiriya, Colombo",Colombo,Athurugiriya,"Athurugiriya, Colombo"
House for sale,36440660.0,4,4,2156.27,"Kolonnawa, Colombo",Colombo,Kolonnawa,"Kolonnawa, Colombo"
Villa for sale,37203352.0,4,3,1624.79,"Homagama, Colombo",Colombo,Homagama,"Homagama, Colombo"
House for sale,81561088.0,3,3,1817.24,"Bambalapitiya , Colombo",Colombo,Bambalapitiya ,"Bambalapitiya , Colombo"
House for sale,287738906.0,7,5,7669.84,"Nugegoda, Colombo",Colombo,Nugegoda,"Nugegoda, Colombo"
House for sale,18148820.0,4,3,2224.03,"Colombo 8, Colombo",Colombo,Colombo 8,"Colombo 8, Colombo"
House for sale,20634564.0,3,3,997.36,"Homagama, Colombo",Colombo,Homagama,"Homagama, Colombo"
House for sale,31423822.0,2,2,1020.99,"Maharagama, Colombo",Colombo,Maharagama,"Maharagama, Colombo"
House for sale,74430647.0,4,4,3560.9,"Pitakotte, Colombo",Colombo,Pitakotte,"Pitakotte, Colombo"
House for sale,69224743.0,5,5,3428.72,"Thalawathugoda, Colombo",Colombo,Thalawathugoda,"Thalawathugoda, Colombo"
House for sale,53288459.0,4,3,4199.49,"Kolonnawa, Colombo",Colombo,Kolonnawa,"Kolonnawa, Colombo"
House for sale,49985383.0,5,4,3842.49,"Kottawa, Colombo",Colombo,Kottawa,"Kottawa, Colombo"
House for sale,22471952.0,1,3,1121.46,"Homagama, Colombo",Colombo,Homagama,"Homagama, Colombo"
House for sale,404819885.0,10,9,9019.7,"Nawala, Colombo",Colombo,Nawala,"Nawala, Colombo"
House for sale,388281538.0,7,6,8651.21,"Colombo 7, Colombo",Colombo,Colombo 7,"Colombo 7, Colombo"
House for sale,11823835.0,2,1,1038.45,"Padukka, Colombo",Colombo,Padukka,"Padukka, Colombo"
House for sale,99001312.0,8,6,6065.41,"Colombo 6, Colombo",Colombo,Colombo 6,"Colombo 6, Colombo"
House for sale,33906863.0,3,2,2679.43,"Piliyandala, Colombo",Colombo,Piliyandala,"Piliyandala, Colombo"
House for sale,51904884.0,3,3,3065.28,"Moratuwa, Colombo",Colombo,Moratuwa,"Moratuwa, Colombo"
