TYPE,PRICE,BEDS,BATH,PROPERTYSQFT,ADDRESS,STATE,LOCALITY,PRICE_PER_SQFT,SIZE_CATEGORY,BEDS_PER_BATH,TOTAL_BEDS_BATH
House for sale,94601238.0,5,5,5938.49,"Moratuwa, Colombo",Colombo,Moratuwa,15930.18393564694,Very Large,1.0,10
House for sale,46044725.0,3,3,1768.45,"Homagama, Colombo",Colombo,Homagama,26036.769487404224,Medium,1.0,6
House for sale,90985626.0,5,4,5063.38,"Boralesgamuwa, Colombo",Colombo,Boralesgamuwa,17969.345772981684,Very Large,1.25,9
House for sale,28967644.0,3,2,2619.82,"Piliyandala, Colombo",Colombo,Piliyandala,11057.112320693788,Large,1.5,5
Villa for sale,98596073.0,5,5,4914.25,"Boralesgamuwa, Colombo",Colombo,Boralesgamuwa,20063.300198402605,Very Large,1.0,10
House for sale,11677723.0,4,2,1431.04,"Padukka, Colombo",Colombo,Padukka,8160.305092799643,Medium,2.0,6
House for sale,55940507.0,4,3,2138.28,"Dehiwala, Colombo",Colombo,Dehiwala,26161.450792225525,Large,1.3333333333333333,7
House for sale,60773161.0,3,3,3048.53,"Dehiwala, Colombo",Colombo,Dehiwala,19935.23468688187,Large,1.0,6
House for sale,26788426.0,4,3,2620.5,"Piliyandala, Colombo",Colombo,Piliyandala,10222.639190994085,Large,1.3333333333333333,7
House for sale,81789774.0,5,4,3029.48,"Pitakotte, Colombo",Colombo,Pitakotte,26997.958065410567,Large,1.25,9
House for sale,132060273.0,3,3,4538.45,"Mount Lavinia, Colombo",Colombo,Mount Lavinia,29098.10023245822,Very Large,1.0,6
House for sale,496440000.0,4,4,4500.0,"Bouddhaloka Mawatha, Colombo 07",Colombo,Colombo 7,110320.0,Very Large,1.0,8
House for sale,51155911.0,3,3,3433.46,"Thalawathugoda, Colombo",Colombo,Thalawathugoda,14899.230222574313,Large,1.0,6
House for sale,68871285.0,4,3,1975.8,"Pitakotte, Colombo",Colombo,Pitakotte,34857.41724870938,Medium,1.3333333333333333,7
House for sale,34378572.0,4,3,4212.9,"Awissawella, Colombo",Colombo,Awissawella,8160.310474969737,Very Large,1.3333333333333333,7
House for sale,384617603.0,7,6,8569.58,"Kohuwala, Colombo",Colombo,Kohuwala,44881.73317712187,Very Large,1.1666666666666667,13
House for sale,38159437.0,4,3,4597.9,"Awissawella, Colombo",Colombo,Awissawella,8299.318601970466,Very Large,1.3333333333333333,7
House for sale,39381635.0,4,3,2298.82,"Moratuwa, Colombo",Colombo,Moratuwa,17131.239070479634,Large,1.3333333333333333,7
House for sale,63006045.0,2,2,1403.82,"Pamankada, Colombo",Colombo,Pamankada,44881.85451126213,Medium,1.0,4
House for sale,47849007.0,3,3,3392.55,"Kesbewa, Colombo",Colombo,Kesbewa,14104.142017066808,Large,1.0,6
House for sale,24500000.0,5,2,2500.0,"Mahalwarawa, Pannipitiya",Colombo,Pannipitiya,9800.0,Large,2.5,7
House for sale,111925187.0,5,3,3491.42,"Kottawa, Colombo",Colombo,Kottawa,32057.210819666496,Large,1.6666666666666667,8
House for sale,302950112.0,10,8,9019.7,"Battaramulla, Colombo",Colombo,Battaramulla,33587.604022306725,Very Large,1.25,18
House for sale,39530898.0,5,3,4844.28,"Awissawella, Colombo",Colombo,Awissawella,8160.324754143031,Very Large,1.6666666666666667,8
House for sale,59695110.0,3,3,3693.34,"Pitakotte, Colombo",Colombo,Pitakotte,16162.906745655693,Very Large,1.0,6
House for sale,164355412.0,3,4,3661.97,"Nawala, Colombo",Colombo,Nawala,44881.692640846326,Very Large,0.75,7
House for sale,41646121.0,4,4,2250.6,"Colombo 7, Colombo",Colombo,Colombo 7,18504.452590420333,Large,1.0,8
House for sale,38265553.0,5,4,4628.65,"Malabe, Colombo",Colombo,Malabe,8267.108768215356,Very Large,1.25,9
House for sale,13459149.0,2,2,896.0,"Kolonnawa, Colombo",Colombo,Kolonnawa,15021.371651785714,Small,1.0,4
House for sale,137043300.0,4,5,3053.43,"Nawala, Colombo",Colombo,Nawala,44881.75592694118,Large,0.8,9
House for sale,85940564.0,3,3,2955.27,"Colombo 6, Colombo",Colombo,Colombo 6,29080.44408801903,Large,1.0,6
House for sale,65498722.0,5,5,5282.14,"Pitakotte, Colombo",Colombo,Pitakotte,12400.03521300079,Very Large,1.0,10
Villa for sale,23040739.0,5,3,2523.1,"Pannipitiya, Colombo",Colombo,Pannipitiya,9131.916689786374,Large,1.6666666666666667,8
House for sale,253861899.0,9,8,8117.52,"Battaramulla, Colombo",Colombo,Battaramulla,31273.332126068057,Very Large,1.125,17
House for sale,25729471.0,5,3,2876.5,"Pannipitiya, Colombo",Colombo,Pannipitiya,8944.71440987311,Large,1.6666666666666667,8
House for sale,62994345.0,5,5,3337.25,"Dehiwala, Colombo",Colombo,Dehiwala,18876.124054236272,Large,1.0,10
House for sale,104844219.0,4,4,5033.31,"Nugegoda, Colombo",Colombo,Nugegoda,20830.073848024458,Very Large,1.0,8
House for sale,24172340.0,4,3,2007.34,"Polgasovita, Colombo",Colombo,Polgasovita,12041.97594826985,Large,1.3333333333333333,7
House for sale,36903673.0,3,3,2332.94,"Colombo 9, Colombo",Colombo,Colombo 9,15818.526408737473,Large,1.0,6
House for sale,70059786.0,5,5,3315.37,"Moratuwa, Colombo",Colombo,Moratuwa,21131.815151853338,Large,1.0,10
House for sale,39059086.0,4,3,4786.47,"Awissawella, Colombo",Colombo,Awissawella,8160.311461264773,Very Large,1.3333333333333333,7
House for sale,35000000.0,3,2,1200.0,"Temple Road, Maharagama",Colombo,Maharagama,29166.666666666668,Medium,1.5,5
House for sale,45957272.0,5,3,2134.43,"Kottawa, Colombo",Colombo,Kottawa,21531.40276326701,Large,1.6666666666666667,8
House for sale,61826821.0,3,3,2988.12,"Thalawathugoda, Colombo",Colombo,Thalawathugoda,20690.8762030976,Large,1.0,6
House for sale,15668196.0,2,2,896.0,"Kolonnawa, Colombo",Colombo,Kolonnawa,17486.82589285714,Small,1.0,4
House for sale,164198640.0,4,3,3658.47,"Colombo 7, Colombo",Colombo,Colombo 7,44881.77844836776,Very Large,1.3333333333333333,7
House for sale,108601425.0,4,4,3489.17,"Kohuwala, Colombo",Colombo,Kohuwala,31125.289108871162,Large,1.0,8
House for sale,108000000.0,2,1,1500.0,"Havelock road, Pamankada",Colombo,Pamankada,72000.0,Medium,2.0,3
House for sale,207849948.0,6,5,4874.54,"Colombo 7, Colombo",Colombo,Colombo 7,42639.91022742659,Very Large,1.2,11
House for sale,131685369.0,5,5,3860.6,"Nawala, Colombo",Colombo,Nawala,34110.07848520955,Very Large,1.0,10
House for sale,58335706.0,4,4,3492.08,"Thalawathugoda, Colombo",Colombo,Thalawathugoda,16705.145930219238,Large,1.0,8
House for sale,21318478.0,1,2,1001.39,"Padukka, Colombo",Colombo,Padukka,21288.886447837507,Medium,0.5,3
House for sale,85165018.0,5,4,4530.57,"Battaramulla, Colombo",Colombo,Battaramulla,18797.859430491088,Very Large,1.25,9
House for sale,42820801.0,5,3,5247.44,"Makadana, Colombo",Colombo,Makadana,8160.322176146846,Very Large,1.6666666666666667,8
House for sale,95514234.0,5,4,4426.11,"Pitakotte, Colombo",Colombo,Pitakotte,21579.724408114576,Very Large,1.25,9
House for sale,325312925.0,8,6,8468.89,"Pamankada, Colombo",Colombo,Pamankada,38412.69930297831,Very Large,1.3333333333333333,14
Villa for sale,78281464.0,5,4,3656.59,"Pitakotte, Colombo",Colombo,Pitakotte,21408.324149002212,Very Large,1.25,9
House for sale,114665697.0,5,5,4771.84,"Thalawathugoda, Colombo",Colombo,Thalawathugoda,24029.660885528432,Very Large,1.0,10
House for sale,34750299.0,4,3,2457.76,"Kottawa, Colombo",Colombo,Kottawa,14139.01235271141,Large,1.3333333333333333,7
House for sale,85311041.0,4,5,3658.19,"Mount Lavinia, Colombo",Colombo,Mount Lavinia,23320.560441092453,Very Large,0.8,9
House for sale,89800566.0,5,5,4886.03,"Moratuwa, Colombo",Colombo,Moratuwa,18379.045155269207,Very Large,1.0,10
House for sale,147810742.0,6,6,3343.12,"Colombo 6, Colombo",Colombo,Colombo 6,44213.412022302524,Large,1.0,12
House for sale,78946203.0,3,4,3843.97,"Kottawa, Colombo",Colombo,Kottawa,20537.674071337708,Very Large,0.75,7
House for sale,272094554.0,10,8,9019.7,"Bambalapitiya , Colombo",Colombo,Bambalapitiya ,30166.696675055708,Very Large,1.25,18
House for sale,23000000.0,6,3,2500.0,"Kynsey Terrace, Colombo 8",Colombo,Colombo 8,9200.0,Large,2.0,9
House for sale,87109646.0,5,3,4826.43,"Colombo 6, Colombo",Colombo,Colombo 6,18048.463564166475,Very Large,1.6666666666666667,8
House for sale,95906917.0,6,4,4874.57,"Nawala, Colombo",Colombo,Nawala,19674.949175004156,Very Large,1.5,10
House for sale,68712079.0,5,3,2120.05,"Colombo 9, Colombo",Colombo,Colombo 9,32410.593618075043,Large,1.6666666666666667,8
House for sale,36736767.0,2,2,1181.63,"Maharagama, Colombo",Colombo,Maharagama,31089.90716214043,Medium,1.0,4
House for sale,45330358.0,5,3,2060.2,"Rathmalana, Colombo",Colombo,Rathmalana,22002.89195223765,Large,1.6666666666666667,8
House for sale,33665176.0,4,2,1880.61,"Boralesgamuwa, Colombo",Colombo,Boralesgamuwa,17901.200142506954,Medium,2.0,6
House for sale,76035065.0,6,4,3370.72,"Pitakotte, Colombo",Colombo,Pitakotte,22557.51441828452,Large,1.5,10
House for sale,110296542.0,5,4,3773.03,"Maharagama, Colombo",Colombo,Maharagama,29232.88232534594,Very Large,1.25,9
House for sale,13336613.0,2,2,1634.33,"Mount Lavinia, Colombo",Colombo,Mount Lavinia,8160.293820709404,Medium,1.0,4
House for sale,19175744.0,2,2,1142.38,"Maththegoda, Colombo",Colombo,Maththegoda,16785.784064847074,Medium,1.0,4
House for sale,26437220.0,3,3,1510.43,"Makumbura, Colombo",Colombo,Makumbura,17503.108386353553,Medium,1.0,6
Villa for sale,322768462.0,6,5,9019.7,"Boralesgamuwa, Colombo",Colombo,Boralesgamuwa,35784.83342018027,Very Large,1.2,11
House for sale,42641370.0,5,3,3104.02,"Makadana, Colombo",Colombo,Makadana,13737.466253439088,Large,1.6666666666666667,8
House for sale,115602114.0,4,5,2845.55,"Nawala, Colombo",Colombo,Nawala,40625.57818347947,Large,0.8,9
House for sale,31558355.0,4,5,3014.8,"Kaduwela, Colombo",Colombo,Kaduwela,10467.810468356109,Large,0.8,9
House for sale,363464640.0,7,5,8098.27,"Colombo 7, Colombo",Colombo,Colombo 7,44881.76363593706,Very Large,1.4,12
House for sale,34990810.0,4,3,2947.04,"Maharagama, Colombo",Colombo,Maharagama,11873.204978554753,Large,1.3333333333333333,7
House for sale,33244873.0,4,3,1874.35,"Homagama, Colombo",Colombo,Homagama,17736.747672526475,Medium,1.3333333333333333,7
Villa for sale,43421083.0,4,2,2716.38,"Rathmalana, Colombo",Colombo,Rathmalana,15984.907487170425,Large,2.0,6
House for sale,31102899.0,4,3,2382.66,"Homagama, Colombo",Colombo,Homagama,13053.855354939438,Large,1.3333333333333333,7
House for sale,136320569.0,4,4,3255.55,"Kohuwala, Colombo",Colombo,Kohuwala,41873.28377693477,Large,1.0,8
Villa for sale,159419521.0,6,5,3863.82,"Colombo 6, Colombo",Colombo,Colombo 6,41259.562039639524,Very Large,1.2,11
House for sale,31881990.0,5,3,2372.42,"Malabe, Colombo",Colombo,Malabe,13438.594346700836,Large,1.6666666666666667,8
House for sale,42022642.0,3,3,3168.19,"Kesbewa, Colombo",Colombo,Kesbewa,13263.927352841843,Large,1.0,6
House for sale,40170895.0,4,3,2643.94,"Wellampitiya, Colombo",Colombo,Wellampitiya,15193.572849610808,Large,1.3333333333333333,7
House for sale,13350135.0,3,3,960.59,"Wellampitiya, Colombo",Colombo,Wellampitiya,13897.849238488845,Small,1.0,6
House for sale,131307093.0,6,5,2984.06,"Nawala, Colombo",Colombo,Nawala,44002.83271784079,Large,1.2,11
House for sale,170954176.0,6,4,3808.99,"Mount Lavinia, Colombo",Colombo,Mount Lavinia,44881.760256655965,Very Large,1.5,10
House for sale,120801193.0,4,4,4279.47,"Thalawathugoda, Colombo",Colombo,Thalawathugoda,28228.073336184152,Very Large,1.0,8
House for sale,31752343.0,2,1,2538.98,"Boralesgamuwa, Colombo",Colombo,Boralesgamuwa,12505.944513150951,Large,2.0,3
House for sale,58297108.0,4,3,4508.22,"Morakatiya, Colombo",Colombo,Morakatiya,12931.291729329978,Very Large,1.3333333333333333,7
House for sale,149801187.0,3,4,3337.69,"Boralesgamuwa, Colombo",Colombo,Boralesgamuwa,44881.69572368914,Large,0.75,7
House for sale,28776200.0,3,4,2624.68,"Colombo 9, Colombo",Colombo,Colombo 9,10963.69843180883,Large,0.75,7
Villa for sale,114474412.0,4,6,4359.07,"Boralesgamuwa, Colombo",Colombo,Boralesgamuwa,26261.20066895003,Very Large,0.6666666666666666,10
House for sale,339688479.0,7,5,7568.52,"Kohuwala, Colombo",Colombo,Kohuwala,44881.75746381062,Very Large,1.4,12
House for sale,71466697.0,3,4,3510.42,"Thalawathugoda, Colombo",Colombo,Thalawathugoda,20358.446282780977,Very Large,0.75,7
House for sale,35000000.0,4,5,3250.0,"Pannipitiya, Moraketiya",Colombo,Morakatiya,10769.23076923077,Large,0.8,9
House for sale,28490250.0,4,3,1310.14,"Kolonnawa, Colombo",Colombo,Kolonnawa,21745.95844718885,Medium,1.3333333333333333,7
House for sale,26218145.0,3,2,3212.88,"Padukka, Colombo",Colombo,Padukka,8160.325004357461,Large,1.5,5
House for sale,15743905.0,2,2,1070.38,"Mount Lavinia, Colombo",Colombo,Mount Lavinia,14708.70625385377,Medium,1.0,4
House for sale,50139042.0,4,4,4228.66,"Malabe, Colombo",Colombo,Malabe,11856.957523187015,Very Large,1.0,8
House for sale,173878418.0,4,4,3874.15,"Nawala, Colombo",Colombo,Nawala,44881.69482338061,Very Large,1.0,8
House for sale,55828255.0,6,5,3317.75,"Dehiwala, Colombo",Colombo,Dehiwala,16827.143395373372,Large,1.2,11
House for sale,34500000.0,5,3,4653.0,"Thalduwa, Awissawella",Colombo,Awissawella,7414.571244358478,Very Large,1.6666666666666667,8
House for sale,84691395.0,3,4,3680.99,"Rathmalana, Colombo",Colombo,Rathmalana,23007.77644057713,Very Large,0.75,7
House for sale,231752639.0,7,6,5163.63,"Pitakotte, Colombo",Colombo,Pitakotte,44881.72835776382,Very Large,1.1666666666666667,13
House for sale,35811433.0,3,3,1850.78,"Wellampitiya, Colombo",Colombo,Wellampitiya,19349.37323722971,Medium,1.0,6
House for sale,70734430.0,7,6,4959.33,"Rathmalana, Colombo",Colombo,Rathmalana,14262.900432114822,Very Large,1.1666666666666667,13
House for sale,53392936.0,4,4,3174.79,"Dehiwala, Colombo",Colombo,Dehiwala,16817.78511334608,Large,1.0,8
House for sale,15264672.0,3,3,896.0,"Wellampitiya, Colombo",Colombo,Wellampitiya,17036.464285714286,Small,1.0,6
House for sale,117999426.0,4,4,3973.09,"Kohuwala, Colombo",Colombo,Kohuwala,29699.66096917009,Very Large,1.0,8
House for sale,30000000.0,4,2,2700.0,"Piliyandala, Colombo",Colombo,Piliyandala,11111.111111111111,Large,2.0,6
House for sale,8559900.0,3,2,896.0,"Wellampitiya, Colombo",Colombo,Wellampitiya,9553.45982142857,Small,1.5,5
House for sale,47742446.0,2,2,2740.19,"Thalawathugoda, Colombo",Colombo,Thalawathugoda,17423.042197803803,Large,1.0,4
House for sale,232402404.0,5,5,5178.11,"Mount Lavinia, Colombo",Colombo,Mount Lavinia,44881.70471465458,Very Large,1.0,10
House for sale,187628039.0,5,4,4243.64,"Nugegoda, Colombo",Colombo,Nugegoda,44213.93874126928,Very Large,1.25,9
House for sale,48700496.0,4,4,3211.24,"Dehiwala, Colombo",Colombo,Dehiwala,15165.635704587638,Large,1.0,8
House for sale,116989619.0,4,4,4075.17,"Maharagama, Colombo",Colombo,Maharagama,28707.91132639865,Very Large,1.0,8
House for sale,186974736.0,4,4,4333.29,"Nawala, Colombo",Colombo,Nawala,43148.44748447485,Very Large,1.0,8
House for sale,7777000.0,2,1,896.0,"Pannipitiya, Colombo",Colombo,Pannipitiya,8679.6875,Small,2.0,3
House for sale,48706669.0,3,2,3201.6,"Thalawathugoda, Colombo",Colombo,Thalawathugoda,15213.227448775613,Large,1.5,5
House for sale,61314383.0,2,3,3056.75,"Moratuwa, Colombo",Colombo,Moratuwa,20058.684223439926,Large,0.6666666666666666,5
House for sale,68134581.0,4,3,3868.44,"Thalawathugoda, Colombo",Colombo,Thalawathugoda,17612.934671340387,Very Large,1.3333333333333333,7
House for sale,59794710.0,3,3,2603.28,"Thalawathugoda, Colombo",Colombo,Thalawathugoda,22968.98912141606,Large,1.0,6
House for sale,72709836.0,8,7,5166.41,"Dehiwala, Colombo",Colombo,Dehiwala,14073.570622540605,Very Large,1.1428571428571428,15
House for sale,40214044.0,3,5,896.0,"Colombo 9, Colombo",Colombo,Colombo 9,44881.74553571428,Small,0.6,8
House for sale,13828294.0,2,2,896.0,"Kolonnawa, Colombo",Colombo,Kolonnawa,15433.363839285714,Small,1.0,4
House for sale,56870847.0,4,3,2401.54,"Kirulapona, Colombo",Colombo,Kirulapona,23680.99094747537,Large,1.3333333333333333,7
Villa for sale,215855578.0,5,5,4809.43,"Colombo 7, Colombo",Colombo,Colombo 7,44881.73816855635,Very Large,1.0,10
House for sale,187130364.0,3,4,4169.41,"Colombo 7, Colombo",Colombo,Colombo 7,44881.73722421158,Very Large,0.75,7
Villa for sale,158831808.0,7,6,3538.9,"Rathmalana, Colombo",Colombo,Rathmalana,44881.68866031818,Very Large,1.1666666666666667,13
House for sale,13823441.0,2,1,1081.11,"Mount Lavinia, Colombo",Colombo,Mount Lavinia,12786.340890381183,Medium,2.0,3
House for sale,34045787.0,3,3,2507.08,"Maharagama, Colombo",Colombo,Maharagama,13579.856645978589,Large,1.0,6
House for sale,86056942.0,3,4,2860.73,"Dehiwala, Colombo",Colombo,Dehiwala,30082.161546178773,Large,0.75,7
House for sale,164980728.0,5,3,3675.9,"Nawala, Colombo",Colombo,Nawala,44881.723659511954,Very Large,1.6666666666666667,8
House for sale,115108395.0,4,5,2564.7,"Boralesgamuwa, Colombo",Colombo,Boralesgamuwa,44881.816586735295,Large,0.8,9
House for sale,71090696.0,8,7,4001.35,"Mount Lavinia, Colombo",Colombo,Mount Lavinia,17766.677746260637,Very Large,1.1428571428571428,15
Villa for sale,252160892.0,5,5,5618.34,"Colombo 7, Colombo",Colombo,Colombo 7,44881.74300594126,Very Large,1.0,10
House for sale,43265765.0,2,2,3199.51,"Pitakotte, Colombo",Colombo,Pitakotte,13522.622214026522,Large,1.0,4
House for sale,16254034.0,2,2,896.0,"Kolonnawa, Colombo",Colombo,Kolonnawa,18140.662946428572,Small,1.0,4
House for sale,354131542.0,6,5,7927.63,"Colombo 6, Colombo",Colombo,Colombo 6,44670.54365554397,Very Large,1.2,11
House for sale,93969654.0,3,4,3932.32,"Thalawathugoda, Colombo",Colombo,Thalawathugoda,23896.746449932863,Very Large,0.75,7
House for sale,175657257.0,7,4,3913.78,"Colombo 7, Colombo",Colombo,Colombo 7,44881.740159130044,Very Large,1.75,11
House for sale,146504577.0,7,6,3684.69,"Rathmalana, Colombo",Colombo,Rathmalana,39760.35351684945,Very Large,1.1666666666666667,13
House for sale,15854455.0,3,2,896.0,"Kolonnawa, Colombo",Colombo,Kolonnawa,17694.704241071428,Small,1.5,5
House for sale,19294868.0,2,3,1241.93,"Homagama, Colombo",Colombo,Homagama,15536.196081904776,Medium,0.6666666666666666,5
House for sale,86411488.0,4,4,2398.91,"Dehiwala, Colombo",Colombo,Dehiwala,36021.1462705979,Large,1.0,8
House for sale,43471392.0,4,3,1681.77,"Homagama, Colombo",Colombo,Homagama,25848.59523002551,Medium,1.3333333333333333,7
Villa for sale,37525226.0,5,4,3775.04,"Malabe, Colombo",Colombo,Malabe,9940.351890311096,Very Large,1.25,9
House for sale,33315126.0,3,2,1537.99,"Thalawathugoda, Colombo",Colombo,Thalawathugoda,21661.471140904687,Medium,1.5,5
House for sale,57304495.0,3,4,3561.77,"Thalawathugoda, Colombo",Colombo,Thalawathugoda,16088.76906706497,Very Large,0.75,7
House for sale,64469491.0,4,4,3248.1,"Pitakotte, Colombo",Colombo,Pitakotte,19848.370124072535,Large,1.0,8
House for sale,38939277.0,4,4,3241.82,"Kesbewa, Colombo",Colombo,Kesbewa,12011.548142709958,Large,1.0,8
House for sale,46843026.0,4,3,1637.72,"Kolonnawa, Colombo",Colombo,Kolonnawa,28602.58530151674,Medium,1.3333333333333333,7
House for sale,11399183.0,2,2,1396.9,"Padukka, Colombo",Colombo,Padukka,8160.342902140454,Medium,1.0,4
House for sale,73177465.0,5,3,3484.18,"Dehiwala, Colombo",Colombo,Dehiwala,21002.779707133388,Large,1.6666666666666667,8
Villa for sale,82868023.0,4,2,3213.0,"Kottawa, Colombo",Colombo,Kottawa,25791.479302832246,Large,2.0,6
Villa for sale,84164221.0,5,5,2548.96,"Rathmalana, Colombo",Colombo,Rathmalana,33019.04345301613,Large,1.0,10
House for sale,31265987.0,2,2,1710.12,"Boralesgamuwa, Colombo",Colombo,Boralesgamuwa,18282.919912052956,Medium,1.0,4
House for sale,29881925.0,4,3,3661.86,"Kaduwela, Colombo",Colombo,Kaduwela,8160.3133380304,Very Large,1.3333333333333333,7
House for sale,62412350.0,3,3,2287.78,"Kolonnawa, Colombo",Colombo,Kolonnawa,27280.748148860464,Large,1.0,6
House for sale,46500000.0,4,2,2335.0,"Serene Court, Vihara Mawatha, Kaduwela",Colombo,Kaduwela,19914.346895074945,Large,2.0,6
House for sale,69621087.0,1,1,1551.21,"Pamankada, Colombo",Colombo,Pamankada,44881.793567602064,Medium,1.0,2
House for sale,30897633.0,4,4,2739.74,"Maharagama, Colombo",Colombo,Maharagama,11277.578529349501,Large,1.0,8
House for sale,32618882.0,4,5,3606.11,"Malabe, Colombo",Colombo,Malabe,9045.448419488035,Very Large,0.8,9
House for sale,104833990.0,3,2,4348.49,"Kottawa, Colombo",Colombo,Kottawa,24108.136387573617,Very Large,1.5,5
House for sale,9691157.0,1,1,1187.6,"Polgasovita, Colombo",Colombo,Polgasovita,8160.287133715056,Medium,1.0,2
House for sale,68976840.0,3,3,1536.86,"Kolonnawa, Colombo",Colombo,Kolonnawa,44881.66781619666,Medium,1.0,6
House for sale,147209923.0,4,4,3279.95,"Battaramulla, Colombo",Colombo,Battaramulla,44881.75825851004,Large,1.0,8
House for sale,82934176.0,3,4,4239.82,"Pitakotte, Colombo",Colombo,Pitakotte,19560.777580180293,Very Large,0.75,7
House for sale,42075841.0,4,2,2394.89,"Rathmalana, Colombo",Colombo,Rathmalana,17569.007762360692,Large,2.0,6
House for sale,17456939.0,2,1,1146.58,"Mount Lavinia, Colombo",Colombo,Mount Lavinia,15225.225453086572,Medium,2.0,3
House for sale,178742708.0,6,3,3982.53,"Colombo 7, Colombo",Colombo,Colombo 7,44881.69781520792,Very Large,2.0,9
House for sale,115071617.0,4,5,2780.84,"Battaramulla, Colombo",Colombo,Battaramulla,41380.164626515725,Large,0.8,9
Villa for sale,24715673.0,5,3,2676.4,"Colombo 8, Colombo",Colombo,Colombo 8,9234.670826483336,Large,1.6666666666666667,8
House for sale,40607082.0,5,3,2553.46,"Rathmalana, Colombo",Colombo,Rathmalana,15902.76800889773,Large,1.6666666666666667,8
House for sale,30024198.0,1,1,2047.19,"Boralesgamuwa, Colombo",Colombo,Boralesgamuwa,14666.0534684128,Large,1.0,2
House for sale,74883209.0,8,6,4212.18,"Mount Lavinia, Colombo",Colombo,Mount Lavinia,17777.779914438604,Very Large,1.3333333333333333,14
House for sale,123232390.0,6,4,4782.88,"Thalawathugoda, Colombo",Colombo,Thalawathugoda,25765.310858729466,Very Large,1.5,10
House for sale,23269807.0,3,2,1263.0,"Maththegoda, Colombo",Colombo,Maththegoda,18424.233570863023,Medium,1.5,5
House for sale,316963177.0,6,5,7062.18,"Bambalapitiya , Colombo",Colombo,Bambalapitiya ,44881.775457436655,Very Large,1.2,11
House for sale,86022945.0,8,6,4825.83,"Boralesgamuwa, Colombo",Colombo,Boralesgamuwa,17825.52327786101,Very Large,1.3333333333333333,14
House for sale,13876174.0,3,2,1700.45,"Kottawa, Colombo",Colombo,Kottawa,8160.295215972243,Medium,1.5,5
House for sale,100857482.0,4,4,3416.8,"Pitakotte, Colombo",Colombo,Pitakotte,29518.111098103487,Large,1.0,8
House for sale,83995003.0,5,3,5129.23,"Nawala, Colombo",Colombo,Nawala,16375.752890784777,Very Large,1.6666666666666667,8
House for sale,95965037.0,4,4,4112.62,"Thalawathugoda, Colombo",Colombo,Thalawathugoda,23334.2825254947,Very Large,1.0,8
House for sale,37678570.0,3,2,3112.4,"Boralesgamuwa, Colombo",Colombo,Boralesgamuwa,12105.953604935097,Large,1.5,5
House for sale,30380977.0,4,3,1625.83,"Polgasovita, Colombo",Colombo,Polgasovita,18686.441386860864,Medium,1.3333333333333333,7
House for sale,61087413.0,5,5,3056.13,"Dehiwala, Colombo",Colombo,Dehiwala,19988.486419098663,Large,1.0,10
House for sale,16747503.0,3,3,1207.69,"Homagama, Colombo",Colombo,Homagama,13867.3856701637,Medium,1.0,6
Villa for sale,88824830.0,6,6,5266.21,"Nawala, Colombo",Colombo,Nawala,16866.936563486834,Very Large,1.0,12
House for sale,74415857.0,4,4,1658.04,"Bambalapitiya , Colombo",Colombo,Bambalapitiya ,44881.82251332899,Medium,1.0,8
House for sale,41585419.0,4,5,1136.46,"Kaduwela, Colombo",Colombo,Kaduwela,36592.06571282755,Medium,0.8,9
House for sale,17300155.0,2,2,1109.51,"Homagama, Colombo",Colombo,Homagama,15592.608448774685,Medium,1.0,4
House for sale,229345430.0,5,5,5109.99,"Pitakotte, Colombo",Colombo,Pitakotte,44881.77667666669,Very Large,1.0,10
House for sale,21193482.0,4,3,1379.72,"Kesbewa, Colombo",Colombo,Kesbewa,15360.712318441423,Medium,1.3333333333333333,7
House for sale,46678432.0,2,3,2026.1,"Piliyandala, Colombo",Colombo,Piliyandala,23038.56275603376,Large,0.6666666666666666,5
House for sale,24537445.0,2,2,1084.3,"Makumbura, Colombo",Colombo,Makumbura,22629.75652494697,Medium,1.0,4
House for sale,161356494.0,5,5,3595.15,"Dehiwala, Colombo",Colombo,Dehiwala,44881.71397577292,Very Large,1.0,10
House for sale,100707261.0,3,3,4490.61,"Colombo 6, Colombo",Colombo,Colombo 6,22426.18731085532,Very Large,1.0,6
House for sale,30353030.0,4,2,2677.22,"Piliyandala, Colombo",Colombo,Piliyandala,11337.51802242625,Large,2.0,6
House for sale,12569854.0,2,2,896.0,"Kaduwela, Colombo",Colombo,Kaduwela,14028.854910714286,Small,1.0,4
House for sale,38090547.0,2,2,1164.77,"Nugegoda, Colombo",Colombo,Nugegoda,32702.20472711351,Medium,1.0,4
House for sale,70458612.0,4,4,3025.95,"Dehiwala, Colombo",Colombo,Dehiwala,23284.7905616418,Large,1.0,8
House for sale,13774697.0,2,2,896.0,"Kolonnawa, Colombo",Colombo,Kolonnawa,15373.54575892857,Small,1.0,4
House for sale,81435491.0,5,5,5174.41,"Kohuwala, Colombo",Colombo,Kohuwala,15738.121061145135,Very Large,1.0,10
House for sale,38940316.0,4,3,983.41,"Nugegoda, Colombo",Colombo,Nugegoda,39597.23411395044,Small,1.3333333333333333,7
House for sale,58353338.0,4,3,3907.13,"Kaduwela, Colombo",Colombo,Kaduwela,14935.089950935853,Very Large,1.3333333333333333,7
House for sale,29213697.0,3,2,2610.58,"Boralesgamuwa, Colombo",Colombo,Boralesgamuwa,11190.500578415526,Large,1.5,5
House for sale,37093268.0,4,3,4545.57,"Awissawella, Colombo",Colombo,Awissawella,8160.311688083123,Very Large,1.3333333333333333,7
House for sale,64000000.0,4,3,3000.0,"Madiwela, Kotte",Colombo,Pitakotte,21333.333333333332,Large,1.3333333333333333,7
House for sale,51000000.0,3,2,3000.0,"Kalalgoda, Thalawathugoda",Colombo,Thalawathugoda,17000.0,Large,1.5,5
House for sale,13801018.0,3,2,1457.01,"Kesbewa, Colombo",Colombo,Kesbewa,9472.15049999657,Medium,1.5,5
House for sale,9221102.0,3,2,896.0,"Polgasovita, Colombo",Colombo,Polgasovita,10291.408482142857,Small,1.5,5
House for sale,18667880.0,4,3,1621.49,"Athurugiriya, Colombo",Colombo,Athurugiriya,11512.79378842916,Medium,1.3333333333333333,7
House for sale,111556339.0,5,4,3395.95,"Kohuwala, Colombo",Colombo,Kohuwala,32849.81787128786,Large,1.25,9
House for sale,61655315.0,5,3,2539.7,"Pitakotte, Colombo",Colombo,Pitakotte,24276.613379533017,Large,1.6666666666666667,8
Villa for sale,65981335.0,6,5,4139.48,"Dehiwala, Colombo",Colombo,Dehiwala,15939.522597041176,Very Large,1.2,11
House for sale,13613664.0,4,2,1668.28,"Moratuwa, Colombo",Colombo,Moratuwa,8160.299230345026,Medium,2.0,6
House for sale,41927409.0,3,3,1989.74,"Moratuwa, Colombo",Colombo,Moratuwa,21071.802848613388,Medium,1.0,6
House for sale,160518341.0,5,4,3853.26,"Mount Lavinia, Colombo",Colombo,Mount Lavinia,41657.80170556879,Very Large,1.25,9
House for sale,29092630.0,3,4,3263.33,"Makadana, Colombo",Colombo,Makadana,8915.01319204616,Large,0.75,7
House for sale,32367194.0,5,4,3966.41,"Mount Lavinia, Colombo",Colombo,Mount Lavinia,8160.324827740955,Very Large,1.25,9
House for sale,27057407.0,3,2,2420.94,"Polgasovita, Colombo",Colombo,Polgasovita,11176.405445818566,Large,1.5,5
House for sale,57750000.0,4,2,3900.0,"Abrew Place, Vihara Mawatha, Kolonnawa",Colombo,Kolonnawa,14807.692307692309,Very Large,2.0,6
House for sale,12661628.0,4,3,952.26,"Wellampitiya, Colombo",Colombo,Wellampitiya,13296.398042551404,Small,1.3333333333333333,7
House for sale,19030911.0,4,3,2332.13,"Pannipitiya, Colombo",Colombo,Pannipitiya,8160.313104329518,Large,1.3333333333333333,7
House for sale,13820376.0,3,2,896.0,"Kolonnawa, Colombo",Colombo,Kolonnawa,15424.526785714286,Small,1.5,5
House for sale,64800078.0,5,3,3687.77,"Homagama, Colombo",Colombo,Homagama,17571.615908801254,Very Large,1.6666666666666667,8
House for sale,26999039.0,3,3,1511.26,"Athurugiriya, Colombo",Colombo,Athurugiriya,17865.25085028387,Medium,1.0,6
Villa for sale,82644497.0,5,5,3588.38,"Thalawathugoda, Colombo",Colombo,Thalawathugoda,23031.14413746593,Very Large,1.0,10
House for sale,137748986.0,6,4,6007.94,"Battaramulla, Colombo",Colombo,Battaramulla,22927.823180657597,Very Large,1.5,10
House for sale,310347359.0,6,5,6914.78,"Colombo 7, Colombo",Colombo,Colombo 7,44881.74012766856,Very Large,1.2,11
House for sale,55882217.0,5,4,3400.84,"Pitakotte, Colombo",Colombo,Pitakotte,16431.88653391515,Large,1.25,9
House for sale,140097388.0,8,6,4421.6,"Rathmalana, Colombo",Colombo,Rathmalana,31684.772028225074,Very Large,1.3333333333333333,14
House for sale,76620566.0,8,7,4860.57,"Moratuwa, Colombo",Colombo,Moratuwa,15763.699730690023,Very Large,1.1428571428571428,15
House for sale,77539467.0,4,4,3615.0,"Kirulapona, Colombo",Colombo,Kirulapona,21449.36846473029,Very Large,1.0,8
House for sale,404819885.0,9,6,9019.7,"Colombo 7, Colombo",Colombo,Colombo 7,44881.74606694235,Very Large,1.5,15
House for sale,36645143.0,5,4,2139.03,"Wellampitiya, Colombo",Colombo,Wellampitiya,17131.663885031998,Large,1.25,9
House for sale,121662134.0,3,4,3042.58,"Kohuwala, Colombo",Colombo,Kohuwala,39986.50290214226,Large,0.75,7
House for sale,77850801.0,3,3,3284.09,"Moratuwa, Colombo",Colombo,Moratuwa,23705.4407765926,Large,1.0,6
Villa for sale,98501404.0,4,3,4517.49,"Nugegoda, Colombo",Colombo,Nugegoda,21804.454243396223,Very Large,1.3333333333333333,7
House for sale,287263987.0,6,5,8431.55,"Nugegoda, Colombo",Colombo,Nugegoda,34070.12791242417,Very Large,1.2,11
House for sale,43021754.0,3,3,3034.56,"Maharagama, Colombo",Colombo,Maharagama,14177.262601497418,Large,1.0,6
House for sale,62086497.0,3,3,3341.63,"Pitakotte, Colombo",Colombo,Pitakotte,18579.704216205864,Large,1.0,6
Villa for sale,82012142.0,4,4,3580.66,"Thalawathugoda, Colombo",Colombo,Thalawathugoda,22904.19699161607,Very Large,1.0,8
House for sale,19629176.0,2,2,1245.27,"Maththegoda, Colombo",Colombo,Maththegoda,15762.987946389138,Medium,1.0,4
House for sale,120545591.0,4,4,3390.66,"Maharagama, Colombo",Colombo,Maharagama,35552.249709496085,Large,1.0,8
House for sale,36727081.0,4,3,2647.0,"Awissawella, Colombo",Colombo,Awissawella,13874.983377408387,Large,1.3333333333333333,7
House for sale,71949173.0,5,5,3123.02,"Mount Lavinia, Colombo",Colombo,Mount Lavinia,23038.332447438697,Large,1.0,10
House for sale,335959358.0,8,5,8811.15,"Nugegoda, Colombo",Colombo,Nugegoda,38128.888737565474,Very Large,1.6,13
House for sale,258474000.0,7,6,5759.0,"Mount Lavinia, Colombo",Colombo,Mount Lavinia,44881.7503038722,Very Large,1.1666666666666667,13
House for sale,32792407.0,5,5,3467.16,"Kolonnawa, Colombo",Colombo,Kolonnawa,9458.002226606213,Large,1.0,10
House for sale,112010646.0,4,4,4526.88,"Pitakotte, Colombo",Colombo,Pitakotte,24743.453769483618,Very Large,1.0,8
House for sale,34022417.0,3,3,2676.52,"Maharagama, Colombo",Colombo,Maharagama,12711.43761301989,Large,1.0,6
House for sale,109255620.0,5,4,4142.58,"Homagama, Colombo",Colombo,Homagama,26373.810523876426,Very Large,1.25,9
House for sale,41581646.0,5,4,3447.2,"Thalawathugoda, Colombo",Colombo,Thalawathugoda,12062.44082153632,Large,1.25,9
House for sale,13261365.0,2,2,896.0,"Kolonnawa, Colombo",Colombo,Kolonnawa,14800.630580357143,Small,1.0,4
House for sale,168971754.0,4,4,3764.82,"Nugegoda, Colombo",Colombo,Nugegoda,44881.761677849136,Very Large,1.0,8
House for sale,73892219.0,7,4,3891.01,"Dehiwala, Colombo",Colombo,Dehiwala,18990.49835389783,Very Large,1.75,11
House for sale,14093344.0,1,2,896.0,"Malabe, Colombo",Colombo,Malabe,15729.17857142857,Small,0.5,3
House for sale,44464120.0,4,3,3629.16,"Malabe, Colombo",Colombo,Malabe,12251.90402186732,Very Large,1.3333333333333333,7
House for sale,24998735.0,4,3,2798.8,"Colombo 8, Colombo",Colombo,Colombo 8,8931.947620408746,Large,1.3333333333333333,7
House for sale,89755004.0,4,4,3918.42,"Rathmalana, Colombo",Colombo,Rathmalana,22905.917180904547,Very Large,1.0,8
House for sale,24360284.0,4,3,2726.42,"Pannipitiya, Colombo",Colombo,Pannipitiya,8934.8977780386,Large,1.3333333333333333,7
House for sale,100314308.0,5,5,2235.08,"Colombo 6, Colombo",Colombo,Colombo 6,44881.75277842404,Large,1.0,10
House for sale,88833261.0,5,5,3535.56,"Dehiwala, Colombo",Colombo,Dehiwala,25125.65505888742,Very Large,1.0,10
House for sale,11050958.0,2,1,1354.23,"Padukka, Colombo",Colombo,Padukka,8160.325793993635,Medium,2.0,3
House for sale,139797005.0,6,5,3990.69,"Bambalapitiya , Colombo",Colombo,Bambalapitiya ,35030.78540302554,Very Large,1.2,11
Villa for sale,73599879.0,5,5,3744.62,"Thalawathugoda, Colombo",Colombo,Thalawathugoda,19654.832533074117,Very Large,1.0,10
Villa for sale,41965783.0,3,2,2489.12,"Kaduwela, Colombo",Colombo,Kaduwela,16859.68655589124,Large,1.5,5
House for sale,28487617.0,3,3,3435.08,"Kaduwela, Colombo",Colombo,Kaduwela,8293.145137813384,Large,1.0,6
House for sale,46609405.0,4,3,2317.46,"Homagama, Colombo",Colombo,Homagama,20112.280255106885,Large,1.3333333333333333,7
House for sale,30076531.0,3,3,1332.97,"Maharagama, Colombo",Colombo,Maharagama,22563.546816507496,Medium,1.0,6
House for sale,239042389.0,4,4,5326.05,"Colombo 7, Colombo",Colombo,Colombo 7,44881.73956309084,Very Large,1.0,8
House for sale,125210043.0,4,3,4221.33,"Dehiwala, Colombo",Colombo,Dehiwala,29661.278080604927,Very Large,1.3333333333333333,7
House for sale,48671933.0,4,4,2475.6,"Battaramulla, Colombo",Colombo,Battaramulla,19660.661253837454,Large,1.0,8
House for sale,77512009.0,4,3,2922.33,"Battaramulla, Colombo",Colombo,Battaramulla,26524.043828041325,Large,1.3333333333333333,7
Villa for sale,55189945.0,4,4,3640.23,"Thalawathugoda, Colombo",Colombo,Thalawathugoda,15161.114819667988,Very Large,1.0,8
House for sale,42150267.0,3,3,1901.56,"Moratuwa, Colombo",Colombo,Moratuwa,22166.151475630537,Medium,1.0,6
House for sale,39849093.0,5,4,2238.71,"Wellampitiya, Colombo",Colombo,Wellampitiya,17800.024567719804,Large,1.25,9
House for sale,220000000.0,4,4,3916.0,"Udahamulla, Nugegoda",Colombo,Nugegoda,56179.77528089887,Very Large,1.0,8
House for sale,38312655.0,4,3,2317.43,"Awissawella, Colombo",Colombo,Awissawella,16532.38932783299,Large,1.3333333333333333,7
House for sale,65411046.0,3,3,3211.44,"Dehiwala, Colombo",Colombo,Dehiwala,20368.13578955235,Large,1.0,6
House for sale,147055148.0,3,3,4821.53,"Dehiwala, Colombo",Colombo,Dehiwala,30499.685369581857,Very Large,1.0,6
Villa for sale,62610448.0,3,3,2949.98,"Moratuwa, Colombo",Colombo,Moratuwa,21224.0245696581,Large,1.0,6
House for sale,67775162.0,4,4,1791.08,"Morakatiya, Colombo",Colombo,Morakatiya,37840.387922370865,Medium,1.0,8
House for sale,77451939.0,4,3,3424.79,"Dehiwala, Colombo",Colombo,Dehiwala,22615.091436263247,Large,1.3333333333333333,7
House for sale,43955313.0,4,2,2382.47,"Awissawella, Colombo",Colombo,Awissawella,18449.47176669591,Large,2.0,6
House for sale,404819885.0,10,9,9019.7,"Dematagoda, Colombo",Colombo,Dematagoda,44881.74606694235,Very Large,1.1111111111111112,19
House for sale,252805757.0,5,6,5632.71,"Pitakotte, Colombo",Colombo,Pitakotte,44881.72780065013,Very Large,0.8333333333333334,11
House for sale,60477322.0,4,3,3499.56,"Kolonnawa, Colombo",Colombo,Kolonnawa,17281.407376927385,Large,1.3333333333333333,7
House for sale,98023245.0,3,2,4550.36,"Colombo 6, Colombo",Colombo,Colombo 6,21541.86591830097,Very Large,1.5,5
House for sale,58059565.0,5,3,3278.83,"Thalawathugoda, Colombo",Colombo,Thalawathugoda,17707.403250549738,Large,1.6666666666666667,8
House for sale,103050562.0,4,3,3422.47,"Colombo 6, Colombo",Colombo,Colombo 6,30109.99716578962,Large,1.3333333333333333,7
House for sale,30960555.0,4,4,2377.61,"Homagama, Colombo",Colombo,Homagama,13021.712980682281,Large,1.0,8
House for sale,36285895.0,6,4,4446.63,"Kolonnawa, Colombo",Colombo,Kolonnawa,8160.313540816303,Very Large,1.5,10
House for sale,13500000.0,4,3,900.0,"Welewatta, Wellampitiya",Colombo,Wellampitiya,15000.0,Small,1.3333333333333333,7
House for sale,127952888.0,3,2,4432.96,"Battaramulla, Colombo",Colombo,Battaramulla,28863.98433552299,Very Large,1.5,5
House for sale,72970758.0,3,3,3949.47,"Thalawathugoda, Colombo",Colombo,Thalawathugoda,18476.088690381242,Very Large,1.0,6
House for sale,66240904.0,3,2,1475.9,"Battaramulla, Colombo",Colombo,Battaramulla,44881.70201233146,Medium,1.5,5
House for sale,404819885.0,9,9,9019.7,"Battaramulla, Colombo",Colombo,Battaramulla,44881.74606694235,Very Large,1.0,18
House for sale,52950931.0,3,3,2558.24,"Wellampitiya, Colombo",Colombo,Wellampitiya,20698.18742573019,Large,1.0,6
House for sale,51362720.0,5,4,2338.78,"Battaramulla, Colombo",Colombo,Battaramulla,21961.330266207166,Large,1.25,9
Villa for sale,47639864.0,4,3,2611.33,"Makadana, Colombo",Colombo,Makadana,18243.52494705763,Large,1.3333333333333333,7
House for sale,80427122.0,4,5,4363.24,"Rathmalana, Colombo",Colombo,Rathmalana,18432.889779154943,Very Large,0.8,9
House for sale,82354526.0,5,4,4965.77,"Nugegoda, Colombo",Colombo,Nugegoda,16584.442291930554,Very Large,1.25,9
House for sale,135393707.0,3,4,3016.68,"Nugegoda, Colombo",Colombo,Nugegoda,44881.693451078674,Large,0.75,7
House for sale,147395972.0,4,4,3284.1,"Battaramulla, Colombo",Colombo,Battaramulla,44881.69422368381,Large,1.0,8
House for sale,18683697.0,4,3,1305.56,"Homagama, Colombo",Colombo,Homagama,14310.868133214866,Medium,1.3333333333333333,7
House for sale,12244736.0,3,3,1500.52,"Kesbewa, Colombo",Colombo,Kesbewa,8160.328419481247,Medium,1.0,6
House for sale,121327764.0,4,4,4391.3,"Dehiwala, Colombo",Colombo,Dehiwala,27629.12212784369,Very Large,1.0,8
House for sale,60864646.0,7,6,5410.14,"Pitakotte, Colombo",Colombo,Pitakotte,11250.105542555275,Very Large,1.1666666666666667,13
House for sale,10340114.0,2,1,1143.79,"Padukka, Colombo",Colombo,Padukka,9040.220669878212,Medium,2.0,3
House for sale,181847923.0,5,3,4051.71,"Battaramulla, Colombo",Colombo,Battaramulla,44881.77164703298,Very Large,1.6666666666666667,8
House for sale,75972620.0,4,5,3537.57,"Rathmalana, Colombo",Colombo,Rathmalana,21475.93404512137,Very Large,0.8,9
House for sale,24370464.0,5,3,2509.94,"Colombo 8, Colombo",Colombo,Colombo 8,9709.580308692637,Large,1.6666666666666667,8
House for sale,73372300.0,4,4,4363.93,"Pitakotte, Colombo",Colombo,Pitakotte,16813.354018052534,Very Large,1.0,8
House for sale,79268486.0,5,3,3334.35,"Battaramulla, Colombo",Colombo,Battaramulla,23773.294945041762,Large,1.6666666666666667,8
House for sale,129241497.0,4,4,4200.82,"Homagama, Colombo",Colombo,Homagama,30765.778348036813,Very Large,1.0,8
House for sale,14179397.0,2,1,1325.25,"Kottawa, Colombo",Colombo,Kottawa,10699.412940954537,Medium,2.0,3
House for sale,107840723.0,5,5,4582.99,"Moratuwa, Colombo",Colombo,Moratuwa,23530.647677607853,Very Large,1.0,10
House for sale,111468061.0,6,4,5205.72,"Nugegoda, Colombo",Colombo,Nugegoda,21412.61170404862,Very Large,1.5,10
Villa for sale,103120267.0,3,3,5370.31,"Dehiwala, Colombo",Colombo,Dehiwala,19201.92074572976,Very Large,1.0,6
House for sale,102413237.0,4,3,3592.54,"Nugegoda, Colombo",Colombo,Nugegoda,28507.194631096663,Very Large,1.3333333333333333,7
House for sale,42638187.0,3,4,950.01,"Nawala, Colombo",Colombo,Nawala,44881.8296649509,Small,0.75,7
House for sale,8100866.0,2,2,896.0,"Padukka, Colombo",Colombo,Padukka,9041.145089285714,Small,1.0,4
House for sale,87908982.0,5,3,3612.19,"Kottawa, Colombo",Colombo,Kottawa,24336.75471113092,Very Large,1.6666666666666667,8
House for sale,86307554.0,5,3,4259.2,"Bambalapitiya , Colombo",Colombo,Bambalapitiya ,20263.794609316305,Very Large,1.6666666666666667,8
House for sale,404819885.0,9,6,9019.7,"Colombo 7, Colombo",Colombo,Colombo 7,44881.74606694235,Very Large,1.5,15
House for sale,15316838.0,3,2,896.0,"Makadana, Colombo",Colombo,Makadana,17094.68526785714,Small,1.5,5
House for sale,115608601.0,5,5,3278.98,"Nawala, Colombo",Colombo,Nawala,35257.488914235524,Large,1.0,10
House for sale,69758639.0,5,3,3407.58,"Kirulapona, Colombo",Colombo,Kirulapona,20471.607122943555,Large,1.6666666666666667,8
House for sale,46728622.0,3,4,3545.93,"Thalawathugoda, Colombo",Colombo,Thalawathugoda,13178.100526519136,Very Large,0.75,7
House for sale,32231707.0,4,4,2807.97,"Maharagama, Colombo",Colombo,Maharagama,11478.650769060923,Large,1.0,8
Villa for sale,34198877.0,3,3,2151.13,"Kolonnawa, Colombo",Colombo,Kolonnawa,15898.098673720322,Large,1.0,6
House for sale,113314469.0,5,5,4989.65,"Moratuwa, Colombo",Colombo,Moratuwa,22709.90329983065,Very Large,1.0,10
House for sale,19719425.0,5,3,2416.5,"Athurugiriya, Colombo",Colombo,Athurugiriya,8160.3248499896545,Large,1.6666666666666667,8
House for sale,404819885.0,8,6,9019.7,"Colombo 7, Colombo",Colombo,Colombo 7,44881.74606694235,Very Large,1.3333333333333333,14
House for sale,39041449.0,5,5,1042.13,"Kolonnawa, Colombo",Colombo,Kolonnawa,37463.12744091428,Medium,1.0,10
House for sale,29503856.0,6,5,3615.53,"Mount Lavinia, Colombo",Colombo,Mount Lavinia,8160.312872524913,Very Large,1.2,11
House for sale,96392713.0,5,5,5433.86,"Moratuwa, Colombo",Colombo,Moratuwa,17739.270610578853,Very Large,1.0,10
House for sale,45053488.0,4,3,2652.03,"Kaduwela, Colombo",Colombo,Kaduwela,16988.302545597144,Large,1.3333333333333333,7
House for sale,123999544.0,4,3,4166.51,"Dehiwala, Colombo",Colombo,Dehiwala,29761.00957395998,Very Large,1.3333333333333333,7
House for sale,29992667.0,4,4,2377.74,"Homagama, Colombo",Colombo,Homagama,12613.938866318438,Large,1.0,8
House for sale,125105334.0,8,6,4199.5,"Rathmalana, Colombo",Colombo,Rathmalana,29790.53077747351,Very Large,1.3333333333333333,14
House for sale,52625220.0,2,3,2914.81,"Moratuwa, Colombo",Colombo,Moratuwa,18054.425502862967,Large,0.6666666666666666,5
House for sale,42738354.0,3,3,2012.49,"Moratuwa, Colombo",Colombo,Moratuwa,21236.55471579983,Large,1.0,6
House for sale,64439883.0,4,3,1769.94,"Malabe, Colombo",Colombo,Malabe,36407.947727041595,Medium,1.3333333333333333,7
House for sale,64445002.0,4,3,3054.3,"Dehiwala, Colombo",Colombo,Dehiwala,21099.76164751334,Large,1.3333333333333333,7
House for sale,317616875.0,7,5,7905.32,"Nugegoda, Colombo",Colombo,Nugegoda,40177.61140598989,Very Large,1.4,12
House for sale,10812375.0,3,2,1255.35,"Padukka, Colombo",Colombo,Padukka,8613.03620504242,Medium,1.5,5
House for sale,80706927.0,6,5,3804.02,"Mount Lavinia, Colombo",Colombo,Mount Lavinia,21216.220472026962,Very Large,1.2,11
House for sale,34435941.0,4,3,1935.18,"Wellampitiya, Colombo",Colombo,Wellampitiya,17794.696617368925,Medium,1.3333333333333333,7
House for sale,45696350.0,4,4,1018.15,"Nawala, Colombo",Colombo,Nawala,44881.74630457202,Medium,1.0,8
House for sale,170441601.0,5,5,4731.3,"Nawala, Colombo",Colombo,Nawala,36024.264155728866,Very Large,1.0,10
House for sale,36314452.0,5,3,4450.13,"Morakatiya, Colombo",Colombo,Morakatiya,8160.312620080762,Very Large,1.6666666666666667,8
House for sale,61742159.0,2,2,1375.66,"Pamankada, Colombo",Colombo,Pamankada,44881.84507799892,Medium,1.0,4
House for sale,78658946.0,5,4,3353.82,"Pitakotte, Colombo",Colombo,Pitakotte,23453.538353280735,Large,1.25,9
House for sale,195607386.0,5,5,4599.53,"Colombo 7, Colombo",Colombo,Colombo 7,42527.69000310902,Very Large,1.0,10
House for sale,92167387.0,3,2,3745.91,"Thalawathugoda, Colombo",Colombo,Thalawathugoda,24604.805507873923,Very Large,1.5,5
House for sale,7777000.0,2,1,896.0,"Wellampitiya, Colombo",Colombo,Wellampitiya,8679.6875,Small,2.0,3
House for sale,79079692.0,3,1,1761.96,"Pamankada, Colombo",Colombo,Pamankada,44881.661331698786,Medium,3.0,4
House for sale,207457878.0,5,5,5034.9,"Colombo 7, Colombo",Colombo,Colombo 7,41203.9718763034,Very Large,1.0,10
House for sale,37579422.0,4,3,1937.83,"Kolonnawa, Colombo",Colombo,Kolonnawa,19392.52772431018,Medium,1.3333333333333333,7
House for sale,16629192.0,2,2,1617.1,"Kesbewa, Colombo",Colombo,Kesbewa,10283.341784676273,Medium,1.0,4
House for sale,94422736.0,4,3,4671.33,"Kottawa, Colombo",Colombo,Kottawa,20213.24462198132,Very Large,1.3333333333333333,7
House for sale,31608269.0,3,3,1647.19,"Boralesgamuwa, Colombo",Colombo,Boralesgamuwa,19189.20646677068,Medium,1.0,6
House for sale,31746203.0,4,3,2798.24,"Homagama, Colombo",Colombo,Homagama,11345.060823946482,Large,1.3333333333333333,7
House for sale,130000000.0,10,6,4000.0,"Golumadama Junction, Rathmalana",Colombo,Rathmalana,32500.0,Very Large,1.6666666666666667,16
Villa for sale,87159923.0,6,4,3278.96,"Battaramulla, Colombo",Colombo,Battaramulla,26581.575560543588,Large,1.5,10
House for sale,9760142.0,3,2,896.0,"Wellampitiya, Colombo",Colombo,Wellampitiya,10893.015625,Small,1.5,5
House for sale,32187012.0,2,3,1137.18,"Kolonnawa, Colombo",Colombo,Kolonnawa,28304.236796285546,Medium,0.6666666666666666,5
House for sale,5500000.0,7,4,4000.0,"Galle Road, Mount Lavinia",Colombo,Mount Lavinia,1375.0,Very Large,1.75,11
House for sale,116725877.0,7,6,4144.45,"Kottawa, Colombo",Colombo,Kottawa,28164.38296999602,Very Large,1.1666666666666667,13
House for sale,163788727.0,6,4,4249.02,"Mount Lavinia, Colombo",Colombo,Mount Lavinia,38547.41257984193,Very Large,1.5,10
House for sale,55972084.0,3,3,3421.97,"Pitakotte, Colombo",Colombo,Pitakotte,16356.684599806546,Large,1.0,6
House for sale,37475930.0,5,3,4592.46,"Awissawella, Colombo",Colombo,Awissawella,8160.3171285106455,Very Large,1.6666666666666667,8
House for sale,141017464.0,4,4,3991.5,"Mount Lavinia, Colombo",Colombo,Mount Lavinia,35329.4410622573,Very Large,1.0,8
House for sale,98727792.0,7,6,4723.74,"Boralesgamuwa, Colombo",Colombo,Boralesgamuwa,20900.3442187758,Very Large,1.1666666666666667,13
House for sale,73471298.0,3,2,2881.72,"Kirulapona, Colombo",Colombo,Kirulapona,25495.64079785684,Large,1.5,5
House for sale,145231668.0,9,6,4016.25,"Rathmalana, Colombo",Colombo,Rathmalana,36161.012885154065,Very Large,1.5,15
House for sale,59650413.0,5,4,4136.52,"Pitakotte, Colombo",Colombo,Pitakotte,14420.433842940442,Very Large,1.25,9
House for sale,33042329.0,4,2,1902.93,"Athurugiriya, Colombo",Colombo,Athurugiriya,17363.92247744268,Medium,2.0,6
House for sale,81424194.0,5,5,5210.96,"Pitakotte, Colombo",Colombo,Pitakotte,15625.56496307782,Very Large,1.0,10
House for sale,58322472.0,2,3,2031.65,"Wellampitiya, Colombo",Colombo,Wellampitiya,28706.948539364555,Large,0.6666666666666666,5
House for sale,40328580.0,4,4,1932.49,"Homagama, Colombo",Colombo,Homagama,20868.713421544224,Medium,1.0,8
House for sale,27947645.0,4,3,1362.22,"Polgasovita, Colombo",Colombo,Polgasovita,20516.249210847,Medium,1.3333333333333333,7
House for sale,318943021.0,7,5,7106.3,"Colombo 6, Colombo",Colombo,Colombo 6,44881.727621969236,Very Large,1.4,12
House for sale,282252015.0,7,6,6288.79,"Colombo 7, Colombo",Colombo,Colombo 7,44881.76819388149,Very Large,1.1666666666666667,13
House for sale,64551572.0,4,3,2235.0,"Colombo 9, Colombo",Colombo,Colombo 9,28882.135123042506,Large,1.3333333333333333,7
House for sale,81186818.0,1,1,1808.91,"Pamankada, Colombo",Colombo,Pamankada,44881.62374026347,Medium,1.0,2
House for sale,128324172.0,5,4,4705.33,"Nugegoda, Colombo",Colombo,Nugegoda,27272.087611283376,Very Large,1.25,9
House for sale,21501477.0,2,2,1438.72,"Makumbura, Colombo",Colombo,Makumbura,14944.865574955516,Medium,1.0,4
House for sale,24217437.0,3,3,2495.8,"Kaduwela, Colombo",Colombo,Kaduwela,9703.27630419104,Large,1.0,6
House for sale,40331673.0,5,3,2601.75,"Maharagama, Colombo",Colombo,Maharagama,15501.748054194291,Large,1.6666666666666667,8
House for sale,97016455.0,4,4,2161.6,"Dehiwala, Colombo",Colombo,Dehiwala,44881.77970022206,Large,1.0,8
House for sale,49271386.0,4,3,2764.59,"Thalawathugoda, Colombo",Colombo,Thalawathugoda,17822.312169254754,Large,1.3333333333333333,7
House for sale,79497969.0,6,5,4402.24,"Mount Lavinia, Colombo",Colombo,Mount Lavinia,18058.52679544959,Very Large,1.2,11
House for sale,54531040.0,5,5,3252.06,"Kothalawala, Colombo",Colombo,Kothalawala,16768.153109106228,Large,1.0,10
House for sale,381802350.0,7,5,8506.85,"Colombo 7, Colombo",Colombo,Colombo 7,44881.754115800795,Very Large,1.4,12
Villa for sale,24517008.0,4,2,1450.86,"Athurugiriya, Colombo",Colombo,Athurugiriya,16898.258963649147,Medium,2.0,6
House for sale,119474493.0,4,4,3828.19,"Thalawathugoda, Colombo",Colombo,Thalawathugoda,31209.133559201608,Very Large,1.0,8
House for sale,46437709.0,3,2,2370.65,"Awissawella, Colombo",Colombo,Awissawella,19588.59764199692,Large,1.5,5
House for sale,10464529.0,2,1,1282.37,"Pannipitiya, Colombo",Colombo,Pannipitiya,8160.303968433448,Medium,2.0,3
House for sale,125583565.0,4,3,3970.26,"Kottawa, Colombo",Colombo,Kottawa,31631.06824238211,Very Large,1.3333333333333333,7
House for sale,34325475.0,1,2,1035.94,"Maharagama, Colombo",Colombo,Maharagama,33134.61686970288,Medium,0.5,3
House for sale,105232500.0,3,4,3219.73,"Kohuwala, Colombo",Colombo,Kohuwala,32683.641174881122,Large,0.75,7
House for sale,66515038.0,5,5,3850.42,"Kirulapona, Colombo",Colombo,Kirulapona,17274.748728710114,Very Large,1.0,10
House for sale,32798385.0,3,3,1778.2,"Kolonnawa, Colombo",Colombo,Kolonnawa,18444.710943650884,Medium,1.0,6
House for sale,63778404.0,5,5,3493.19,"Dehiwala, Colombo",Colombo,Dehiwala,18257.925850011023,Large,1.0,10
House for sale,287631995.0,6,5,9019.7,"Nugegoda, Colombo",Colombo,Nugegoda,31889.308402718492,Very Large,1.2,11
House for sale,30765985.0,3,2,3015.95,"Piliyandala, Colombo",Colombo,Piliyandala,10201.092524743448,Large,1.5,5
House for sale,28438943.0,4,3,2552.05,"Pannipitiya, Colombo",Colombo,Pannipitiya,11143.568111910032,Large,1.3333333333333333,7
House for sale,126769083.0,4,5,2824.51,"Colombo 6, Colombo",Colombo,Colombo 6,44881.796488594475,Large,0.8,9
House for sale,58467854.0,3,3,3253.2,"Thalawathugoda, Colombo",Colombo,Thalawathugoda,17972.413008729865,Large,1.0,6
House for sale,97224683.0,4,3,4336.48,"Kottawa, Colombo",Colombo,Kottawa,22420.184804265213,Very Large,1.3333333333333333,7
House for sale,25742297.0,1,2,2873.38,"Boralesgamuwa, Colombo",Colombo,Boralesgamuwa,8958.890574863053,Large,0.5,3
House for sale,47216939.0,5,5,3047.66,"Thalawathugoda, Colombo",Colombo,Thalawathugoda,15492.849924204143,Large,1.0,10
House for sale,27924855.0,3,4,3422.03,"Morakatiya, Colombo",Colombo,Morakatiya,8160.31858282949,Large,0.75,7
House for sale,148277352.0,4,4,5216.62,"Moratuwa, Colombo",Colombo,Moratuwa,28424.02781877921,Very Large,1.0,8
House for sale,26420301.0,4,2,2458.45,"Kesbewa, Colombo",Colombo,Kesbewa,10746.73107038988,Large,2.0,6
House for sale,9989302.0,2,2,942.11,"Padukka, Colombo",Colombo,Padukka,10603.11640891191,Small,1.0,4
House for sale,10659593.0,3,2,1306.27,"Padukka, Colombo",Colombo,Padukka,8160.329028455067,Medium,1.5,5
House for sale,50888506.0,3,2,2064.05,"Dehiwala, Colombo",Colombo,Dehiwala,24654.68665972239,Large,1.5,5
House for sale,34330934.0,3,3,2059.99,"Kaduwela, Colombo",Colombo,Kaduwela,16665.58284263516,Large,1.0,6
House for sale,84529866.0,5,5,5787.2,"Moratuwa, Colombo",Colombo,Moratuwa,14606.349529997236,Very Large,1.0,10
House for sale,32740338.0,2,3,1951.04,"Maharagama, Colombo",Colombo,Maharagama,16780.967073970805,Medium,0.6666666666666666,5
House for sale,38436918.0,4,4,1940.68,"Homagama, Colombo",Colombo,Homagama,19805.90205494981,Medium,1.0,8
House for sale,51728930.0,3,3,3560.27,"Thalawathugoda, Colombo",Colombo,Thalawathugoda,14529.496358422255,Very Large,1.0,6
House for sale,202746745.0,5,6,6138.8,"Pitakotte, Colombo",Colombo,Pitakotte,33027.097315436244,Very Large,0.8333333333333334,11
House for sale,91283026.0,5,3,4449.54,"Colombo 6, Colombo",Colombo,Colombo 6,20515.160218809135,Very Large,1.6666666666666667,8
House for sale,30324439.0,5,3,2636.43,"Piliyandala, Colombo",Colombo,Piliyandala,11502.083878578229,Large,1.6666666666666667,8
House for sale,14838747.0,2,2,896.0,"Morakatiya, Colombo",Colombo,Morakatiya,16561.1015625,Small,1.0,4
House for sale,66303399.0,5,3,2671.61,"Mount Lavinia, Colombo",Colombo,Mount Lavinia,24817.768686297775,Large,1.6666666666666667,8
House for sale,40105095.0,3,3,2292.98,"Awissawella, Colombo",Colombo,Awissawella,17490.38151226788,Large,1.0,6
House for sale,26360834.0,2,2,1636.77,"Nawala, Colombo",Colombo,Nawala,16105.399048125271,Medium,1.0,4
House for sale,38023824.0,6,3,4659.6,"Awissawella, Colombo",Colombo,Awissawella,8160.319340715941,Very Large,2.0,9
House for sale,106371923.0,5,5,3125.24,"Nawala, Colombo",Colombo,Nawala,34036.40136437522,Large,1.0,10
House for sale,60402160.0,2,1,1345.81,"Pamankada, Colombo",Colombo,Pamankada,44881.640053202165,Medium,2.0,3
House for sale,12351653.0,3,2,1513.62,"Moratuwa, Colombo",Colombo,Moratuwa,8160.33945111719,Medium,1.5,5
House for sale,7777000.0,1,2,896.0,"Wellampitiya, Colombo",Colombo,Wellampitiya,8679.6875,Small,0.5,3
House for sale,49540058.0,5,3,2512.25,"Thalawathugoda, Colombo",Colombo,Thalawathugoda,19719.39814906956,Large,1.6666666666666667,8
House for sale,45000000.0,5,4,2500.0,"Battaramulla, Colombo",Colombo,Battaramulla,18000.0,Large,1.25,9
House for sale,72339254.0,4,3,3933.19,"Rathmalana, Colombo",Colombo,Rathmalana,18392.005979878926,Very Large,1.3333333333333333,7
House for sale,122984939.0,4,4,4776.64,"Moratuwa, Colombo",Colombo,Moratuwa,25747.16516212233,Very Large,1.0,8
House for sale,169525495.0,4,4,5454.96,"Moratuwa, Colombo",Colombo,Moratuwa,31077.312207605555,Very Large,1.0,8
House for sale,81823160.0,4,5,3442.59,"Mount Lavinia, Colombo",Colombo,Mount Lavinia,23767.907302350846,Large,0.8,9
House for sale,93166046.0,4,3,5049.03,"Colombo 6, Colombo",Colombo,Colombo 6,18452.26627688883,Very Large,1.3333333333333333,7
House for sale,39288964.0,4,3,1663.52,"Homagama, Colombo",Colombo,Homagama,23617.96912570934,Medium,1.3333333333333333,7
House for sale,13527755.0,3,1,1657.75,"Moratuwa, Colombo",Colombo,Moratuwa,8160.310662041924,Medium,3.0,4
House for sale,36499069.0,4,5,3125.12,"Morakatiya, Colombo",Colombo,Morakatiya,11679.253596661889,Large,0.8,9
House for sale,176413718.0,3,4,3930.63,"Colombo 7, Colombo",Colombo,Colombo 7,44881.791977367495,Very Large,0.75,7
House for sale,10611290.0,2,3,896.0,"Wellampitiya, Colombo",Colombo,Wellampitiya,11842.957589285714,Small,0.6666666666666666,5
House for sale,45602219.0,3,3,2751.56,"Awissawella, Colombo",Colombo,Awissawella,16573.223553184376,Large,1.0,6
Villa for sale,80417372.0,5,5,3859.51,"Dematagoda, Colombo",Colombo,Dematagoda,20836.16106707846,Very Large,1.0,10
House for sale,87457657.0,5,5,3532.7,"Mount Lavinia, Colombo",Colombo,Mount Lavinia,24756.60458006624,Very Large,1.0,10
House for sale,95000000.0,4,2,4000.0,"Pannipitiya,Kottawa",Colombo,Kottawa,23750.0,Very Large,2.0,6
House for sale,36000000.0,3,3,2000.0,"Vijaya Road, Kolonnawa",Colombo,Kolonnawa,18000.0,Large,1.0,6
House for sale,33263226.0,4,5,3320.46,"Morakatiya, Colombo",Colombo,Morakatiya,10017.65598742343,Large,0.8,9
House for sale,12024170.0,4,2,1473.49,"Padukka, Colombo",Colombo,Padukka,8160.333629681912,Medium,2.0,6
House for sale,41185574.0,4,2,2346.62,"Awissawella, Colombo",Colombo,Awissawella,17551.019764597593,Large,2.0,6
House for sale,404819885.0,8,6,9019.7,"Colombo 7, Colombo",Colombo,Colombo 7,44881.74606694235,Very Large,1.3333333333333333,14
House for sale,112057539.0,4,3,4532.98,"Dehiwala, Colombo",Colombo,Dehiwala,24720.50152438352,Very Large,1.3333333333333333,7
House for sale,28084265.0,2,1,2755.96,"Boralesgamuwa, Colombo",Colombo,Boralesgamuwa,10190.374678877777,Large,2.0,3
House for sale,90106070.0,4,3,4125.09,"Nugegoda, Colombo",Colombo,Nugegoda,21843.41917388469,Very Large,1.3333333333333333,7
House for sale,119200385.0,6,5,2655.88,"Colombo 6, Colombo",Colombo,Colombo 6,44881.69081434402,Large,1.2,11
House for sale,10524997.0,3,2,1244.95,"Wellampitiya, Colombo",Colombo,Wellampitiya,8454.152375597414,Medium,1.5,5
House for sale,43650984.0,4,2,2173.47,"Maharagama, Colombo",Colombo,Maharagama,20083.545666606857,Large,2.0,6
House for sale,89917221.0,7,5,6015.26,"Moratuwa, Colombo",Colombo,Moratuwa,14948.185282099194,Very Large,1.4,12
House for sale,187073943.0,4,5,4168.15,"Colombo 7, Colombo",Colombo,Colombo 7,44881.76841044588,Very Large,0.8,9
House for sale,39218225.0,4,3,4024.8,"Malabe, Colombo",Colombo,Malabe,9744.14256609024,Very Large,1.3333333333333333,7
House for sale,17285706.0,2,2,1218.2,"Maththegoda, Colombo",Colombo,Maththegoda,14189.54687243474,Medium,1.0,4
House for sale,11453147.0,3,2,1359.07,"Padukka, Colombo",Colombo,Padukka,8427.194331417808,Medium,1.5,5
House for sale,34675751.0,3,2,964.92,"Pamankada, Colombo",Colombo,Pamankada,35936.39990880073,Small,1.5,5
House for sale,63951350.0,3,3,2364.34,"Moratuwa, Colombo",Colombo,Moratuwa,27048.288317247094,Large,1.0,6
House for sale,360266832.0,8,5,8027.02,"Kohuwala, Colombo",Colombo,Kohuwala,44881.76583588928,Very Large,1.6,13
Villa for sale,93626547.0,4,6,4181.43,"Colombo 7, Colombo",Colombo,Colombo 7,22391.035363500047,Very Large,0.6666666666666666,10
House for sale,111841661.0,4,4,4730.55,"Kohuwala, Colombo",Colombo,Kohuwala,23642.42233989705,Very Large,1.0,8
House for sale,24094276.0,3,2,1854.22,"Athurugiriya, Colombo",Colombo,Athurugiriya,12994.291939467808,Medium,1.5,5
House for sale,44577591.0,4,4,2325.37,"Wellampitiya, Colombo",Colombo,Wellampitiya,19170.106692698366,Large,1.0,8
House for sale,146382915.0,4,3,4236.81,"Dehiwala, Colombo",Colombo,Dehiwala,34550.26659208225,Very Large,1.3333333333333333,7
House for sale,40863827.0,2,3,1995.27,"Moratuwa, Colombo",Colombo,Moratuwa,20480.34952663048,Medium,0.6666666666666666,5
House for sale,146526114.0,4,5,3349.87,"Nawala, Colombo",Colombo,Nawala,43740.83591303543,Large,0.8,9
House for sale,10803792.0,2,1,1323.94,"Padukka, Colombo",Colombo,Padukka,8160.333549858755,Medium,2.0,3
House for sale,101456875.0,4,4,4572.66,"Boralesgamuwa, Colombo",Colombo,Boralesgamuwa,22187.71459063215,Very Large,1.0,8
House for sale,52207297.0,3,2,1913.9,"Rathmalana, Colombo",Colombo,Rathmalana,27277.96488844767,Medium,1.5,5
House for sale,59133744.0,4,5,3376.47,"Kothalawala, Colombo",Colombo,Kothalawala,17513.481239282446,Large,0.8,9
House for sale,111139794.0,3,4,2654.72,"Dehiwala, Colombo",Colombo,Dehiwala,41864.97785077146,Large,0.75,7
House for sale,275939427.0,9,8,8648.14,"Colombo 7, Colombo",Colombo,Colombo 7,31907.372799237757,Very Large,1.125,17
House for sale,15064581.0,2,2,1457.15,"Kesbewa, Colombo",Colombo,Kesbewa,10338.387262807535,Medium,1.0,4
House for sale,121305336.0,4,4,4517.14,"Moratuwa, Colombo",Colombo,Moratuwa,26854.455695417895,Very Large,1.0,8
House for sale,31648526.0,3,2,1345.29,"Boralesgamuwa, Colombo",Colombo,Boralesgamuwa,23525.43020463989,Medium,1.5,5
House for sale,14264046.0,2,2,1220.07,"Maththegoda, Colombo",Colombo,Maththegoda,11691.170178760236,Medium,1.0,4
House for sale,33909051.0,3,3,1888.26,"Awissawella, Colombo",Colombo,Awissawella,17957.829430269136,Medium,1.0,6
House for sale,29035468.0,3,4,1063.05,"Colombo 9, Colombo",Colombo,Colombo 9,27313.360613329573,Medium,0.75,7
House for sale,88749154.0,5,3,3249.95,"Battaramulla, Colombo",Colombo,Battaramulla,27307.85212080186,Large,1.6666666666666667,8
House for sale,7777000.0,2,2,896.0,"Wellampitiya, Colombo",Colombo,Wellampitiya,8679.6875,Small,1.0,4
House for sale,132103786.0,9,7,4074.54,"Rathmalana, Colombo",Colombo,Rathmalana,32421.766874297467,Very Large,1.2857142857142858,16
House for sale,25455269.0,2,2,1698.71,"Boralesgamuwa, Colombo",Colombo,Boralesgamuwa,14985.058662161287,Medium,1.0,4
Villa for sale,108661234.0,3,5,4311.31,"Boralesgamuwa, Colombo",Colombo,Boralesgamuwa,25203.762661464843,Very Large,0.6,8
House for sale,52341440.0,4,2,3973.92,"Kolonnawa, Colombo",Colombo,Kolonnawa,13171.236461730483,Very Large,2.0,6
House for sale,14792618.0,4,2,1812.75,"Moratuwa, Colombo",Colombo,Moratuwa,8160.318852572059,Medium,2.0,6
House for sale,19735533.0,3,3,1584.02,"Kesbewa, Colombo",Colombo,Kesbewa,12459.143823941617,Medium,1.0,6
House for sale,127239655.0,7,6,3592.68,"Rathmalana, Colombo",Colombo,Rathmalana,35416.36188026766,Very Large,1.1666666666666667,13
House for sale,19851350.0,1,3,1171.03,"Colombo 9, Colombo",Colombo,Colombo 9,16952.04221924289,Medium,0.3333333333333333,4
House for sale,88130244.0,3,3,4105.76,"Pitakotte, Colombo",Colombo,Pitakotte,21465.025719964146,Very Large,1.0,6
House for sale,124602777.0,5,3,4593.42,"Dehiwala, Colombo",Colombo,Dehiwala,27126.362710137546,Very Large,1.6666666666666667,8
House for sale,41546103.0,4,3,3796.07,"Kesbewa, Colombo",Colombo,Kesbewa,10944.503921160569,Very Large,1.3333333333333333,7
House for sale,109439158.0,9,6,4384.77,"Rathmalana, Colombo",Colombo,Rathmalana,24958.927834299175,Very Large,1.5,15
House for sale,217971508.0,4,4,4856.57,"Colombo 7, Colombo",Colombo,Colombo 7,44881.78035115318,Very Large,1.0,8
House for sale,31469073.0,6,4,3856.35,"Mount Lavinia, Colombo",Colombo,Mount Lavinia,8160.325955890933,Very Large,1.5,10
House for sale,119695248.0,4,4,5053.94,"Nugegoda, Colombo",Colombo,Nugegoda,23683.551446989874,Very Large,1.0,8
House for sale,134843087.0,4,4,4184.24,"Mount Lavinia, Colombo",Colombo,Mount Lavinia,32226.422719538077,Very Large,1.0,8
House for sale,122477674.0,9,6,4515.99,"Rathmalana, Colombo",Colombo,Rathmalana,27120.891321725692,Very Large,1.5,15
House for sale,271250681.0,5,5,6043.67,"Pitakotte, Colombo",Colombo,Pitakotte,44881.78226144048,Very Large,1.0,10
House for sale,314282119.0,6,5,7264.5,"Nugegoda, Colombo",Colombo,Nugegoda,43262.73232844655,Very Large,1.2,11
House for sale,92870120.0,5,4,3937.23,"Thalawathugoda, Colombo",Colombo,Thalawathugoda,23587.679663113406,Very Large,1.25,9
House for sale,144892587.0,8,6,4238.93,"Pitakotte, Colombo",Colombo,Pitakotte,34181.40592083379,Very Large,1.3333333333333333,14
House for sale,35062553.0,3,3,1843.5,"Kolonnawa, Colombo",Colombo,Kolonnawa,19019.5568212639,Medium,1.0,6
House for sale,66930986.0,4,4,1908.89,"Colombo 9, Colombo",Colombo,Colombo 9,35062.77784471604,Medium,1.0,8
House for sale,31182222.0,3,4,1052.0,"Colombo 9, Colombo",Colombo,Colombo 9,29640.895437262356,Medium,0.75,7
House for sale,75682742.0,4,4,1686.27,"Boralesgamuwa, Colombo",Colombo,Boralesgamuwa,44881.74610234423,Medium,1.0,8
House for sale,44650459.0,4,4,3441.49,"Kesbewa, Colombo",Colombo,Kesbewa,12974.164969242975,Large,1.0,8
House for sale,136982685.0,5,5,3861.52,"Battaramulla, Colombo",Colombo,Battaramulla,35473.7732809878,Very Large,1.0,10
House for sale,74220236.0,4,4,2894.53,"Dehiwala, Colombo",Colombo,Dehiwala,25641.550096215964,Large,1.0,8
House for sale,37759417.0,2,2,907.27,"Nugegoda, Colombo",Colombo,Nugegoda,41618.72099815931,Small,1.0,4
Villa for sale,105496054.0,5,5,4534.13,"Bambalapitiya , Colombo",Colombo,Bambalapitiya ,23267.09953177346,Very Large,1.0,10
Villa for sale,38162995.0,3,3,2465.55,"Kottawa, Colombo",Colombo,Kottawa,15478.491614447079,Large,1.0,6
House for sale,82961093.0,7,6,5728.37,"Boralesgamuwa, Colombo",Colombo,Boralesgamuwa,14482.495544107662,Very Large,1.1666666666666667,13
House for sale,107397563.0,5,3,3064.67,"Battaramulla, Colombo",Colombo,Battaramulla,35043.76099221123,Large,1.6666666666666667,8
House for sale,24289912.0,1,1,2702.6,"Bambalapitiya , Colombo",Colombo,Bambalapitiya ,8987.608969140827,Large,1.0,2
House for sale,46921554.0,3,4,1045.45,"Nawala, Colombo",Colombo,Nawala,44881.68157252858,Medium,0.75,7
House for sale,121779011.0,4,4,2805.53,"Kohuwala, Colombo",Colombo,Kohuwala,43406.77554686637,Large,1.0,8
House for sale,61803624.0,3,3,2525.85,"Pitakotte, Colombo",Colombo,Pitakotte,24468.44586970723,Large,1.0,6
House for sale,8479581.0,2,1,896.0,"Wellampitiya, Colombo",Colombo,Wellampitiya,9463.818080357143,Small,2.0,3
House for sale,55863444.0,4,3,3913.78,"Malabe, Colombo",Colombo,Malabe,14273.526871719921,Very Large,1.3333333333333333,7
House for sale,71367508.0,5,4,3692.05,"Pitakotte, Colombo",Colombo,Pitakotte,19330.049159680933,Very Large,1.25,9
House for sale,44734273.0,4,4,996.71,"Nawala, Colombo",Colombo,Nawala,44881.93456471792,Small,1.0,8
House for sale,62340195.0,4,3,2803.3,"Dehiwala, Colombo",Colombo,Dehiwala,22238.146113509076,Large,1.3333333333333333,7
Villa for sale,29933663.0,3,4,3409.61,"Morakatiya, Colombo",Colombo,Morakatiya,8779.204366481797,Large,0.75,7
House for sale,342531782.0,9,8,8962.36,"Battaramulla, Colombo",Colombo,Battaramulla,38218.92693442352,Very Large,1.125,17
House for sale,28900677.0,3,2,1826.56,"Boralesgamuwa, Colombo",Colombo,Boralesgamuwa,15822.46244306237,Medium,1.5,5
House for sale,79356876.0,5,4,1768.13,"Bambalapitiya , Colombo",Colombo,Bambalapitiya ,44881.810726586846,Medium,1.25,9
House for sale,34734064.0,3,2,1290.7,"Maharagama, Colombo",Colombo,Maharagama,26911.02812427365,Medium,1.5,5
House for sale,26628215.0,3,2,2021.6,"Polgasovita, Colombo",Colombo,Polgasovita,13171.851503759399,Large,1.5,5
House for sale,120244647.0,5,5,5074.38,"Rathmalana, Colombo",Colombo,Rathmalana,23696.421434736854,Very Large,1.0,10
House for sale,76314095.0,4,3,3509.5,"Thalawathugoda, Colombo",Colombo,Thalawathugoda,21745.00498646531,Very Large,1.3333333333333333,7
House for sale,22399359.0,2,2,1683.44,"Athurugiriya, Colombo",Colombo,Athurugiriya,13305.706767095946,Medium,1.0,4
House for sale,20788678.0,5,3,2515.55,"Kesbewa, Colombo",Colombo,Kesbewa,8264.06869273121,Large,1.6666666666666667,8
House for sale,21554734.0,3,3,2461.95,"Pannipitiya, Colombo",Colombo,Pannipitiya,8755.146936371577,Large,1.0,6
House for sale,9829603.0,1,1,896.0,"Wellampitiya, Colombo",Colombo,Wellampitiya,10970.5390625,Small,1.0,2
House for sale,16030104.0,2,2,896.0,"Kolonnawa, Colombo",Colombo,Kolonnawa,17890.741071428572,Small,1.0,4
House for sale,18956483.0,3,1,1204.8,"Thalawathugoda, Colombo",Colombo,Thalawathugoda,15734.132636122178,Medium,3.0,4
House for sale,80348759.0,7,6,5070.14,"Dematagoda, Colombo",Colombo,Dematagoda,15847.443857566062,Very Large,1.1666666666666667,13
House for sale,82124735.0,3,2,4174.22,"Boralesgamuwa, Colombo",Colombo,Boralesgamuwa,19674.27088174557,Very Large,1.5,5
House for sale,104666095.0,5,5,5175.83,"Moratuwa, Colombo",Colombo,Moratuwa,20222.08901760684,Very Large,1.0,10
House for sale,91116316.0,4,4,3929.9,"Pitakotte, Colombo",Colombo,Pitakotte,23185.40319092089,Very Large,1.0,8
House for sale,42286428.0,2,3,1608.34,"Kolonnawa, Colombo",Colombo,Kolonnawa,26291.97060323066,Medium,0.6666666666666666,5
House for sale,19453400.0,4,3,2383.9,"Makumbura, Colombo",Colombo,Makumbura,8160.325517009941,Large,1.3333333333333333,7
House for sale,55613024.0,4,3,4671.99,"Kolonnawa, Colombo",Colombo,Kolonnawa,11903.498081117468,Very Large,1.3333333333333333,7
House for sale,88484235.0,4,3,3335.4,"Colombo 7, Colombo",Colombo,Colombo 7,26528.822629969418,Large,1.3333333333333333,7
House for sale,99143875.0,5,4,2438.67,"Mount Lavinia, Colombo",Colombo,Mount Lavinia,40654.8959063752,Large,1.25,9
House for sale,136720640.0,4,5,4406.8,"Nawala, Colombo",Colombo,Nawala,31024.925115730235,Very Large,0.8,9
House for sale,81791382.0,4,4,4623.67,"Moratuwa, Colombo",Colombo,Moratuwa,17689.710122045908,Very Large,1.0,8
House for sale,107030660.0,4,4,3251.94,"Nawala, Colombo",Colombo,Nawala,32912.86432098993,Large,1.0,8
House for sale,60000000.0,4,2,2243.0,"Pepiliyana West, Dehiwala",Colombo,Dehiwala,26749.888542131073,Large,2.0,6
House for sale,21357094.0,3,3,2617.19,"Kesbewa, Colombo",Colombo,Kesbewa,8160.314688654626,Large,1.0,6
House for sale,182576389.0,4,4,4067.94,"Bambalapitiya , Colombo",Colombo,Bambalapitiya ,44881.78021308082,Very Large,1.0,8
House for sale,130747908.0,5,5,3022.53,"Nawala, Colombo",Colombo,Nawala,43257.77014620202,Large,1.0,10
Villa for sale,90186358.0,5,5,5051.91,"Boralesgamuwa, Colombo",Colombo,Boralesgamuwa,17851.932833324427,Very Large,1.0,10
House for sale,26307982.0,2,2,2495.26,"Polgasovita, Colombo",Colombo,Polgasovita,10543.182674350568,Large,1.0,4
House for sale,64879776.0,2,1,1445.57,"Pamankada, Colombo",Colombo,Pamankada,44881.79472457232,Medium,2.0,3
House for sale,51346429.0,3,2,2593.5,"Thalawathugoda, Colombo",Colombo,Thalawathugoda,19798.12184306921,Large,1.5,5
House for sale,11781991.0,4,3,1087.95,"Wellampitiya, Colombo",Colombo,Wellampitiya,10829.533526356909,Medium,1.3333333333333333,7
House for sale,49234620.0,2,3,1096.99,"Battaramulla, Colombo",Colombo,Battaramulla,44881.55771702568,Medium,0.6666666666666666,5
House for sale,62612507.0,3,3,2920.69,"Battaramulla, Colombo",Colombo,Battaramulla,21437.5736555403,Large,1.0,6
House for sale,392348658.0,7,5,8741.83,"Kohuwala, Colombo",Colombo,Kohuwala,44881.75336285423,Very Large,1.4,12
House for sale,109889295.0,5,5,3464.91,"Dematagoda, Colombo",Colombo,Dematagoda,31714.906014874847,Large,1.0,10
House for sale,450000000.0,10,10,15000.0,"Albion Place, Dematagoda",Colombo,Dematagoda,30000.0,Very Large,1.0,20
House for sale,142933373.0,5,5,3525.32,"Bambalapitiya , Colombo",Colombo,Bambalapitiya ,40544.79394778346,Very Large,1.0,10
House for sale,11081553.0,2,1,1357.98,"Padukka, Colombo",Colombo,Padukka,8160.32121238899,Medium,2.0,3
House for sale,34700798.0,4,4,2189.28,"Wellampitiya, Colombo",Colombo,Wellampitiya,15850.324307534896,Large,1.0,8
House for sale,63888630.0,4,2,2643.93,"Dehiwala, Colombo",Colombo,Dehiwala,24164.266830059798,Large,2.0,6
House for sale,48461930.0,2,4,1079.77,"Battaramulla, Colombo",Colombo,Battaramulla,44881.71555053391,Medium,0.5,6
House for sale,78208914.0,6,3,5902.49,"Colombo 7, Colombo",Colombo,Colombo 7,13250.156120552512,Very Large,2.0,9
House for sale,54464034.0,4,4,3768.82,"Thalawathugoda, Colombo",Colombo,Thalawathugoda,14451.216561151765,Very Large,1.0,8
House for sale,354651670.0,6,5,8398.63,"Kohuwala, Colombo",Colombo,Kohuwala,42227.323980220586,Very Large,1.2,11
House for sale,120631583.0,4,4,3212.82,"Kohuwala, Colombo",Colombo,Kohuwala,37546.947230159174,Large,1.0,8
House for sale,50821751.0,5,4,2588.71,"Battaramulla, Colombo",Colombo,Battaramulla,19632.075821548184,Large,1.25,9
House for sale,77277702.0,4,5,3571.56,"Dehiwala, Colombo",Colombo,Dehiwala,21636.96031986023,Very Large,0.8,9
House for sale,30337981.0,5,3,1983.9,"Awissawella, Colombo",Colombo,Awissawella,15292.091839306417,Medium,1.6666666666666667,8
Villa for sale,153402701.0,9,7,4122.27,"Rathmalana, Colombo",Colombo,Rathmalana,37213.16192292111,Very Large,1.2857142857142858,16
House for sale,58149428.0,5,3,3355.46,"Kottawa, Colombo",Colombo,Kottawa,17329.793232522516,Large,1.6666666666666667,8
House for sale,244595329.0,4,4,5449.77,"Colombo 7, Colombo",Colombo,Colombo 7,44881.77097382091,Very Large,1.0,8
House for sale,54127085.0,3,2,2114.66,"Dehiwala, Colombo",Colombo,Dehiwala,25596.11710629605,Large,1.5,5
House for sale,97239391.0,3,4,3798.92,"Thalawathugoda, Colombo",Colombo,Thalawathugoda,25596.588240868456,Very Large,0.75,7
House for sale,42727071.0,3,2,951.99,"Nawala, Colombo",Colombo,Nawala,44881.84854882929,Small,1.5,5
House for sale,103192121.0,5,5,5386.24,"Moratuwa, Colombo",Colombo,Moratuwa,19158.470658567017,Very Large,1.0,10
House for sale,43351416.0,4,4,965.9,"Nawala, Colombo",Colombo,Nawala,44881.88839424371,Small,1.0,8
House for sale,163848065.0,3,4,3650.66,"Nawala, Colombo",Colombo,Nawala,44881.76521505701,Very Large,0.75,7
Villa for sale,7777000.0,1,1,896.0,"Wellampitiya, Colombo",Colombo,Wellampitiya,8679.6875,Small,1.0,2
House for sale,130402012.0,5,5,3531.94,"Nawala, Colombo",Colombo,Nawala,36920.789141378395,Very Large,1.0,10
House for sale,101298971.0,5,4,3685.15,"Nugegoda, Colombo",Colombo,Nugegoda,27488.425437227794,Very Large,1.25,9
House for sale,63899070.0,4,3,2346.55,"Wellampitiya, Colombo",Colombo,Wellampitiya,27231.071147003044,Large,1.3333333333333333,7
House for sale,7777000.0,2,2,896.0,"Piliyandala, Colombo",Colombo,Piliyandala,8679.6875,Small,1.0,4
House for sale,404819885.0,6,5,9019.7,"Pamankada, Colombo",Colombo,Pamankada,44881.74606694235,Very Large,1.2,11
House for sale,36323911.0,2,3,1524.66,"Kolonnawa, Colombo",Colombo,Kolonnawa,23824.26967323862,Medium,0.6666666666666666,5
House for sale,23589174.0,4,3,2665.63,"Piliyandala, Colombo",Colombo,Piliyandala,8849.380446648634,Large,1.3333333333333333,7
House for sale,59086515.0,4,3,3372.03,"Pitakotte, Colombo",Colombo,Pitakotte,17522.535386695847,Large,1.3333333333333333,7
House for sale,9737396.0,2,2,1193.26,"Padukka, Colombo",Colombo,Padukka,8160.330523104772,Medium,1.0,4
House for sale,64737943.0,4,5,3758.33,"Rathmalana, Colombo",Colombo,Rathmalana,17225.18858109852,Very Large,0.8,9
House for sale,33962421.0,4,3,2891.88,"Kesbewa, Colombo",Colombo,Kesbewa,11744.063031661064,Large,1.3333333333333333,7
House for sale,127356298.0,5,5,4897.05,"Nugegoda, Colombo",Colombo,Nugegoda,26006.738342471486,Very Large,1.0,10
House for sale,120000000.0,3,3,4200.0,"Dehiwala, Colombo",Colombo,Dehiwala,28571.428571428572,Very Large,1.0,6
House for sale,30282863.0,4,5,3504.53,"Morakatiya, Colombo",Colombo,Morakatiya,8641.062567591089,Very Large,0.8,9
House for sale,43001263.0,4,4,2289.59,"Homagama, Colombo",Colombo,Homagama,18781.206678925046,Large,1.0,8
House for sale,238929251.0,4,5,5323.53,"Colombo 7, Colombo",Colombo,Colombo 7,44881.73279759859,Very Large,0.8,9
House for sale,112512259.0,5,4,5040.84,"Nugegoda, Colombo",Colombo,Nugegoda,22320.140889216877,Very Large,1.25,9
House for sale,46301842.0,4,3,4289.73,"Colombo 9, Colombo",Colombo,Colombo 9,10793.649483767045,Very Large,1.3333333333333333,7
House for sale,97098046.0,4,4,4158.91,"Kirulapona, Colombo",Colombo,Kirulapona,23346.993803664904,Very Large,1.0,8
House for sale,30510688.0,5,3,3110.82,"Piliyandala, Colombo",Colombo,Piliyandala,9807.924598658874,Large,1.6666666666666667,8
House for sale,47963475.0,4,3,2710.66,"Rathmalana, Colombo",Colombo,Rathmalana,17694.38992717641,Large,1.3333333333333333,7
House for sale,240825508.0,6,5,7605.46,"Nugegoda, Colombo",Colombo,Nugegoda,31664.81817010411,Very Large,1.2,11
House for sale,34680413.0,3,2,1428.63,"Athurugiriya, Colombo",Colombo,Athurugiriya,24275.293812953667,Medium,1.5,5
House for sale,38947806.0,4,4,2091.75,"Kolonnawa, Colombo",Colombo,Kolonnawa,18619.723198278953,Large,1.0,8
House for sale,111806748.0,5,3,4359.33,"Kottawa, Colombo",Colombo,Kottawa,25647.690814872927,Very Large,1.6666666666666667,8
House for sale,22056496.0,3,4,2361.44,"Maharagama, Colombo",Colombo,Maharagama,9340.273731282607,Large,0.75,7
Villa for sale,86501365.0,4,5,4252.02,"Boralesgamuwa, Colombo",Colombo,Boralesgamuwa,20343.5931627791,Very Large,0.8,9
House for sale,12741025.0,2,1,1227.07,"Mount Lavinia, Colombo",Colombo,Mount Lavinia,10383.291091787754,Medium,2.0,3
House for sale,404819885.0,10,9,9019.7,"Battaramulla, Colombo",Colombo,Battaramulla,44881.74606694235,Very Large,1.1111111111111112,19
House for sale,30675183.0,6,4,3759.07,"Moratuwa, Colombo",Colombo,Moratuwa,8160.311726038621,Very Large,1.5,10
House for sale,81264603.0,6,5,5841.73,"Rathmalana, Colombo",Colombo,Rathmalana,13911.050835968113,Very Large,1.2,11
House for sale,53600736.0,4,3,4067.46,"Kolonnawa, Colombo",Colombo,Kolonnawa,13177.938074375654,Very Large,1.3333333333333333,7
House for sale,84754414.0,5,5,3713.99,"Rathmalana, Colombo",Colombo,Rathmalana,22820.31292491364,Very Large,1.0,10
House for sale,83264139.0,1,1,1855.19,"Pamankada, Colombo",Colombo,Pamankada,44881.7312512465,Medium,1.0,2
House for sale,37077793.0,4,4,2471.67,"Battaramulla, Colombo",Colombo,Battaramulla,15001.10977598142,Large,1.0,8
House for sale,404819885.0,10,9,9019.7,"Dematagoda, Colombo",Colombo,Dematagoda,44881.74606694235,Very Large,1.1111111111111112,19
House for sale,61834376.0,4,3,3757.46,"Thalawathugoda, Colombo",Colombo,Thalawathugoda,16456.42960936377,Very Large,1.3333333333333333,7
House for sale,147358908.0,4,4,3518.04,"Kohuwala, Colombo",Colombo,Kohuwala,41886.64938431627,Very Large,1.0,8
House for sale,16888294.0,3,2,1285.59,"Mount Lavinia, Colombo",Colombo,Mount Lavinia,13136.609650043949,Medium,1.5,5
House for sale,45996986.0,4,3,2437.54,"Kaduwela, Colombo",Colombo,Kaduwela,18870.248693354777,Large,1.3333333333333333,7
House for sale,75891032.0,5,4,2416.16,"Dehiwala, Colombo",Colombo,Dehiwala,31409.770876100923,Large,1.25,9
Villa for sale,73502008.0,5,3,3212.21,"Battaramulla, Colombo",Colombo,Battaramulla,22882.068108872085,Large,1.6666666666666667,8
Villa for sale,75594522.0,5,4,2936.51,"Thalawathugoda, Colombo",Colombo,Thalawathugoda,25742.98129412125,Large,1.25,9
House for sale,30592390.0,5,5,3748.92,"Rathmalana, Colombo",Colombo,Rathmalana,8160.3208390683185,Very Large,1.0,10
House for sale,41670641.0,4,4,2445.34,"Battaramulla, Colombo",Colombo,Battaramulla,17040.83726598346,Large,1.0,8
House for sale,37246658.0,5,3,2155.11,"Wellampitiya, Colombo",Colombo,Wellampitiya,17282.949826226966,Large,1.6666666666666667,8
House for sale,63146803.0,4,3,2802.22,"Thalawathugoda, Colombo",Colombo,Thalawathugoda,22534.562953658173,Large,1.3333333333333333,7
House for sale,12866236.0,2,1,1230.65,"Mount Lavinia, Colombo",Colombo,Mount Lavinia,10454.82956161378,Medium,2.0,3
House for sale,81765408.0,4,4,3803.8,"Maharagama, Colombo",Colombo,Maharagama,21495.71691466428,Very Large,1.0,8
House for sale,90061272.0,5,5,4109.22,"Mount Lavinia, Colombo",Colombo,Mount Lavinia,21916.877655613473,Very Large,1.0,10
House for sale,20202665.0,3,2,1626.75,"Athurugiriya, Colombo",Colombo,Athurugiriya,12419.034885507914,Medium,1.5,5
House for sale,108958308.0,5,5,2427.68,"Colombo 6, Colombo",Colombo,Colombo 6,44881.659856323735,Large,1.0,10
House for sale,24146813.0,6,4,2959.05,"Kesbewa, Colombo",Colombo,Kesbewa,8160.326118179821,Large,1.5,10
House for sale,66126730.0,5,5,3528.22,"Kothalawala, Colombo",Colombo,Kothalawala,18742.235461507502,Very Large,1.0,10
House for sale,146141803.0,3,4,3858.44,"Boralesgamuwa, Colombo",Colombo,Boralesgamuwa,37875.87807507697,Very Large,0.75,7
House for sale,201690107.0,6,4,4493.81,"Colombo 7, Colombo",Colombo,Colombo 7,44881.76113364828,Very Large,1.5,10
House for sale,33902016.0,2,2,1657.1,"Colombo 9, Colombo",Colombo,Colombo 9,20458.642206263958,Medium,1.0,4
House for sale,125536090.0,5,5,3679.82,"Thalawathugoda, Colombo",Colombo,Thalawathugoda,34114.7365903767,Very Large,1.0,10
House for sale,13891578.0,3,2,1420.86,"Kesbewa, Colombo",Colombo,Kesbewa,9776.880199315909,Medium,1.5,5
House for sale,75460080.0,5,4,2305.64,"Dehiwala, Colombo",Colombo,Dehiwala,32728.47452334276,Large,1.25,9
House for sale,59851576.0,4,3,2782.75,"Kirulapona, Colombo",Colombo,Kirulapona,21508.06791842602,Large,1.3333333333333333,7
House for sale,48183562.0,4,3,4195.13,"Malabe, Colombo",Colombo,Malabe,11485.59448694081,Very Large,1.3333333333333333,7
House for sale,36295903.0,6,4,4447.85,"Kaduwela, Colombo",Colombo,Kaduwela,8160.325325719167,Very Large,1.5,10
House for sale,127004341.0,6,5,3231.28,"Nawala, Colombo",Colombo,Nawala,39304.653573815944,Large,1.2,11
House for sale,49324595.0,3,3,1940.77,"Wellampitiya, Colombo",Colombo,Wellampitiya,25414.961587411184,Medium,1.0,6
House for sale,21544978.0,4,2,2496.5,"Pannipitiya, Colombo",Colombo,Pannipitiya,8630.073302623674,Large,2.0,6
House for sale,36306874.0,6,3,4449.2,"Awissawella, Colombo",Colombo,Awissawella,8160.315112829273,Very Large,2.0,9
Villa for sale,73508943.0,4,3,1893.27,"Colombo 9, Colombo",Colombo,Colombo 9,38826.444722622764,Medium,1.3333333333333333,7
House for sale,26971322.0,2,2,1292.63,"Makumbura, Colombo",Colombo,Makumbura,20865.461887779176,Medium,1.0,4
House for sale,124170307.0,5,4,3776.48,"Maharagama, Colombo",Colombo,Maharagama,32879.90589120027,Very Large,1.25,9
House for sale,34621199.0,5,3,1906.34,"Kottawa, Colombo",Colombo,Kottawa,18161.08301771982,Medium,1.6666666666666667,8
House for sale,98702215.0,4,6,2199.16,"Colombo 6, Colombo",Colombo,Colombo 6,44881.77986140163,Large,0.6666666666666666,10
House for sale,22862125.0,3,3,1627.04,"Athurugiriya, Colombo",Colombo,Athurugiriya,14051.360138656702,Medium,1.0,6
House for sale,60114186.0,3,3,3812.6,"Thalawathugoda, Colombo",Colombo,Thalawathugoda,15767.241777264859,Very Large,1.0,6
House for sale,29667409.0,3,2,2161.1,"Polgasovita, Colombo",Colombo,Polgasovita,13727.92050344732,Large,1.5,5
House for sale,37696657.0,5,3,2473.24,"Makumbura, Colombo",Colombo,Makumbura,15241.81114651227,Large,1.6666666666666667,8
House for sale,32474498.0,1,1,2525.47,"Battaramulla, Colombo",Colombo,Battaramulla,12858.793808677197,Large,1.0,2
House for sale,19425484.0,4,4,1498.75,"Kesbewa, Colombo",Colombo,Kesbewa,12961.123603002503,Medium,1.0,8
House for sale,50733727.0,4,2,3844.66,"Kolonnawa, Colombo",Colombo,Kolonnawa,13195.894305348198,Very Large,2.0,6
Villa for sale,116181586.0,5,5,4712.23,"Nugegoda, Colombo",Colombo,Nugegoda,24655.33006665634,Very Large,1.0,10
House for sale,7777000.0,2,2,896.0,"Wellampitiya, Colombo",Colombo,Wellampitiya,8679.6875,Small,1.0,4
Villa for sale,105468182.0,3,2,4147.41,"Colombo 6, Colombo",Colombo,Colombo 6,25429.890461758063,Very Large,1.5,5
House for sale,35262991.0,2,2,1672.34,"Athurugiriya, Colombo",Colombo,Athurugiriya,21086.017795424377,Medium,1.0,4
House for sale,89176105.0,8,6,5220.61,"Nugegoda, Colombo",Colombo,Nugegoda,17081.54889945811,Very Large,1.3333333333333333,14
House for sale,84707735.0,8,6,6049.91,"Boralesgamuwa, Colombo",Colombo,Boralesgamuwa,14001.486798977176,Very Large,1.3333333333333333,14
House for sale,73472929.0,4,4,2416.84,"Dehiwala, Colombo",Colombo,Dehiwala,30400.410867082635,Large,1.0,8
House for sale,153035439.0,5,4,3409.75,"Colombo 7, Colombo",Colombo,Colombo 7,44881.718307793824,Large,1.25,9
House for sale,134397282.0,5,4,5283.41,"Nugegoda, Colombo",Colombo,Nugegoda,25437.60223037773,Very Large,1.25,9
House for sale,18186239.0,3,2,1315.92,"Maththegoda, Colombo",Colombo,Maththegoda,13820.170679068635,Medium,1.5,5
House for sale,14286896.0,3,2,1625.34,"Kesbewa, Colombo",Colombo,Kesbewa,8790.096841276287,Medium,1.5,5
Villa for sale,41394724.0,3,3,2102.16,"Kolonnawa, Colombo",Colombo,Kolonnawa,19691.519199299768,Large,1.0,6
House for sale,37619622.0,4,3,4610.07,"Awissawella, Colombo",Colombo,Awissawella,8160.314702379791,Very Large,1.3333333333333333,7
House for sale,192183714.0,5,5,5100.78,"Colombo 7, Colombo",Colombo,Colombo 7,37677.318763012714,Very Large,1.0,10
House for sale,61024429.0,4,4,3068.01,"Thalawathugoda, Colombo",Colombo,Thalawathugoda,19890.557397140165,Large,1.0,8
House for sale,16309215.0,3,2,1998.6,"Padukka, Colombo",Colombo,Padukka,8160.319723806665,Medium,1.5,5
House for sale,78016657.0,4,4,1917.04,"Kolonnawa, Colombo",Colombo,Kolonnawa,40696.41582856904,Medium,1.0,8
House for sale,35617191.0,4,4,4364.68,"Awissawella, Colombo",Colombo,Awissawella,8160.321260665157,Very Large,1.0,8
House for sale,67891798.0,3,3,2664.46,"Kirulapona, Colombo",Colombo,Kirulapona,25480.50937150492,Large,1.0,6
House for sale,84894052.0,8,7,4942.17,"Boralesgamuwa, Colombo",Colombo,Boralesgamuwa,17177.485193750923,Very Large,1.1428571428571428,15
House for sale,56757834.0,4,3,2775.45,"Pitakotte, Colombo",Colombo,Pitakotte,20449.957304220938,Large,1.3333333333333333,7
House for sale,47416994.0,3,4,1056.49,"Nawala, Colombo",Colombo,Nawala,44881.630682732444,Medium,0.75,7
House for sale,170556543.0,3,3,4066.07,"Pamankada, Colombo",Colombo,Pamankada,41946.28793896809,Very Large,1.0,6
House for sale,47141141.0,5,3,2523.68,"Kaduwela, Colombo",Colombo,Kaduwela,18679.52394915362,Large,1.6666666666666667,8
House for sale,404819885.0,10,10,9019.7,"Dematagoda, Colombo",Colombo,Dematagoda,44881.74606694235,Very Large,1.0,20
House for sale,71169009.0,3,3,2966.0,"Pitakotte, Colombo",Colombo,Pitakotte,23994.945718138908,Large,1.0,6
House for sale,207008510.0,5,5,4612.31,"Colombo 7, Colombo",Colombo,Colombo 7,44881.742554164826,Very Large,1.0,10
House for sale,140314304.0,4,4,4434.76,"Pitakotte, Colombo",Colombo,Pitakotte,31639.661221802307,Very Large,1.0,8
House for sale,42069397.0,5,3,2750.81,"Kothalawala, Colombo",Colombo,Kothalawala,15293.457926937885,Large,1.6666666666666667,8
House for sale,7777000.0,1,1,896.0,"Wellampitiya, Colombo",Colombo,Wellampitiya,8679.6875,Small,1.0,2
House for sale,42545223.0,5,3,4024.45,"Malabe, Colombo",Colombo,Malabe,10571.686317384985,Very Large,1.6666666666666667,8
House for sale,22826740.0,4,4,1510.48,"Kesbewa, Colombo",Colombo,Kesbewa,15112.242465971081,Medium,1.0,8
House for sale,49576734.0,6,4,2149.7,"Wellampitiya, Colombo",Colombo,Wellampitiya,23062.164022886915,Large,1.5,10
Villa for sale,125978017.0,9,6,4309.2,"Rathmalana, Colombo",Colombo,Rathmalana,29234.664670936603,Very Large,1.5,15
House for sale,301547774.0,8,6,8041.88,"Colombo 7, Colombo",Colombo,Colombo 7,37497.17404388029,Very Large,1.3333333333333333,14
House for sale,132531357.0,5,5,4142.19,"Colombo 6, Colombo",Colombo,Colombo 6,31995.479927284847,Very Large,1.0,10
House for sale,11318254.0,3,2,1098.02,"Kesbewa, Colombo",Colombo,Kesbewa,10307.87599497277,Medium,1.5,5
House for sale,35203987.0,4,5,1145.85,"Kolonnawa, Colombo",Colombo,Kolonnawa,30723.032683160975,Medium,0.8,9
Villa for sale,19937402.0,6,3,2287.65,"Colombo 8, Colombo",Colombo,Colombo 8,8715.232662339082,Large,2.0,9
House for sale,67959398.0,8,6,4406.3,"Mount Lavinia, Colombo",Colombo,Mount Lavinia,15423.23445975081,Very Large,1.3333333333333333,14
House for sale,14895663.0,2,2,1205.4,"Makumbura, Colombo",Colombo,Makumbura,12357.44400199104,Medium,1.0,4
House for sale,24112242.0,4,3,2390.17,"Pannipitiya, Colombo",Colombo,Pannipitiya,10088.086621453704,Large,1.3333333333333333,7
House for sale,28827824.0,4,3,2749.83,"Kaduwela, Colombo",Colombo,Kaduwela,10483.493161395432,Large,1.3333333333333333,7
House for sale,39614484.0,4,4,4095.11,"Malabe, Colombo",Colombo,Malabe,9673.606813980576,Very Large,1.0,8
House for sale,29278069.0,4,4,2304.3,"Homagama, Colombo",Colombo,Homagama,12705.840819337758,Large,1.0,8
House for sale,43561352.0,3,3,1909.18,"Moratuwa, Colombo",Colombo,Moratuwa,22816.78626426005,Medium,1.0,6
House for sale,92403820.0,5,3,5867.66,"Colombo 6, Colombo",Colombo,Colombo 6,15747.984716224186,Very Large,1.6666666666666667,8
House for sale,110157852.0,6,5,4280.62,"Mount Lavinia, Colombo",Colombo,Mount Lavinia,25734.08805266527,Very Large,1.2,11
House for sale,155895944.0,3,3,3647.46,"Colombo 7, Colombo",Colombo,Colombo 7,42740.960558854655,Very Large,1.0,6
House for sale,29947522.0,2,1,2954.82,"Boralesgamuwa, Colombo",Colombo,Boralesgamuwa,10135.142580597125,Large,2.0,3
House for sale,70656385.0,2,2,1574.28,"Pamankada, Colombo",Colombo,Pamankada,44881.71418045075,Medium,1.0,4
House for sale,78625867.0,3,2,3261.0,"Kirulapona, Colombo",Colombo,Kirulapona,24110.96810794235,Large,1.5,5
House for sale,8383964.0,2,2,896.0,"Wellampitiya, Colombo",Colombo,Wellampitiya,9357.10267857143,Small,1.0,4
House for sale,19009513.0,3,3,1280.96,"Colombo 9, Colombo",Colombo,Colombo 9,14840.051992255807,Medium,1.0,6
House for sale,111227077.0,5,4,3917.73,"Maharagama, Colombo",Colombo,Maharagama,28390.69486667024,Very Large,1.25,9
House for sale,17608324.0,4,3,2157.8,"Padukka, Colombo",Colombo,Padukka,8160.313282046528,Large,1.3333333333333333,7
House for sale,65091929.0,2,1,1450.3,"Pamankada, Colombo",Colombo,Pamankada,44881.69964834862,Medium,2.0,3
House for sale,49486591.0,4,4,2405.92,"Wellampitiya, Colombo",Colombo,Wellampitiya,20568.67684711046,Large,1.0,8
House for sale,25021290.0,2,2,1473.65,"Nawala, Colombo",Colombo,Nawala,16979.126658297424,Medium,1.0,4
House for sale,134212829.0,3,4,3039.79,"Kohuwala, Colombo",Colombo,Kohuwala,44152.00688205435,Large,0.75,7
House for sale,38123988.0,4,5,3397.09,"Morakatiya, Colombo",Colombo,Morakatiya,11222.542823416512,Large,0.8,9
House for sale,63155175.0,5,4,1407.15,"Bambalapitiya , Colombo",Colombo,Bambalapitiya ,44881.62242831254,Medium,1.25,9
House for sale,62400272.0,5,3,1926.69,"Morakatiya, Colombo",Colombo,Morakatiya,32387.292195423237,Medium,1.6666666666666667,8
House for sale,88808565.0,3,4,2890.89,"Mount Lavinia, Colombo",Colombo,Mount Lavinia,30720.146736818075,Large,0.75,7
House for sale,43186365.0,4,3,2176.87,"Wellampitiya, Colombo",Colombo,Wellampitiya,19838.74324144299,Large,1.3333333333333333,7
House for sale,312869250.0,6,5,9019.7,"Pamankada, Colombo",Colombo,Pamankada,34687.32330343581,Very Large,1.2,11
House for sale,44647181.0,4,3,3875.47,"Makadana, Colombo",Colombo,Makadana,11520.455841485033,Very Large,1.3333333333333333,7
House for sale,66890788.0,4,3,2730.96,"Dehiwala, Colombo",Colombo,Dehiwala,24493.507045141636,Large,1.3333333333333333,7
House for sale,404819885.0,7,5,9019.7,"Colombo 7, Colombo",Colombo,Colombo 7,44881.74606694235,Very Large,1.4,12
House for sale,197747249.0,5,5,4560.57,"Colombo 7, Colombo",Colombo,Colombo 7,43360.20475510737,Very Large,1.0,10
House for sale,33699479.0,3,4,2463.51,"Battaramulla, Colombo",Colombo,Battaramulla,13679.456953696148,Large,0.75,7
House for sale,43689285.0,4,4,2640.53,"Battaramulla, Colombo",Colombo,Battaramulla,16545.649926340546,Large,1.0,8
House for sale,69075881.0,6,5,4564.72,"Mount Lavinia, Colombo",Colombo,Mount Lavinia,15132.55599467218,Very Large,1.2,11
House for sale,130280066.0,5,5,2902.74,"Colombo 6, Colombo",Colombo,Colombo 6,44881.755169253884,Large,1.0,10
House for sale,61595954.0,5,4,3455.73,"Thalawathugoda, Colombo",Colombo,Thalawathugoda,17824.295879597074,Large,1.25,9
House for sale,134115738.0,5,5,5563.2,"Mount Lavinia, Colombo",Colombo,Mount Lavinia,24107.660698878342,Very Large,1.0,10
House for sale,66866200.0,4,4,2834.3,"Battaramulla, Colombo",Colombo,Battaramulla,23591.786331722116,Large,1.0,8
House for sale,32884629.0,3,3,1209.13,"Awissawella, Colombo",Colombo,Awissawella,27196.93415927154,Medium,1.0,6
House for sale,62751983.0,3,3,2922.22,"Pitakotte, Colombo",Colombo,Pitakotte,21474.07895367221,Large,1.0,6
House for sale,261345840.0,5,5,5822.99,"Colombo 7, Colombo",Colombo,Colombo 7,44881.725711361345,Very Large,1.0,10
House for sale,169608880.0,4,3,3779.02,"Boralesgamuwa, Colombo",Colombo,Boralesgamuwa,44881.710072981885,Very Large,1.3333333333333333,7
House for sale,34602680.0,7,5,4240.36,"Mount Lavinia, Colombo",Colombo,Mount Lavinia,8160.316576894415,Very Large,1.4,12
House for sale,39095642.0,4,4,2601.58,"Battaramulla, Colombo",Colombo,Battaramulla,15027.653195365894,Large,1.0,8
House for sale,18968530.0,3,2,1330.36,"Maththegoda, Colombo",Colombo,Maththegoda,14258.193270994318,Medium,1.5,5
House for sale,189891733.0,5,3,4230.93,"Colombo 7, Colombo",Colombo,Colombo 7,44881.795019062,Very Large,1.6666666666666667,8
House for sale,16049225.0,4,3,1342.15,"Makumbura, Colombo",Colombo,Makumbura,11957.847483515254,Medium,1.3333333333333333,7
House for sale,304456000.0,5,5,6783.52,"Colombo 7, Colombo",Colombo,Colombo 7,44881.71332877326,Very Large,1.0,10
House for sale,35577940.0,3,3,2883.63,"Piliyandala, Colombo",Colombo,Piliyandala,12337.900493475237,Large,1.0,6
House for sale,97119381.0,4,4,4448.21,"Thalawathugoda, Colombo",Colombo,Thalawathugoda,21833.362408699228,Very Large,1.0,8
House for sale,85743930.0,5,4,4637.9,"Nugegoda, Colombo",Colombo,Nugegoda,18487.662519674854,Very Large,1.25,9
House for sale,79091750.0,3,4,2398.04,"Dehiwala, Colombo",Colombo,Dehiwala,32981.83099531284,Large,0.75,7
House for sale,14304147.0,3,3,1024.16,"Wellampitiya, Colombo",Colombo,Wellampitiya,13966.71125605374,Medium,1.0,6
House for sale,44299586.0,5,3,3757.61,"Kesbewa, Colombo",Colombo,Kesbewa,11789.298516876419,Very Large,1.6666666666666667,8
House for sale,327461360.0,10,8,9019.7,"Battaramulla, Colombo",Colombo,Battaramulla,36305.12766499994,Very Large,1.25,18
House for sale,159813336.0,4,5,4010.92,"Nawala, Colombo",Colombo,Nawala,39844.55835568897,Very Large,0.8,9
House for sale,74341374.0,5,5,3643.68,"Dehiwala, Colombo",Colombo,Dehiwala,20402.827361348965,Very Large,1.0,10
House for sale,21152224.0,2,3,1140.58,"Homagama, Colombo",Colombo,Homagama,18545.147205807574,Medium,0.6666666666666666,5
House for sale,104126348.0,5,5,2320.02,"Colombo 6, Colombo",Colombo,Colombo 6,44881.65964086517,Large,1.0,10
House for sale,70110331.0,3,3,2829.65,"Pitakotte, Colombo",Colombo,Pitakotte,24777.032848585513,Large,1.0,6
House for sale,18841283.0,3,2,1095.95,"Mount Lavinia, Colombo",Colombo,Mount Lavinia,17191.735936858433,Medium,1.5,5
House for sale,7777000.0,2,1,896.0,"Wellampitiya, Colombo",Colombo,Wellampitiya,8679.6875,Small,2.0,3
House for sale,56663173.0,5,5,3445.58,"Kothalawala, Colombo",Colombo,Kothalawala,16445.177009385938,Large,1.0,10
House for sale,141899540.0,4,4,4185.66,"Colombo 6, Colombo",Colombo,Colombo 6,33901.35366943326,Very Large,1.0,8
House for sale,231750969.0,10,8,9019.7,"Battaramulla, Colombo",Colombo,Battaramulla,25693.86664744947,Very Large,1.25,18
House for sale,68982995.0,4,4,1536.99,"Bambalapitiya , Colombo",Colombo,Bambalapitiya ,44881.87626464714,Medium,1.0,8
House for sale,67594544.0,4,4,3428.28,"Kottawa, Colombo",Colombo,Kottawa,19716.751257190193,Large,1.0,8
House for sale,7777000.0,1,1,896.0,"Athurugiriya, Colombo",Colombo,Athurugiriya,8679.6875,Small,1.0,2
House for sale,61675339.0,5,3,3904.93,"Thalawathugoda, Colombo",Colombo,Thalawathugoda,15794.223968163322,Very Large,1.6666666666666667,8
House for sale,119643171.0,5,4,4632.66,"Nugegoda, Colombo",Colombo,Nugegoda,25826.020256181117,Very Large,1.25,9
House for sale,44714005.0,3,3,2318.46,"Kolonnawa, Colombo",Colombo,Kolonnawa,19286.079984127395,Large,1.0,6
House for sale,50419806.0,4,4,2441.91,"Battaramulla, Colombo",Colombo,Battaramulla,20647.6921753873,Large,1.0,8
House for sale,72231135.0,4,3,3028.33,"Kottawa, Colombo",Colombo,Kottawa,23851.80445988383,Large,1.3333333333333333,7
House for sale,105383289.0,5,4,3931.3,"Rathmalana, Colombo",Colombo,Rathmalana,26806.21906239666,Very Large,1.25,9
House for sale,167183563.0,4,4,3724.98,"Nugegoda, Colombo",Colombo,Nugegoda,44881.73439857395,Very Large,1.0,8
House for sale,10363844.0,2,1,1270.03,"Padukka, Colombo",Colombo,Padukka,8160.314323283702,Medium,2.0,3
House for sale,24710956.0,4,3,2253.04,"Colombo 8, Colombo",Colombo,Colombo 8,10967.828356354083,Large,1.3333333333333333,7
House for sale,92266166.0,6,5,5113.1,"Moratuwa, Colombo",Colombo,Moratuwa,18045.054076783163,Very Large,1.2,11
House for sale,25436771.0,4,3,2665.24,"Colombo 8, Colombo",Colombo,Colombo 8,9543.895108883253,Large,1.3333333333333333,7
House for sale,121291509.0,4,5,4104.88,"Nawala, Colombo",Colombo,Nawala,29548.12540196059,Very Large,0.8,9
House for sale,70614191.0,4,4,4882.86,"Pitakotte, Colombo",Colombo,Pitakotte,14461.645633911274,Very Large,1.0,8
House for sale,100473862.0,5,5,4010.28,"Boralesgamuwa, Colombo",Colombo,Boralesgamuwa,25054.07652333503,Very Large,1.0,10
House for sale,60733194.0,4,3,3071.36,"Moratuwa, Colombo",Colombo,Moratuwa,19774.0395134403,Large,1.3333333333333333,7
House for sale,42161220.0,4,4,5166.62,"Malabe, Colombo",Colombo,Malabe,8160.309835056575,Very Large,1.0,8
House for sale,85368631.0,4,4,1902.08,"Bambalapitiya , Colombo",Colombo,Bambalapitiya ,44881.72474343876,Medium,1.0,8
House for sale,108447835.0,5,5,2416.3,"Colombo 6, Colombo",Colombo,Colombo 6,44881.77585564706,Large,1.0,10
House for sale,48511164.0,5,4,1949.8,"Colombo 9, Colombo",Colombo,Colombo 9,24880.07180223613,Medium,1.25,9
Villa for sale,21377499.0,2,2,1075.62,"Kesbewa, Colombo",Colombo,Kesbewa,19874.583031182017,Medium,1.0,4
House for sale,25472285.0,3,2,2071.45,"Polgasovita, Colombo",Colombo,Polgasovita,12296.837963745204,Large,1.5,5
House for sale,75422950.0,4,3,2973.03,"Dehiwala, Colombo",Colombo,Dehiwala,25369.051102747027,Large,1.3333333333333333,7
House for sale,108194282.0,4,4,3880.23,"Thalawathugoda, Colombo",Colombo,Thalawathugoda,27883.47134061641,Very Large,1.0,8
House for sale,404819885.0,7,5,9019.7,"Colombo 7, Colombo",Colombo,Colombo 7,44881.74606694235,Very Large,1.4,12
House for sale,160000000.0,5,4,4000.0,"Templers Road, Mount Lavinia",Colombo,Mount Lavinia,40000.0,Very Large,1.25,9
House for sale,33934954.0,2,1,2582.04,"Boralesgamuwa, Colombo",Colombo,Boralesgamuwa,13142.691050487212,Large,2.0,3
House for sale,32636550.0,3,2,1540.48,"Thalawathugoda, Colombo",Colombo,Thalawathugoda,21185.961518487744,Medium,1.5,5
House for sale,17355652.0,2,2,1104.58,"Maththegoda, Colombo",Colombo,Maththegoda,15712.444549059372,Medium,1.0,4
House for sale,182688054.0,5,4,4070.43,"Boralesgamuwa, Colombo",Colombo,Boralesgamuwa,44881.757946949096,Very Large,1.25,9
House for sale,404819885.0,10,9,9019.7,"Dematagoda, Colombo",Colombo,Dematagoda,44881.74606694235,Very Large,1.1111111111111112,19
House for sale,102467771.0,8,7,7371.65,"Kohuwala, Colombo",Colombo,Kohuwala,13900.24906228592,Very Large,1.1428571428571428,15
House for sale,22795753.0,4,3,1633.03,"Kesbewa, Colombo",Colombo,Kesbewa,13959.175887766913,Medium,1.3333333333333333,7
House for sale,14791645.0,3,3,952.32,"Wellampitiya, Colombo",Colombo,Wellampitiya,15532.221312163978,Small,1.0,6
House for sale,27076294.0,3,2,1489.97,"Thalawathugoda, Colombo",Colombo,Thalawathugoda,18172.375282723813,Medium,1.5,5
House for sale,43982368.0,5,3,5389.79,"Awissawella, Colombo",Colombo,Awissawella,8160.311997313439,Very Large,1.6666666666666667,8
House for sale,41031696.0,4,3,1721.88,"Homagama, Colombo",Colombo,Homagama,23829.590912258693,Medium,1.3333333333333333,7
House for sale,18499862.0,4,3,2267.05,"Piliyandala, Colombo",Colombo,Piliyandala,8160.323768774398,Large,1.3333333333333333,7
House for sale,160887594.0,5,4,4227.99,"Moratuwa, Colombo",Colombo,Moratuwa,38052.974108264214,Very Large,1.25,9
House for sale,27460128.0,4,2,1628.17,"Athurugiriya, Colombo",Colombo,Athurugiriya,16865.639337415625,Medium,2.0,6
House for sale,288318267.0,9,8,9019.7,"Battaramulla, Colombo",Colombo,Battaramulla,31965.39430357994,Very Large,1.125,17
Villa for sale,53940280.0,5,5,3660.47,"Rathmalana, Colombo",Colombo,Rathmalana,14735.889107136516,Very Large,1.0,10
House for sale,131243748.0,6,6,2924.21,"Colombo 6, Colombo",Colombo,Colombo 6,44881.77935237209,Large,1.0,12
House for sale,236871407.0,6,5,5277.68,"Pitakotte, Colombo",Colombo,Pitakotte,44881.72966151794,Very Large,1.2,11
House for sale,55000000.0,5,5,3605.0,"Pattiyawatta Road, Kothalawala",Colombo,Kothalawala,15256.588072122053,Very Large,1.0,10
House for sale,19480745.0,2,2,1151.47,"Homagama, Colombo",Colombo,Homagama,16918.15244860917,Medium,1.0,4
House for sale,22971705.0,3,3,2248.73,"Polgasovita, Colombo",Colombo,Polgasovita,10215.41269961267,Large,1.0,6
House for sale,32258650.0,2,2,1430.82,"Boralesgamuwa, Colombo",Colombo,Boralesgamuwa,22545.56827553431,Medium,1.0,4
House for sale,13103250.0,3,2,1405.78,"Wellampitiya, Colombo",Colombo,Wellampitiya,9320.981945965941,Medium,1.5,5
House for sale,102359482.0,5,4,3733.21,"Kaduwela, Colombo",Colombo,Kaduwela,27418.624186691883,Very Large,1.25,9
House for sale,111954396.0,3,4,3922.78,"Thalawathugoda, Colombo",Colombo,Thalawathugoda,28539.555111426078,Very Large,0.75,7
House for sale,28517608.0,4,3,2378.59,"Colombo 8, Colombo",Colombo,Colombo 8,11989.291134663812,Large,1.3333333333333333,7
Villa for sale,177781376.0,5,4,3961.11,"Nugegoda, Colombo",Colombo,Nugegoda,44881.706390380474,Very Large,1.25,9
House for sale,9030333.0,2,2,1102.29,"Padukka, Colombo",Colombo,Padukka,8192.338676754756,Medium,1.0,4
House for sale,40724213.0,4,4,2163.68,"Wellampitiya, Colombo",Colombo,Wellampitiya,18821.735654070842,Large,1.0,8
House for sale,30228520.0,3,2,1989.29,"Kesbewa, Colombo",Colombo,Kesbewa,15195.632612640691,Medium,1.5,5
House for sale,121303905.0,5,4,4000.44,"Pitakotte, Colombo",Colombo,Pitakotte,30322.640759516453,Very Large,1.25,9
House for sale,197678316.0,4,4,4404.43,"Colombo 7, Colombo",Colombo,Colombo 7,44881.70228610739,Very Large,1.0,8
House for sale,92227119.0,6,5,5708.89,"Moratuwa, Colombo",Colombo,Moratuwa,16155.000183923668,Very Large,1.2,11
House for sale,33679063.0,5,4,2867.54,"Maharagama, Colombo",Colombo,Maharagama,11744.932241572917,Large,1.25,9
House for sale,18853240.0,3,2,1278.22,"Makumbura, Colombo",Colombo,Makumbura,14749.604919340958,Medium,1.5,5
House for sale,31456834.0,3,2,1596.63,"Boralesgamuwa, Colombo",Colombo,Boralesgamuwa,19702.018626732555,Medium,1.5,5
House for sale,18829910.0,3,3,1544.87,"Polgasovita, Colombo",Colombo,Polgasovita,12188.669596794552,Medium,1.0,6
House for sale,211234768.0,5,5,4706.47,"Pitakotte, Colombo",Colombo,Pitakotte,44881.783587274535,Very Large,1.0,10
House for sale,149669159.0,5,4,3334.74,"Boralesgamuwa, Colombo",Colombo,Boralesgamuwa,44881.807577202424,Large,1.25,9
House for sale,45997207.0,4,4,2409.96,"Battaramulla, Colombo",Colombo,Battaramulla,19086.294793274577,Large,1.0,8
House for sale,105938705.0,5,4,4584.05,"Moratuwa, Colombo",Colombo,Moratuwa,23110.28566442338,Very Large,1.25,9
House for sale,91014279.0,3,2,3268.59,"Kottawa, Colombo",Colombo,Kottawa,27845.11945517792,Large,1.5,5
House for sale,54324196.0,3,3,1923.75,"Moratuwa, Colombo",Colombo,Moratuwa,28238.69837556855,Medium,1.0,6
House for sale,11820708.0,3,1,1448.56,"Padukka, Colombo",Colombo,Padukka,8160.316452200806,Medium,3.0,4
House for sale,174218357.0,7,4,3881.72,"Colombo 7, Colombo",Colombo,Colombo 7,44881.74237193821,Very Large,1.75,11
House for sale,64939465.0,4,5,2871.17,"Rathmalana, Colombo",Colombo,Rathmalana,22617.7708042366,Large,0.8,9
House for sale,291643719.0,10,8,9019.7,"Battaramulla, Colombo",Colombo,Battaramulla,32334.08195394525,Very Large,1.25,18
House for sale,29764293.0,5,3,2816.91,"Piliyandala, Colombo",Colombo,Piliyandala,10566.291787810047,Large,1.6666666666666667,8
House for sale,290423234.0,6,5,7980.94,"Nugegoda, Colombo",Colombo,Nugegoda,36389.60247790361,Very Large,1.2,11
Villa for sale,106286791.0,4,4,3722.47,"Kohuwala, Colombo",Colombo,Kohuwala,28552.759592421164,Very Large,1.0,8
House for sale,62436759.0,2,2,3429.79,"Thalawathugoda, Colombo",Colombo,Thalawathugoda,18204.251280690656,Large,1.0,4
House for sale,366158360.0,6,5,9019.7,"Nugegoda, Colombo",Colombo,Nugegoda,40595.4033947914,Very Large,1.2,11
House for sale,21334326.0,2,2,1224.35,"Makumbura, Colombo",Colombo,Makumbura,17425.02225670764,Medium,1.0,4
House for sale,53983268.0,5,3,3664.23,"Kesbewa, Colombo",Colombo,Kesbewa,14732.4998703684,Very Large,1.6666666666666667,8
House for sale,19000000.0,3,3,1200.0,"Golden Crown - Kiriwaththuduwa , Homagama",Colombo,Homagama,15833.333333333334,Medium,1.0,6
House for sale,75981335.0,4,4,5342.47,"Nugegoda, Colombo",Colombo,Nugegoda,14222.136015738039,Very Large,1.0,8
House for sale,42779914.0,3,3,1797.68,"Kolonnawa, Colombo",Colombo,Kolonnawa,23797.290952783587,Medium,1.0,6
House for sale,31618789.0,4,3,2326.51,"Pannipitiya, Colombo",Colombo,Pannipitiya,13590.652522447785,Large,1.3333333333333333,7
House for sale,46622354.0,3,2,2505.79,"Rathmalana, Colombo",Colombo,Rathmalana,18605.850450356975,Large,1.5,5
Villa for sale,47394067.0,4,4,2733.39,"Battaramulla, Colombo",Colombo,Battaramulla,17338.93333918687,Large,1.0,8
House for sale,48627038.0,4,2,5410.83,"Malabe, Colombo",Colombo,Malabe,8986.983143066775,Very Large,2.0,6
House for sale,105857333.0,5,5,3437.05,"Rathmalana, Colombo",Colombo,Rathmalana,30798.892364091298,Large,1.0,10
House for sale,34407418.0,5,3,2913.48,"Rathmalana, Colombo",Colombo,Rathmalana,11809.732004338453,Large,1.6666666666666667,8
House for sale,116402393.0,4,4,3345.58,"Nawala, Colombo",Colombo,Nawala,34792.88882645162,Large,1.0,8
House for sale,34557211.0,4,3,1001.65,"Nugegoda, Colombo",Colombo,Nugegoda,34500.28552887735,Medium,1.3333333333333333,7
House for sale,71588592.0,4,4,2327.66,"Dehiwala, Colombo",Colombo,Dehiwala,30755.605200072176,Large,1.0,8
House for sale,164691138.0,5,5,3669.45,"Mount Lavinia, Colombo",Colombo,Mount Lavinia,44881.6956219597,Very Large,1.0,10
House for sale,37977881.0,5,3,2425.52,"Moratuwa, Colombo",Colombo,Moratuwa,15657.624344470465,Large,1.6666666666666667,8
House for sale,40950772.0,2,3,1889.88,"Moratuwa, Colombo",Colombo,Moratuwa,21668.45090693589,Medium,0.6666666666666666,5
House for sale,34559827.0,3,3,2613.51,"Makadana, Colombo",Colombo,Makadana,13223.529659347007,Large,1.0,6
House for sale,33469711.0,5,3,2724.36,"Awissawella, Colombo",Colombo,Awissawella,12285.34811845718,Large,1.6666666666666667,8
House for sale,63845597.0,5,3,3283.16,"Thalawathugoda, Colombo",Colombo,Thalawathugoda,19446.386103631867,Large,1.6666666666666667,8
House for sale,35507651.0,2,2,917.49,"Colombo 9, Colombo",Colombo,Colombo 9,38700.85886494676,Small,1.0,4
House for sale,7777000.0,3,1,896.0,"Kesbewa, Colombo",Colombo,Kesbewa,8679.6875,Small,3.0,4
House for sale,33132943.0,1,2,1261.8,"Maharagama, Colombo",Colombo,Maharagama,26258.47440164844,Medium,0.5,3
Villa for sale,40542083.0,4,3,2315.48,"Colombo 8, Colombo",Colombo,Colombo 8,17509.148427107986,Large,1.3333333333333333,7
House for sale,27423795.0,2,1,2593.52,"Boralesgamuwa, Colombo",Colombo,Boralesgamuwa,10573.967040932786,Large,2.0,3
House for sale,9890850.0,2,1,1083.13,"Polgasovita, Colombo",Colombo,Polgasovita,9131.729339968424,Medium,2.0,3
House for sale,66918902.0,4,4,3392.33,"Mount Lavinia, Colombo",Colombo,Mount Lavinia,19726.530732564344,Large,1.0,8
House for sale,28806664.0,3,2,2637.32,"Pannipitiya, Colombo",Colombo,Pannipitiya,10922.70335037083,Large,1.5,5
House for sale,136889628.0,8,6,3711.31,"Rathmalana, Colombo",Colombo,Rathmalana,36884.44996510666,Very Large,1.3333333333333333,14
House for sale,85000000.0,6,5,3680.0,"Kottawa Road, Mount Lavinia",Colombo,Mount Lavinia,23097.82608695652,Very Large,1.2,11
House for sale,141603584.0,3,4,3155.04,"Nawala, Colombo",Colombo,Nawala,44881.70799736295,Large,0.75,7
House for sale,180284701.0,4,4,4016.88,"Nugegoda, Colombo",Colombo,Nugegoda,44881.774163032,Very Large,1.0,8
House for sale,28550790.0,3,3,1639.73,"Awissawella, Colombo",Colombo,Awissawella,17411.884883486917,Medium,1.0,6
House for sale,120000000.0,5,5,3000.0,"Nawala, Colombo",Colombo,Nawala,40000.0,Large,1.0,10
House for sale,25918648.0,5,3,2186.88,"Colombo 8, Colombo",Colombo,Colombo 8,11851.88396254024,Large,1.6666666666666667,8
House for sale,125123544.0,5,3,4897.18,"Pitakotte, Colombo",Colombo,Pitakotte,25550.12149849505,Very Large,1.6666666666666667,8
House for sale,106321484.0,5,4,4018.67,"Maharagama, Colombo",Colombo,Maharagama,26456.88349628111,Very Large,1.25,9
House for sale,35498321.0,5,5,1167.77,"Malabe, Colombo",Colombo,Malabe,30398.384099608655,Medium,1.0,10
House for sale,128000000.0,5,5,4108.0,"Nawala, Colombo",Colombo,Nawala,31158.7147030185,Very Large,1.0,10
House for sale,25416279.0,4,3,2293.42,"Padukka, Colombo",Colombo,Padukka,11082.260990137,Large,1.3333333333333333,7
House for sale,12993056.0,3,1,1592.22,"Moratuwa, Colombo",Colombo,Moratuwa,8160.33965155569,Medium,3.0,4
House for sale,40102352.0,3,2,2263.76,"Boralesgamuwa, Colombo",Colombo,Boralesgamuwa,17714.930911404033,Large,1.5,5
House for sale,93170136.0,5,3,4186.53,"Colombo 6, Colombo",Colombo,Colombo 6,22254.739844214662,Very Large,1.6666666666666667,8
House for sale,129232087.0,3,4,4410.04,"Moratuwa, Colombo",Colombo,Moratuwa,29304.062321430192,Very Large,0.75,7
House for sale,21389376.0,5,3,2621.15,"Colombo 8, Colombo",Colombo,Colombo 8,8160.302157449974,Large,1.6666666666666667,8
House for sale,40951020.0,5,4,4206.17,"Awissawella, Colombo",Colombo,Awissawella,9735.940297230021,Very Large,1.25,9
House for sale,184441282.0,4,4,4109.49,"Colombo 7, Colombo",Colombo,Colombo 7,44881.79360455921,Very Large,1.0,8
House for sale,37743683.0,4,4,1658.95,"Wellampitiya, Colombo",Colombo,Wellampitiya,22751.54947406492,Medium,1.0,8
House for sale,45371114.0,3,3,4090.5,"Malabe, Colombo",Colombo,Malabe,11091.82593814937,Very Large,1.0,6
House for sale,130000000.0,4,4,5000.0,"Moratuwa, Colombo",Colombo,Moratuwa,26000.0,Very Large,1.0,8
House for sale,21276743.0,3,2,1622.65,"Maththegoda, Colombo",Colombo,Maththegoda,13112.342772625027,Medium,1.5,5
House for sale,36776225.0,4,4,2410.28,"Morakatiya, Colombo",Colombo,Morakatiya,15258.071676319762,Large,1.0,8
House for sale,39352696.0,2,3,1570.15,"Homagama, Colombo",Colombo,Homagama,25063.016909212492,Medium,0.6666666666666666,5
House for sale,124067131.0,4,4,4225.11,"Kirulapona, Colombo",Colombo,Kirulapona,29364.236907441464,Very Large,1.0,8
House for sale,165089608.0,4,3,3678.32,"Colombo 7, Colombo",Colombo,Colombo 7,44881.79603732139,Very Large,1.3333333333333333,7
House for sale,22977267.0,5,3,2815.73,"Piliyandala, Colombo",Colombo,Piliyandala,8160.323255425768,Large,1.6666666666666667,8
House for sale,404819885.0,10,9,9019.7,"Dematagoda, Colombo",Colombo,Dematagoda,44881.74606694235,Very Large,1.1111111111111112,19
House for sale,326900783.0,8,6,7283.6,"Colombo 7, Colombo",Colombo,Colombo 7,44881.75943214894,Very Large,1.3333333333333333,14
House for sale,76246356.0,8,6,4541.6,"Thalawathugoda, Colombo",Colombo,Thalawathugoda,16788.434912806057,Very Large,1.3333333333333333,14
House for sale,22069857.0,2,2,1162.26,"Makumbura, Colombo",Colombo,Makumbura,18988.743482525424,Medium,1.0,4
House for sale,203944791.0,4,5,4544.05,"Colombo 7, Colombo",Colombo,Colombo 7,44881.72247224392,Very Large,0.8,9
House for sale,27783047.0,4,3,1533.52,"Athurugiriya, Colombo",Colombo,Athurugiriya,18117.172909384946,Medium,1.3333333333333333,7
House for sale,34631288.0,4,5,928.52,"Colombo 9, Colombo",Colombo,Colombo 9,37297.29892732521,Small,0.8,9
House for sale,19832402.0,3,3,1098.94,"Homagama, Colombo",Colombo,Homagama,18046.846961617557,Medium,1.0,6
House for sale,12881895.0,2,2,1489.89,"Kesbewa, Colombo",Colombo,Kesbewa,8646.205424561544,Medium,1.0,4
House for sale,25958191.0,2,1,3181.03,"Pamankada, Colombo",Colombo,Pamankada,8160.310025369141,Large,2.0,3
Villa for sale,191839482.0,5,5,4274.33,"Battaramulla, Colombo",Colombo,Battaramulla,44881.76673303184,Very Large,1.0,10
House for sale,76060003.0,3,3,2709.68,"Moratuwa, Colombo",Colombo,Moratuwa,28069.736278822595,Large,1.0,6
House for sale,43949164.0,5,3,2931.36,"Maharagama, Colombo",Colombo,Maharagama,14992.755581027235,Large,1.6666666666666667,8
House for sale,68883401.0,3,3,3155.38,"Moratuwa, Colombo",Colombo,Moratuwa,21830.461307354424,Large,1.0,6
House for sale,28647150.0,7,5,3510.54,"Mount Lavinia, Colombo",Colombo,Mount Lavinia,8160.325761848605,Very Large,1.4,12
House for sale,122690433.0,5,3,3583.6,"Moratuwa, Colombo",Colombo,Moratuwa,34236.64276146892,Very Large,1.6666666666666667,8
House for sale,65294487.0,2,2,3727.2,"Thalawathugoda, Colombo",Colombo,Thalawathugoda,17518.374919510625,Very Large,1.0,4
House for sale,177243121.0,4,4,4201.2,"Nawala, Colombo",Colombo,Nawala,42188.689184042654,Very Large,1.0,8
House for sale,34193171.0,5,5,3137.14,"Malabe, Colombo",Colombo,Malabe,10899.47244942846,Large,1.0,10
Villa for sale,14895868.0,4,2,1825.4,"Rathmalana, Colombo",Colombo,Rathmalana,8160.330886381067,Medium,2.0,6
House for sale,404819885.0,7,5,9019.7,"Kohuwala, Colombo",Colombo,Kohuwala,44881.74606694235,Very Large,1.4,12
House for sale,14876564.0,3,1,1823.04,"Moratuwa, Colombo",Colombo,Moratuwa,8160.305862734773,Medium,3.0,4
House for sale,169881077.0,6,4,3785.08,"Colombo 7, Colombo",Colombo,Colombo 7,44881.76656768153,Very Large,1.5,10
House for sale,81432088.0,4,4,4806.99,"Nugegoda, Colombo",Colombo,Nugegoda,16940.34895017464,Very Large,1.0,8
House for sale,81499800.0,4,5,3079.4,"Mount Lavinia, Colombo",Colombo,Mount Lavinia,26466.12976553874,Large,0.8,9
House for sale,170374619.0,5,5,3796.08,"Nawala, Colombo",Colombo,Nawala,44881.72509536153,Very Large,1.0,10
House for sale,21190539.0,4,3,2596.78,"Pannipitiya, Colombo",Colombo,Pannipitiya,8160.313542156055,Large,1.3333333333333333,7
House for sale,32326463.0,7,5,3961.42,"Rathmalana, Colombo",Colombo,Rathmalana,8160.322056232361,Very Large,1.4,12
House for sale,25373791.0,5,3,2265.03,"Colombo 8, Colombo",Colombo,Colombo 8,11202.408356622207,Large,1.6666666666666667,8
House for sale,87015336.0,4,4,4393.33,"Kohuwala, Colombo",Colombo,Kohuwala,19806.23718227404,Very Large,1.0,8
House for sale,143051759.0,4,4,4299.21,"Kothalawala, Colombo",Colombo,Kothalawala,33273.964053861055,Very Large,1.0,8
House for sale,24559376.0,4,3,2537.44,"Kesbewa, Colombo",Colombo,Kesbewa,9678.800681001325,Large,1.3333333333333333,7
House for sale,79847503.0,3,3,2911.21,"Dehiwala, Colombo",Colombo,Dehiwala,27427.599863974086,Large,1.0,6
House for sale,36683154.0,6,4,4495.31,"Mount Lavinia, Colombo",Colombo,Mount Lavinia,8160.316863575593,Very Large,1.5,10
House for sale,200784252.0,4,4,4473.63,"Nawala, Colombo",Colombo,Nawala,44881.72960213518,Very Large,1.0,8
House for sale,28191213.0,4,2,1519.74,"Thalawathugoda, Colombo",Colombo,Thalawathugoda,18550.023688262467,Medium,2.0,6
House for sale,15406913.0,4,3,896.0,"Wellampitiya, Colombo",Colombo,Wellampitiya,17195.215401785714,Small,1.3333333333333333,7
House for sale,82205608.0,4,4,1831.6,"Bambalapitiya , Colombo",Colombo,Bambalapitiya ,44881.856300502295,Medium,1.0,8
House for sale,104350828.0,5,5,4651.31,"Moratuwa, Colombo",Colombo,Moratuwa,22434.717961176528,Very Large,1.0,10
House for sale,30988337.0,3,3,1410.97,"Kolonnawa, Colombo",Colombo,Kolonnawa,21962.435062403878,Medium,1.0,6
House for sale,17841531.0,4,2,2186.38,"Padukka, Colombo",Colombo,Padukka,8160.30653408831,Large,2.0,6
House for sale,54864615.0,3,4,3368.77,"Thalawathugoda, Colombo",Colombo,Thalawathugoda,16286.245424888015,Large,0.75,7
Villa for sale,9604420.0,1,1,1176.97,"Padukka, Colombo",Colombo,Padukka,8160.292955640331,Medium,1.0,2
House for sale,35508856.0,4,4,1620.6,"Homagama, Colombo",Colombo,Homagama,21910.93175367148,Medium,1.0,8
House for sale,87274741.0,4,3,4116.52,"Thalawathugoda, Colombo",Colombo,Thalawathugoda,21201.097286057153,Very Large,1.3333333333333333,7
House for sale,31905020.0,2,1,2572.88,"Bambalapitiya , Colombo",Colombo,Bambalapitiya ,12400.50837971456,Large,2.0,3
House for sale,54149105.0,4,3,4018.44,"Thalawathugoda, Colombo",Colombo,Thalawathugoda,13475.155781845691,Very Large,1.3333333333333333,7
House for sale,68216215.0,4,5,3731.43,"Dehiwala, Colombo",Colombo,Dehiwala,18281.520757457598,Very Large,0.8,9
House for sale,18011380.0,2,3,1203.67,"Homagama, Colombo",Colombo,Homagama,14963.719291832478,Medium,0.6666666666666666,5
House for sale,319638508.0,9,7,8830.88,"Battaramulla, Colombo",Colombo,Battaramulla,36195.544271918545,Very Large,1.2857142857142858,16
House for sale,119251363.0,4,4,3288.72,"Kohuwala, Colombo",Colombo,Kohuwala,36260.72240871829,Large,1.0,8
House for sale,96926650.0,4,4,2251.12,"Dehiwala, Colombo",Colombo,Dehiwala,43057.078254380045,Large,1.0,8
House for sale,172085016.0,4,4,3834.19,"Nawala, Colombo",Colombo,Nawala,44881.71321713321,Very Large,1.0,8
House for sale,39061928.0,3,3,4483.24,"Malabe, Colombo",Colombo,Malabe,8712.879078523569,Very Large,1.0,6
House for sale,23389949.0,3,3,1461.95,"Kolonnawa, Colombo",Colombo,Kolonnawa,15999.144293580492,Medium,1.0,6
House for sale,30871127.0,4,4,2732.05,"Kaduwela, Colombo",Colombo,Kaduwela,11299.620065518566,Large,1.0,8
House for sale,10241198.0,3,2,1255.0,"Athurugiriya, Colombo",Colombo,Athurugiriya,8160.317131474104,Medium,1.5,5
House for sale,30945537.0,2,2,2223.69,"Polgasovita, Colombo",Colombo,Polgasovita,13916.299933893662,Large,1.0,4
House for sale,31085921.0,3,2,2210.96,"Kaduwela, Colombo",Colombo,Kaduwela,14059.920125194485,Large,1.5,5
House for sale,35626707.0,2,3,2120.93,"Kolonnawa, Colombo",Colombo,Kolonnawa,16797.68167737738,Large,0.6666666666666666,5
House for sale,73823113.0,3,3,4227.48,"Thalawathugoda, Colombo",Colombo,Thalawathugoda,17462.675873096978,Very Large,1.0,6
House for sale,30245851.0,4,4,2425.87,"Makadana, Colombo",Colombo,Makadana,12468.042805261619,Large,1.0,8
House for sale,24662270.0,4,3,2794.93,"Kaduwela, Colombo",Colombo,Kaduwela,8823.931189689903,Large,1.3333333333333333,7
House for sale,20381491.0,1,3,1172.81,"Colombo 9, Colombo",Colombo,Colombo 9,17378.340055081386,Medium,0.3333333333333333,4
House for sale,28695468.0,2,1,2565.27,"Boralesgamuwa, Colombo",Colombo,Boralesgamuwa,11186.13947069899,Large,2.0,3
Villa for sale,33718721.0,5,3,2580.65,"Maharagama, Colombo",Colombo,Maharagama,13065.979888787708,Large,1.6666666666666667,8
House for sale,23868426.0,5,3,2484.11,"Colombo 8, Colombo",Colombo,Colombo 8,9608.441655160197,Large,1.6666666666666667,8
House for sale,319756423.0,6,5,7124.42,"Colombo 7, Colombo",Colombo,Colombo 7,44881.74798790638,Very Large,1.2,11
House for sale,32923375.0,4,3,1959.58,"Polgasovita, Colombo",Colombo,Polgasovita,16801.240571959297,Medium,1.3333333333333333,7
House for sale,114672404.0,3,3,4179.63,"Dehiwala, Colombo",Colombo,Dehiwala,27436.018020733893,Very Large,1.0,6
House for sale,321157090.0,6,5,8643.84,"Nugegoda, Colombo",Colombo,Nugegoda,37154.44640345032,Very Large,1.2,11
House for sale,53710231.0,4,3,4203.53,"Homagama, Colombo",Colombo,Homagama,12777.411128266005,Very Large,1.3333333333333333,7
House for sale,51257463.0,6,5,3956.13,"Kirulapona, Colombo",Colombo,Kirulapona,12956.465788535766,Very Large,1.2,11
House for sale,114398204.0,4,5,3326.36,"Nawala, Colombo",Colombo,Nawala,34391.40802558953,Large,0.8,9
House for sale,16296868.0,3,2,1267.86,"Kesbewa, Colombo",Colombo,Kesbewa,12853.838751912674,Medium,1.5,5
House for sale,85805905.0,5,4,1911.82,"Bambalapitiya , Colombo",Colombo,Bambalapitiya ,44881.79064974736,Medium,1.25,9
Villa for sale,102100655.0,3,5,4011.87,"Colombo 7, Colombo",Colombo,Colombo 7,25449.64193755032,Very Large,0.6,8
House for sale,45244879.0,4,4,2313.92,"Battaramulla, Colombo",Colombo,Battaramulla,19553.34626953395,Large,1.0,8
House for sale,404819885.0,9,5,9019.7,"Colombo 7, Colombo",Colombo,Colombo 7,44881.74606694235,Very Large,1.8,14
House for sale,34639837.0,4,2,2569.61,"Piliyandala, Colombo",Colombo,Piliyandala,13480.581489019734,Large,2.0,6
House for sale,40214044.0,3,3,896.0,"Kohuwala, Colombo",Colombo,Kohuwala,44881.74553571428,Small,1.0,6
House for sale,89307214.0,4,2,4295.88,"Kottawa, Colombo",Colombo,Kottawa,20789.038334404126,Very Large,2.0,6
House for sale,125414864.0,6,5,4129.03,"Nawala, Colombo",Colombo,Nawala,30373.928985742416,Very Large,1.2,11
House for sale,319845878.0,7,5,8817.73,"Dematagoda, Colombo",Colombo,Dematagoda,36273.04056713009,Very Large,1.4,12
House for sale,26657404.0,4,2,1303.12,"Thalawathugoda, Colombo",Colombo,Thalawathugoda,20456.599545705692,Medium,2.0,6
House for sale,61096570.0,4,3,2924.2,"Moratuwa, Colombo",Colombo,Moratuwa,20893.430681895905,Large,1.3333333333333333,7
House for sale,86967890.0,4,4,2418.91,"Moratuwa, Colombo",Colombo,Moratuwa,35953.33848716984,Large,1.0,8
House for sale,43990450.0,3,3,2181.19,"Kolonnawa, Colombo",Colombo,Kolonnawa,20168.096314397186,Large,1.0,6
House for sale,10651670.0,2,1,1305.3,"Padukka, Colombo",Colombo,Padukka,8160.323297326286,Medium,2.0,3
House for sale,87737068.0,5,4,3805.77,"Pitakotte, Colombo",Colombo,Pitakotte,23053.696886569604,Very Large,1.25,9
House for sale,29224284.0,3,4,2362.48,"Homagama, Colombo",Colombo,Homagama,12370.172022620298,Large,0.75,7
House for sale,102706647.0,4,5,4413.43,"Boralesgamuwa, Colombo",Colombo,Boralesgamuwa,23271.389146310237,Very Large,0.8,9
House for sale,34449598.0,4,5,1008.66,"Makadana, Colombo",Colombo,Makadana,34153.825867983265,Medium,0.8,9
House for sale,28228320.0,3,3,2204.0,"Kottawa, Colombo",Colombo,Kottawa,12807.76769509982,Large,1.0,6
House for sale,83874149.0,5,5,4074.34,"Mount Lavinia, Colombo",Colombo,Mount Lavinia,20585.9474172504,Very Large,1.0,10
House for sale,54978002.0,4,3,3528.51,"Thalawathugoda, Colombo",Colombo,Thalawathugoda,15581.081532998347,Very Large,1.3333333333333333,7
House for sale,113948612.0,3,2,3493.7,"Kottawa, Colombo",Colombo,Kottawa,32615.454103099866,Large,1.5,5
House for sale,114078696.0,3,4,4273.34,"Thalawathugoda, Colombo",Colombo,Thalawathugoda,26695.44103675345,Very Large,0.75,7
House for sale,23500000.0,3,3,1520.0,"Kotagedara, Kesbewa",Colombo,Kesbewa,15460.526315789473,Medium,1.0,6
House for sale,26165105.0,5,3,2996.63,"Colombo 8, Colombo",Colombo,Colombo 8,8731.510062970738,Large,1.6666666666666667,8
House for sale,48612394.0,4,4,3333.23,"Malabe, Colombo",Colombo,Malabe,14584.170309279587,Large,1.0,8
House for sale,217542519.0,5,5,4847.02,"Colombo 7, Colombo",Colombo,Colombo 7,44881.70442870052,Very Large,1.0,10
House for sale,27469917.0,7,5,3366.28,"Mount Lavinia, Colombo",Colombo,Mount Lavinia,8160.318511829081,Large,1.4,12
House for sale,146336426.0,3,4,3297.29,"Boralesgamuwa, Colombo",Colombo,Boralesgamuwa,44380.817580497926,Large,0.75,7
House for sale,75816463.0,3,3,3421.3,"Dehiwala, Colombo",Colombo,Dehiwala,22160.132990383772,Large,1.0,6
House for sale,51880871.0,4,3,4293.93,"Colombo 9, Colombo",Colombo,Colombo 9,12082.374654454077,Very Large,1.3333333333333333,7
House for sale,25679722.0,5,3,2786.26,"Kaduwela, Colombo",Colombo,Kaduwela,9216.556243853767,Large,1.6666666666666667,8
Villa for sale,15737703.0,2,3,1203.89,"Homagama, Colombo",Colombo,Homagama,13072.376213773683,Medium,0.6666666666666666,5
House for sale,60247769.0,4,4,2767.95,"Dehiwala, Colombo",Colombo,Dehiwala,21766.205675680558,Large,1.0,8
House for sale,220455107.0,4,4,5129.23,"Colombo 7, Colombo",Colombo,Colombo 7,42980.15628076729,Very Large,1.0,8
House for sale,59938295.0,4,3,2858.37,"Kottawa, Colombo",Colombo,Kottawa,20969.396894034013,Large,1.3333333333333333,7
House for sale,51566931.0,5,3,3503.35,"Kolonnawa, Colombo",Colombo,Kolonnawa,14719.320364793697,Very Large,1.6666666666666667,8
House for sale,28146246.0,4,4,1043.64,"Colombo 9, Colombo",Colombo,Colombo 9,26969.305507646313,Medium,1.0,8
Villa for sale,60715300.0,3,3,3135.05,"Pitakotte, Colombo",Colombo,Pitakotte,19366.61297267986,Large,1.0,6
House for sale,14810183.0,3,2,1284.74,"Makumbura, Colombo",Colombo,Makumbura,11527.766707660694,Medium,1.5,5
House for sale,40543549.0,5,3,4968.38,"Awissawella, Colombo",Colombo,Awissawella,8160.315636082586,Very Large,1.6666666666666667,8
House for sale,20054413.0,3,3,896.0,"Colombo 9, Colombo",Colombo,Colombo 9,22382.157366071428,Small,1.0,6
House for sale,39659868.0,4,3,3685.28,"Awissawella, Colombo",Colombo,Awissawella,10761.697347284331,Very Large,1.3333333333333333,7
House for sale,143486584.0,4,4,3196.99,"Boralesgamuwa, Colombo",Colombo,Boralesgamuwa,44881.77441906293,Large,1.0,8
House for sale,7943965.0,2,2,896.0,"Wellampitiya, Colombo",Colombo,Wellampitiya,8866.03236607143,Small,1.0,4
House for sale,37500000.0,4,2,1000.0,"Thalapathpitiya, Nugegoda",Colombo,Nugegoda,37500.0,Medium,2.0,6
House for sale,107881539.0,5,5,5166.9,"Moratuwa, Colombo",Colombo,Moratuwa,20879.354932357895,Very Large,1.0,10
House for sale,44975483.0,3,3,4307.81,"Malabe, Colombo",Colombo,Malabe,10440.45187693979,Very Large,1.0,6
House for sale,35658911.0,4,3,4369.79,"Awissawella, Colombo",Colombo,Awissawella,8160.326011089778,Very Large,1.3333333333333333,7
House for sale,35184482.0,3,4,2457.01,"Homagama, Colombo",Colombo,Homagama,14320.04021147655,Large,0.75,7
House for sale,292068323.0,5,5,6507.51,"Colombo 7, Colombo",Colombo,Colombo 7,44881.73249061469,Very Large,1.0,10
House for sale,67258119.0,4,4,3182.66,"Dehiwala, Colombo",Colombo,Dehiwala,21132.674869448827,Large,1.0,8
House for sale,73862126.0,3,4,2746.35,"Rathmalana, Colombo",Colombo,Rathmalana,26894.65144646531,Large,0.75,7
House for sale,17567940.0,2,1,1130.4,"Mount Lavinia, Colombo",Colombo,Mount Lavinia,15541.348195329087,Medium,2.0,3
House for sale,357812242.0,6,5,7972.33,"Kohuwala, Colombo",Colombo,Kohuwala,44881.76505488358,Very Large,1.2,11
House for sale,92282465.0,4,3,4384.34,"Colombo 6, Colombo",Colombo,Colombo 6,21048.199957120112,Very Large,1.3333333333333333,7
House for sale,31219237.0,1,1,2303.4,"Boralesgamuwa, Colombo",Colombo,Boralesgamuwa,13553.545628201788,Large,1.0,2
House for sale,113760416.0,3,3,4059.71,"Dehiwala, Colombo",Colombo,Dehiwala,28021.808454298458,Very Large,1.0,6
House for sale,102835107.0,5,3,4142.75,"Nugegoda, Colombo",Colombo,Nugegoda,24822.909178685655,Very Large,1.6666666666666667,8
House for sale,22581195.0,2,2,1627.74,"Kesbewa, Colombo",Colombo,Kesbewa,13872.728445574847,Medium,1.0,4
House for sale,133650963.0,6,4,5182.49,"Nugegoda, Colombo",Colombo,Nugegoda,25788.947590829892,Very Large,1.5,10
House for sale,261010123.0,10,8,9019.7,"Battaramulla, Colombo",Colombo,Battaramulla,28937.783185693534,Very Large,1.25,18
House for sale,35683467.0,3,3,1671.23,"Homagama, Colombo",Colombo,Homagama,21351.61946590236,Medium,1.0,6
House for sale,38512086.0,5,3,2214.7,"Awissawella, Colombo",Colombo,Awissawella,17389.301485528515,Large,1.6666666666666667,8
House for sale,51064757.0,4,4,1704.36,"Homagama, Colombo",Colombo,Homagama,29961.250557393978,Medium,1.0,8
House for sale,48777241.0,3,3,2364.81,"Battaramulla, Colombo",Colombo,Battaramulla,20626.28329548674,Large,1.0,6
House for sale,321268496.0,6,5,7158.11,"Colombo 7, Colombo",Colombo,Colombo 7,44881.748953285154,Very Large,1.2,11
House for sale,33430126.0,4,3,1153.63,"Boralesgamuwa, Colombo",Colombo,Boralesgamuwa,28978.204450300353,Medium,1.3333333333333333,7
House for sale,42000000.0,4,3,3750.0,"Makadana, Kesbewa",Colombo,Kesbewa,11200.0,Very Large,1.3333333333333333,7
House for sale,169672876.0,6,5,4795.86,"Moratuwa, Colombo",Colombo,Moratuwa,35379.030246921306,Very Large,1.2,11
House for sale,47522598.0,4,5,3536.62,"Kothalawala, Colombo",Colombo,Kothalawala,13437.29266927179,Very Large,0.8,9
Villa for sale,41084934.0,4,3,1687.07,"Homagama, Colombo",Colombo,Homagama,24352.833018191304,Medium,1.3333333333333333,7
House for sale,19119055.0,3,2,2342.93,"Padukka, Colombo",Colombo,Padukka,8160.318490095736,Large,1.5,5
House for sale,64993531.0,5,5,3257.78,"Thalawathugoda, Colombo",Colombo,Thalawathugoda,19950.251705148905,Large,1.0,10
House for sale,114167874.0,4,4,4747.48,"Maharagama, Colombo",Colombo,Maharagama,24048.10004465527,Very Large,1.0,8
House for sale,59015389.0,4,2,3387.04,"Kolonnawa, Colombo",Colombo,Kolonnawa,17423.88309556427,Large,2.0,6
House for sale,27366719.0,4,3,1522.94,"Colombo 8, Colombo",Colombo,Colombo 8,17969.663282860784,Medium,1.3333333333333333,7
House for sale,26451891.0,3,2,1608.8,"Athurugiriya, Colombo",Colombo,Athurugiriya,16442.000870213826,Medium,1.5,5
House for sale,39073336.0,4,3,3441.24,"Malabe, Colombo",Colombo,Malabe,11354.43502923365,Large,1.3333333333333333,7
House for sale,66247529.0,4,4,3406.73,"Kottawa, Colombo",Colombo,Kottawa,19446.075562196005,Large,1.0,8
House for sale,37032329.0,2,3,1933.53,"Awissawella, Colombo",Colombo,Awissawella,19152.704638666066,Medium,0.6666666666666666,5
House for sale,63988404.0,3,3,2952.78,"Kottawa, Colombo",Colombo,Kottawa,21670.562656208724,Large,1.0,6
House for sale,226237676.0,4,4,5040.75,"Colombo 7, Colombo",Colombo,Colombo 7,44881.74894608937,Very Large,1.0,8
House for sale,136098190.0,7,6,3879.94,"Rathmalana, Colombo",Colombo,Rathmalana,35077.39552673495,Very Large,1.1666666666666667,13
House for sale,81321481.0,6,5,3693.7,"Mount Lavinia, Colombo",Colombo,Mount Lavinia,22016.265803936432,Very Large,1.2,11
House for sale,78592576.0,8,6,4891.02,"Boralesgamuwa, Colombo",Colombo,Boralesgamuwa,16068.749667758462,Very Large,1.3333333333333333,14
House for sale,129498686.0,9,6,3425.91,"Rathmalana, Colombo",Colombo,Rathmalana,37799.792172006855,Large,1.5,15
House for sale,10559377.0,4,2,1293.99,"Moratuwa, Colombo",Colombo,Moratuwa,8160.323495544788,Medium,2.0,6
House for sale,115409452.0,5,3,4495.6,"Dehiwala, Colombo",Colombo,Dehiwala,25671.646053919387,Very Large,1.6666666666666667,8
House for sale,79525028.0,3,4,1771.88,"Bambalapitiya , Colombo",Colombo,Bambalapitiya ,44881.72336727092,Medium,0.75,7
House for sale,146753902.0,5,5,4555.83,"Nawala, Colombo",Colombo,Nawala,32212.33057423126,Very Large,1.0,10
House for sale,68659990.0,4,4,3240.41,"Thalawathugoda, Colombo",Colombo,Thalawathugoda,21188.673655494214,Large,1.0,8
House for sale,121620328.0,4,4,2886.1,"Kohuwala, Colombo",Colombo,Kohuwala,42140.02564013721,Large,1.0,8
House for sale,40256200.0,4,5,4177.24,"Maharagama, Colombo",Colombo,Maharagama,9637.033064894524,Very Large,0.8,9
House for sale,159353864.0,5,4,5076.54,"Pitakotte, Colombo",Colombo,Pitakotte,31390.25084013915,Very Large,1.25,9
House for sale,56327383.0,4,3,2476.24,"Dehiwala, Colombo",Colombo,Dehiwala,22747.142037928475,Large,1.3333333333333333,7
Villa for sale,53951260.0,4,3,2017.37,"Homagama, Colombo",Colombo,Homagama,26743.363884661714,Large,1.3333333333333333,7
House for sale,133821863.0,5,5,3965.34,"Bambalapitiya , Colombo",Colombo,Bambalapitiya ,33747.891227486165,Very Large,1.0,10
House for sale,34322382.0,5,4,4206.01,"Awissawella, Colombo",Colombo,Awissawella,8160.318686831462,Very Large,1.25,9
House for sale,182846997.0,6,3,4073.97,"Nugegoda, Colombo",Colombo,Nugegoda,44881.7730616573,Very Large,2.0,9
House for sale,24460662.0,4,3,2997.51,"Kaduwela, Colombo",Colombo,Kaduwela,8160.327071469319,Large,1.3333333333333333,7
Villa for sale,33936059.0,4,4,1941.59,"Kottawa, Colombo",Colombo,Kottawa,17478.48876436323,Medium,1.0,8
House for sale,78275440.0,6,4,3951.82,"Pitakotte, Colombo",Colombo,Pitakotte,19807.440622295548,Very Large,1.5,10
House for sale,84503120.0,4,3,4218.92,"Dehiwala, Colombo",Colombo,Dehiwala,20029.562068017407,Very Large,1.3333333333333333,7
House for sale,164182665.0,8,6,3733.91,"Rathmalana, Colombo",Colombo,Rathmalana,43970.70764962198,Very Large,1.3333333333333333,14
House for sale,28100387.0,4,3,1554.62,"Padukka, Colombo",Colombo,Padukka,18075.40556534716,Medium,1.3333333333333333,7
House for sale,114801035.0,4,3,4147.08,"Nugegoda, Colombo",Colombo,Nugegoda,27682.37772119178,Very Large,1.3333333333333333,7
House for sale,161865008.0,5,4,3606.48,"Mount Lavinia, Colombo",Colombo,Mount Lavinia,44881.71513497926,Very Large,1.25,9
House for sale,404819885.0,9,9,9019.7,"Pamankada, Colombo",Colombo,Pamankada,44881.74606694235,Very Large,1.0,18
House for sale,56229241.0,5,4,4139.82,"Kothalawala, Colombo",Colombo,Kothalawala,13582.532815436422,Very Large,1.25,9
House for sale,129732293.0,5,4,6064.98,"Nugegoda, Colombo",Colombo,Nugegoda,21390.390899887552,Very Large,1.25,9
House for sale,36231275.0,5,5,992.84,"Colombo 9, Colombo",Colombo,Colombo 9,36492.561742073245,Small,1.0,10
House for sale,86691868.0,7,6,5362.78,"Battaramulla, Colombo",Colombo,Battaramulla,16165.471639709256,Very Large,1.1666666666666667,13
House for sale,41691128.0,6,4,2133.94,"Wellampitiya, Colombo",Colombo,Wellampitiya,19537.160370019774,Large,1.5,10
House for sale,102063362.0,5,5,4816.97,"Nugegoda, Colombo",Colombo,Nugegoda,21188.29097959921,Very Large,1.0,10
House for sale,63387153.0,6,4,3941.26,"Pitakotte, Colombo",Colombo,Pitakotte,16082.966614737417,Very Large,1.5,10
House for sale,76839873.0,5,3,3394.06,"Rathmalana, Colombo",Colombo,Rathmalana,22639.51521187015,Large,1.6666666666666667,8
House for sale,72532310.0,4,3,2682.05,"Dehiwala, Colombo",Colombo,Dehiwala,27043.608433847243,Large,1.3333333333333333,7
House for sale,25120755.0,3,3,1275.68,"Makumbura, Colombo",Colombo,Makumbura,19692.050514235543,Medium,1.0,6
House for sale,197784667.0,6,5,5263.18,"Colombo 7, Colombo",Colombo,Colombo 7,37578.92889849863,Very Large,1.2,11
House for sale,134341363.0,4,4,2993.23,"Kohuwala, Colombo",Colombo,Kohuwala,44881.73745418828,Large,1.0,8
House for sale,19402433.0,5,3,2377.66,"Colombo 8, Colombo",Colombo,Colombo 8,8160.305931041445,Large,1.6666666666666667,8
House for sale,71437645.0,3,4,4083.46,"Rathmalana, Colombo",Colombo,Rathmalana,17494.390786245,Very Large,0.75,7
House for sale,63392072.0,8,6,4051.52,"Mount Lavinia, Colombo",Colombo,Mount Lavinia,15646.49119342864,Very Large,1.3333333333333333,14
House for sale,40242963.0,3,3,1720.84,"Homagama, Colombo",Colombo,Homagama,23385.650612491576,Medium,1.0,6
House for sale,52151958.0,3,2,2502.76,"Rathmalana, Colombo",Colombo,Rathmalana,20837.778292764786,Large,1.5,5
House for sale,162612974.0,4,4,3623.14,"Nawala, Colombo",Colombo,Nawala,44881.780444586744,Very Large,1.0,8
House for sale,24200651.0,3,3,2200.7,"Polgasovita, Colombo",Colombo,Polgasovita,10996.796928250104,Large,1.0,6
House for sale,14317726.0,1,2,1244.71,"Kothalawala, Colombo",Colombo,Kothalawala,11502.860907359947,Medium,0.5,3
House for sale,26500000.0,3,2,2210.0,"Jaliyagama Road, Polgasovita",Colombo,Polgasovita,11990.950226244344,Large,1.5,5
House for sale,70331016.0,3,4,2570.9,"Dehiwala, Colombo",Colombo,Dehiwala,27356.57396242561,Large,0.75,7
House for sale,143224365.0,4,4,4149.86,"Mount Lavinia, Colombo",Colombo,Mount Lavinia,34513.05947670524,Very Large,1.0,8
House for sale,29664105.0,6,4,3635.17,"Mount Lavinia, Colombo",Colombo,Mount Lavinia,8160.307495935541,Very Large,1.5,10
House for sale,33372308.0,4,3,1593.52,"Malabe, Colombo",Colombo,Malabe,20942.509664139765,Medium,1.3333333333333333,7
House for sale,51593103.0,4,4,2142.35,"Colombo 9, Colombo",Colombo,Colombo 9,24082.480920484515,Large,1.0,8
House for sale,28654316.0,1,1,2590.91,"Nawala, Colombo",Colombo,Nawala,11059.556680857306,Large,1.0,2
House for sale,113427876.0,4,5,2527.26,"Colombo 6, Colombo",Colombo,Colombo 6,44881.75969231499,Large,0.8,9
Villa for sale,106468691.0,5,5,5346.71,"Moratuwa, Colombo",Colombo,Moratuwa,19912.93543132132,Very Large,1.0,10
House for sale,324921651.0,7,5,9019.7,"Nugegoda, Colombo",Colombo,Nugegoda,36023.554109338445,Very Large,1.4,12
House for sale,48332541.0,5,5,3689.91,"Thalawathugoda, Colombo",Colombo,Thalawathugoda,13098.569070790345,Very Large,1.0,10
House for sale,18515691.0,2,2,1134.83,"Homagama, Colombo",Colombo,Homagama,16315.827921362672,Medium,1.0,4
House for sale,16963932.0,3,3,1297.42,"Homagama, Colombo",Colombo,Homagama,13075.127560851535,Medium,1.0,6
House for sale,108445575.0,4,3,4279.92,"Dehiwala, Colombo",Colombo,Dehiwala,25338.224779902426,Very Large,1.3333333333333333,7
House for sale,47044593.0,4,3,1680.19,"Homagama, Colombo",Colombo,Homagama,27999.567310839844,Medium,1.3333333333333333,7
House for sale,114431078.0,5,3,5577.57,"Dematagoda, Colombo",Colombo,Dematagoda,20516.296164817297,Very Large,1.6666666666666667,8
House for sale,83003226.0,4,3,5104.32,"Pamankada, Colombo",Colombo,Pamankada,16261.368017679144,Very Large,1.3333333333333333,7
House for sale,42080118.0,4,3,2807.79,"Maharagama, Colombo",Colombo,Maharagama,14986.91782505102,Large,1.3333333333333333,7
House for sale,21768472.0,5,3,2308.7,"Colombo 8, Colombo",Colombo,Colombo 8,9428.887252566381,Large,1.6666666666666667,8
House for sale,219409942.0,5,4,4888.62,"Colombo 7, Colombo",Colombo,Colombo 7,44881.774815796685,Very Large,1.25,9
House for sale,73019240.0,5,3,3037.78,"Kirulapona, Colombo",Colombo,Kirulapona,24037.040206993264,Large,1.6666666666666667,8
House for sale,13942776.0,4,3,896.0,"Piliyandala, Colombo",Colombo,Piliyandala,15561.13392857143,Small,1.3333333333333333,7
House for sale,89000000.0,5,4,2460.0,"Dehiwala, Colombo",Colombo,Dehiwala,36178.86178861788,Large,1.25,9
House for sale,277541337.0,10,8,9019.7,"Battaramulla, Colombo",Colombo,Battaramulla,30770.5729680588,Very Large,1.25,18
House for sale,26325875.0,3,3,1485.47,"Kesbewa, Colombo",Colombo,Kesbewa,17722.25288965782,Medium,1.0,6
House for sale,125768071.0,5,5,3103.81,"Pamankada, Colombo",Colombo,Pamankada,40520.54442765504,Large,1.0,10
House for sale,171514922.0,3,3,3821.49,"Boralesgamuwa, Colombo",Colombo,Boralesgamuwa,44881.68803267836,Very Large,1.0,6
House for sale,125501671.0,6,6,2796.27,"Nawala, Colombo",Colombo,Nawala,44881.81434553888,Large,1.0,12
House for sale,70840024.0,3,2,2154.97,"Dehiwala, Colombo",Colombo,Dehiwala,32872.85855487548,Large,1.5,5
House for sale,131451920.0,5,5,3214.43,"Nawala, Colombo",Colombo,Nawala,40894.31718842843,Large,1.0,10
Villa for sale,214217412.0,5,5,4772.93,"Pamankada, Colombo",Colombo,Pamankada,44881.741823156844,Very Large,1.0,10
House for sale,37190399.0,4,3,2839.99,"Kaduwela, Colombo",Colombo,Kaduwela,13095.257025552908,Large,1.3333333333333333,7
House for sale,121116056.0,9,6,4741.1,"Kothalawala, Colombo",Colombo,Kothalawala,25545.982156039736,Very Large,1.5,15
House for sale,37564370.0,4,4,3083.41,"Maharagama, Colombo",Colombo,Maharagama,12182.735996834674,Large,1.0,8
House for sale,42880486.0,3,3,2098.22,"Moratuwa, Colombo",Colombo,Moratuwa,20436.60150031932,Large,1.0,6
House for sale,107580049.0,4,2,4473.01,"Kottawa, Colombo",Colombo,Kottawa,24050.929687168147,Very Large,2.0,6
House for sale,404819885.0,9,9,9019.7,"Dematagoda, Colombo",Colombo,Dematagoda,44881.74606694235,Very Large,1.0,18
House for sale,33893130.0,6,4,4091.25,"Makadana, Colombo",Colombo,Makadana,8284.296975252062,Very Large,1.5,10
House for sale,12577442.0,4,4,913.01,"Wellampitiya, Colombo",Colombo,Wellampitiya,13775.79873166778,Small,1.0,8
House for sale,122806152.0,5,4,4098.33,"Pitakotte, Colombo",Colombo,Pitakotte,29964.925225640687,Very Large,1.25,9
House for sale,56044290.0,4,4,4089.07,"Thalawathugoda, Colombo",Colombo,Thalawathugoda,13705.876886431388,Very Large,1.0,8
House for sale,98305340.0,4,4,4278.2,"Nugegoda, Colombo",Colombo,Nugegoda,22978.20111261746,Very Large,1.0,8
House for sale,35062417.0,3,3,1974.95,"Wellampitiya, Colombo",Colombo,Wellampitiya,17753.571989164284,Medium,1.0,6
House for sale,122437314.0,5,4,5062.44,"Nugegoda, Colombo",Colombo,Nugegoda,24185.435086638066,Very Large,1.25,9
House for sale,32249067.0,5,3,2529.9,"Piliyandala, Colombo",Colombo,Piliyandala,12747.170639155698,Large,1.6666666666666667,8
House for sale,61457028.0,4,4,3847.87,"Kothalawala, Colombo",Colombo,Kothalawala,15971.700707144473,Very Large,1.0,8
House for sale,59081744.0,3,2,1946.79,"Dehiwala, Colombo",Colombo,Dehiwala,30348.28820776766,Medium,1.5,5
House for sale,22500000.0,3,2,1275.0,"Kottawa, Makumbura",Colombo,Makumbura,17647.058823529413,Medium,1.5,5
House for sale,195976477.0,3,4,4366.51,"Nugegoda, Colombo",Colombo,Nugegoda,44881.71949680637,Very Large,0.75,7
House for sale,58270173.0,2,3,1298.3,"Nawala, Colombo",Colombo,Nawala,44881.901717630746,Medium,0.6666666666666666,5
House for sale,31327448.0,3,3,3024.12,"Piliyandala, Colombo",Colombo,Piliyandala,10359.194740949433,Large,1.0,6
House for sale,404819885.0,7,5,9019.7,"Dematagoda, Colombo",Colombo,Dematagoda,44881.74606694235,Very Large,1.4,12
House for sale,55074117.0,5,5,2982.48,"Thalawathugoda, Colombo",Colombo,Thalawathugoda,18465.87973766798,Large,1.0,10
House for sale,26294655.0,3,3,1471.59,"Thalawathugoda, Colombo",Colombo,Thalawathugoda,17868.193586528858,Medium,1.0,6
House for sale,403820970.0,7,5,8997.44,"Colombo 7, Colombo",Colombo,Colombo 7,44881.76303481879,Very Large,1.4,12
House for sale,37254972.0,5,5,3408.46,"Pitakotte, Colombo",Colombo,Pitakotte,10930.147926042846,Large,1.0,10
House for sale,301562007.0,7,6,8013.19,"Nugegoda, Colombo",Colombo,Nugegoda,37633.203131337206,Very Large,1.1666666666666667,13
House for sale,22849452.0,4,2,2229.56,"Piliyandala, Colombo",Colombo,Piliyandala,10248.413139812339,Large,2.0,6
House for sale,118147161.0,3,3,3386.87,"Kohuwala, Colombo",Colombo,Kohuwala,34883.878330139625,Large,1.0,6
House for sale,40384717.0,4,4,4948.91,"Awissawella, Colombo",Colombo,Awissawella,8160.325607052867,Very Large,1.0,8
House for sale,328192825.0,10,8,8382.63,"Battaramulla, Colombo",Colombo,Battaramulla,39151.53418437889,Very Large,1.25,18
House for sale,81796326.0,5,4,1822.49,"Nawala, Colombo",Colombo,Nawala,44881.63227233071,Medium,1.25,9
House for sale,83700298.0,4,4,1908.72,"Dehiwala, Colombo",Colombo,Dehiwala,43851.53296449977,Medium,1.0,8
House for sale,30211367.0,3,2,2703.37,"Boralesgamuwa, Colombo",Colombo,Boralesgamuwa,11175.446572241313,Large,1.5,5
House for sale,24112321.0,5,4,2659.19,"Kaduwela, Colombo",Colombo,Kaduwela,9067.543500088372,Large,1.25,9
House for sale,30782681.0,4,2,1491.48,"Athurugiriya, Colombo",Colombo,Athurugiriya,20639.016949607103,Medium,2.0,6
House for sale,63233962.0,4,5,3566.95,"Kirulapona, Colombo",Colombo,Kirulapona,17727.73994589215,Very Large,0.8,9
House for sale,11359773.0,3,3,1089.67,"Wellampitiya, Colombo",Colombo,Wellampitiya,10424.966274193104,Medium,1.0,6
House for sale,83435317.0,5,5,5365.1,"Moratuwa, Colombo",Colombo,Moratuwa,15551.49335520307,Very Large,1.0,10
House for sale,30223928.0,4,4,2638.25,"Homagama, Colombo",Colombo,Homagama,11456.051549322468,Large,1.0,8
House for sale,156009742.0,8,6,3859.2,"Rathmalana, Colombo",Colombo,Rathmalana,40425.409929519075,Very Large,1.3333333333333333,14
House for sale,65322696.0,4,5,2814.77,"Rathmalana, Colombo",Colombo,Rathmalana,23207.116744885017,Large,0.8,9
House for sale,76328939.0,5,5,3032.96,"Pitakotte, Colombo",Colombo,Pitakotte,25166.48389691918,Large,1.0,10
House for sale,50102048.0,3,3,2611.17,"Kaduwela, Colombo",Colombo,Kaduwela,19187.585641685528,Large,1.0,6
House for sale,55605597.0,4,3,1671.74,"Morakatiya, Colombo",Colombo,Morakatiya,33262.108342206324,Medium,1.3333333333333333,7
House for sale,33753787.0,6,4,4136.33,"Maharagama, Colombo",Colombo,Maharagama,8160.322556469141,Very Large,1.5,10
House for sale,46935550.0,3,2,3278.48,"Thalawathugoda, Colombo",Colombo,Thalawathugoda,14316.253263707571,Large,1.5,5
House for sale,27634168.0,3,3,2287.92,"Kottawa, Colombo",Colombo,Kottawa,12078.29294730585,Large,1.0,6
House for sale,75000000.0,4,2,3000.0,"Kirulapona Avenue, Colombo 6",Colombo,Kirulapona,25000.0,Large,2.0,6
House for sale,189712057.0,3,4,4226.93,"Nawala, Colombo",Colombo,Nawala,44881.75981149439,Very Large,0.75,7
House for sale,34942733.0,6,4,4282.03,"Mount Lavinia, Colombo",Colombo,Mount Lavinia,8160.31952134852,Very Large,1.5,10
House for sale,63697074.0,5,4,3499.87,"Thalawathugoda, Colombo",Colombo,Thalawathugoda,18199.83999405692,Large,1.25,9
House for sale,40869602.0,4,4,3580.52,"Kesbewa, Colombo",Colombo,Kesbewa,11414.431981946756,Very Large,1.0,8
House for sale,19507637.0,5,3,2390.55,"Pannipitiya, Colombo",Colombo,Pannipitiya,8160.313317019096,Large,1.6666666666666667,8
House for sale,76723712.0,6,5,4292.31,"Kottawa, Colombo",Colombo,Kottawa,17874.690318266854,Very Large,1.2,11
House for sale,29754454.0,4,3,2686.6,"Awissawella, Colombo",Colombo,Awissawella,11075.13362614457,Large,1.3333333333333333,7
House for sale,110205382.0,7,6,3565.25,"Rathmalana, Colombo",Colombo,Rathmalana,30910.982960521702,Very Large,1.1666666666666667,13
House for sale,192256337.0,3,4,4283.62,"Nugegoda, Colombo",Colombo,Nugegoda,44881.7441789888,Very Large,0.75,7
House for sale,10705135.0,3,2,1311.85,"Padukka, Colombo",Colombo,Padukka,8160.334641917902,Medium,1.5,5
House for sale,224239617.0,5,5,5008.91,"Colombo 7, Colombo",Colombo,Colombo 7,44768.146562825044,Very Large,1.0,10
House for sale,142567526.0,5,5,5022.96,"Moratuwa, Colombo",Colombo,Moratuwa,28383.169684807366,Very Large,1.0,10
House for sale,116438082.0,4,4,4768.62,"Maharagama, Colombo",Colombo,Maharagama,24417.563571850977,Very Large,1.0,8
House for sale,85710495.0,4,4,3769.03,"Pitakotte, Colombo",Colombo,Pitakotte,22740.73037359745,Very Large,1.0,8
House for sale,61230852.0,4,4,3783.38,"Dehiwala, Colombo",Colombo,Dehiwala,16184.166538914938,Very Large,1.0,8
House for sale,10733830.0,2,1,1315.37,"Padukka, Colombo",Colombo,Padukka,8160.312307563652,Medium,2.0,3
House for sale,80381526.0,5,4,3916.16,"Nugegoda, Colombo",Colombo,Nugegoda,20525.59803480961,Very Large,1.25,9
House for sale,39674424.0,4,3,896.0,"Nugegoda, Colombo",Colombo,Nugegoda,44279.49107142857,Small,1.3333333333333333,7
House for sale,283364999.0,9,8,9019.7,"Battaramulla, Colombo",Colombo,Battaramulla,31416.233245008145,Very Large,1.125,17
House for sale,81000574.0,5,5,3747.83,"Rathmalana, Colombo",Colombo,Rathmalana,21612.659592350774,Very Large,1.0,10
House for sale,71985704.0,3,4,1603.9,"Bambalapitiya , Colombo",Colombo,Bambalapitiya ,44881.66593927302,Medium,0.75,7
House for sale,400000000.0,5,5,8000.0,"Kohuwala, Colombo",Colombo,Kohuwala,50000.0,Very Large,1.0,10
House for sale,163824776.0,4,4,3650.14,"Nugegoda, Colombo",Colombo,Nugegoda,44881.77878108785,Very Large,1.0,8
House for sale,247175070.0,7,6,8060.46,"Nugegoda, Colombo",Colombo,Nugegoda,30665.132014798164,Very Large,1.1666666666666667,13
House for sale,277520918.0,9,8,9019.7,"Battaramulla, Colombo",Colombo,Battaramulla,30768.30914553699,Very Large,1.125,17
House for sale,71306181.0,3,3,3079.02,"Rathmalana, Colombo",Colombo,Rathmalana,23158.726153126645,Large,1.0,6
House for sale,23324880.0,3,3,1623.53,"Kesbewa, Colombo",Colombo,Kesbewa,14366.768707692498,Medium,1.0,6
House for sale,14937626.0,2,2,896.0,"Kolonnawa, Colombo",Colombo,Kolonnawa,16671.457589285714,Small,1.0,4
House for sale,40803022.0,4,2,2205.15,"Kaduwela, Colombo",Colombo,Kaduwela,18503.51313969571,Large,2.0,6
House for sale,313518813.0,8,6,9019.7,"Nugegoda, Colombo",Colombo,Nugegoda,34759.33933501114,Very Large,1.3333333333333333,14
House for sale,85845218.0,7,6,6247.74,"Colombo 7, Colombo",Colombo,Colombo 7,13740.20333752685,Very Large,1.1666666666666667,13
House for sale,76977899.0,4,4,2909.14,"Pitakotte, Colombo",Colombo,Pitakotte,26460.706256831916,Large,1.0,8
House for sale,68212126.0,4,3,3366.89,"Rathmalana, Colombo",Colombo,Rathmalana,20259.683565545653,Large,1.3333333333333333,7
House for sale,41594557.0,4,4,4013.46,"Morakatiya, Colombo",Colombo,Morakatiya,10363.765180168732,Very Large,1.0,8
House for sale,52798701.0,4,4,3659.69,"Thalawathugoda, Colombo",Colombo,Thalawathugoda,14427.096557358684,Very Large,1.0,8
House for sale,181889459.0,4,4,4052.64,"Colombo 7, Colombo",Colombo,Colombo 7,44881.72129772198,Very Large,1.0,8
House for sale,23200413.0,3,3,1549.66,"Moratuwa, Colombo",Colombo,Moratuwa,14971.2924125292,Medium,1.0,6
House for sale,40698236.0,5,3,4860.08,"Malabe, Colombo",Colombo,Malabe,8373.984790373821,Very Large,1.6666666666666667,8
House for sale,154660961.0,4,3,4427.57,"Dehiwala, Colombo",Colombo,Dehiwala,34931.34179696764,Very Large,1.3333333333333333,7
House for sale,72646285.0,5,3,3119.64,"Dehiwala, Colombo",Colombo,Dehiwala,23286.75263812491,Large,1.6666666666666667,8
House for sale,33783642.0,6,4,4139.99,"Awissawella, Colombo",Colombo,Awissawella,8160.319710917177,Very Large,1.5,10
House for sale,42080593.0,4,3,3225.97,"Maharagama, Colombo",Colombo,Maharagama,13044.32248285012,Large,1.3333333333333333,7
House for sale,25327079.0,6,4,2437.61,"Colombo 8, Colombo",Colombo,Colombo 8,10390.127625009743,Large,1.5,10
House for sale,404819885.0,9,5,9019.7,"Colombo 7, Colombo",Colombo,Colombo 7,44881.74606694235,Very Large,1.8,14
House for sale,53702604.0,4,3,1828.65,"Wellampitiya, Colombo",Colombo,Wellampitiya,29367.349684193257,Medium,1.3333333333333333,7
Villa for sale,15346394.0,2,1,1066.57,"Mount Lavinia, Colombo",Colombo,Mount Lavinia,14388.548337193059,Medium,2.0,3
House for sale,107518202.0,4,2,4290.36,"Kottawa, Colombo",Colombo,Kottawa,25060.414976831784,Very Large,2.0,6
House for sale,38088001.0,5,3,3796.13,"Makadana, Colombo",Colombo,Makadana,10033.376359608337,Very Large,1.6666666666666667,8
House for sale,48204567.0,3,3,1771.46,"Colombo 9, Colombo",Colombo,Colombo 9,27211.772774999154,Medium,1.0,6
House for sale,72247672.0,8,6,5792.96,"Boralesgamuwa, Colombo",Colombo,Boralesgamuwa,12471.633154725736,Very Large,1.3333333333333333,14
House for sale,41895434.0,3,2,3538.43,"Thalawathugoda, Colombo",Colombo,Thalawathugoda,11840.119488021524,Very Large,1.5,5
House for sale,39239196.0,5,4,2219.66,"Maththegoda, Colombo",Colombo,Maththegoda,17678.020958164765,Large,1.25,9
House for sale,272378840.0,5,5,6068.81,"Dehiwala, Colombo",Colombo,Dehiwala,44881.75441313865,Very Large,1.0,10
House for sale,92242828.0,4,4,3827.26,"Nugegoda, Colombo",Colombo,Nugegoda,24101.53164404822,Very Large,1.0,8
House for sale,65297300.0,4,4,4045.67,"Thalawathugoda, Colombo",Colombo,Thalawathugoda,16140.046024515099,Very Large,1.0,8
House for sale,102089697.0,5,4,3739.76,"Pitakotte, Colombo",Colombo,Pitakotte,27298.462200782935,Very Large,1.25,9
House for sale,89571814.0,6,6,4384.33,"Boralesgamuwa, Colombo",Colombo,Boralesgamuwa,20429.989074727495,Very Large,1.0,12
House for sale,310274902.0,9,8,6913.16,"Boralesgamuwa, Colombo",Colombo,Boralesgamuwa,44881.776495842714,Very Large,1.125,17
House for sale,30945537.0,5,3,2248.36,"Wellampitiya, Colombo",Colombo,Wellampitiya,13763.604138127346,Large,1.6666666666666667,8
House for sale,46139232.0,4,3,2299.36,"Wellampitiya, Colombo",Colombo,Wellampitiya,20066.119267970218,Large,1.3333333333333333,7
House for sale,51810383.0,4,4,3458.12,"Thalawathugoda, Colombo",Colombo,Thalawathugoda,14982.239771899183,Large,1.0,8
House for sale,63430122.0,4,3,2926.27,"Pitakotte, Colombo",Colombo,Pitakotte,21676.10029149737,Large,1.3333333333333333,7
House for sale,37312784.0,3,2,1435.54,"Maharagama, Colombo",Colombo,Maharagama,25992.159048163063,Medium,1.5,5
House for sale,75000000.0,4,5,3500.0,"Ebart Lane, off Galle Road, Rathmalana",Colombo,Rathmalana,21428.571428571428,Very Large,0.8,9
House for sale,130017795.0,3,3,3787.51,"Moratuwa, Colombo",Colombo,Moratuwa,34328.04005798004,Very Large,1.0,6
House for sale,153726681.0,8,6,3527.34,"Rathmalana, Colombo",Colombo,Rathmalana,43581.475275987,Very Large,1.3333333333333333,14
House for sale,58320541.0,5,5,3539.65,"Thalawathugoda, Colombo",Colombo,Thalawathugoda,16476.358114502847,Very Large,1.0,10
House for sale,23032001.0,2,2,1042.39,"Kesbewa, Colombo",Colombo,Kesbewa,22095.377929565708,Medium,1.0,4
House for sale,31430991.0,3,3,1919.53,"Pannipitiya, Colombo",Colombo,Pannipitiya,16374.31610863076,Medium,1.0,6
House for sale,221341874.0,4,4,4931.67,"Bambalapitiya , Colombo",Colombo,Bambalapitiya ,44881.72850170429,Very Large,1.0,8
House for sale,8268706.0,3,1,896.0,"Wellampitiya, Colombo",Colombo,Wellampitiya,9228.466517857143,Small,3.0,4
House for sale,49100019.0,4,3,3814.56,"Kottawa, Colombo",Colombo,Kottawa,12871.73854913804,Very Large,1.3333333333333333,7
House for sale,35006418.0,3,2,1241.99,"Maharagama, Colombo",Colombo,Maharagama,28185.748677525582,Medium,1.5,5
House for sale,7777000.0,3,2,896.0,"Wellampitiya, Colombo",Colombo,Wellampitiya,8679.6875,Small,1.5,5
House for sale,24673034.0,6,4,2211.71,"Colombo 8, Colombo",Colombo,Colombo 8,11155.637041022557,Large,1.5,10
House for sale,96710855.0,4,4,2588.99,"Dehiwala, Colombo",Colombo,Dehiwala,37354.66533281319,Large,1.0,8
House for sale,329729041.0,6,5,7346.62,"Colombo 7, Colombo",Colombo,Colombo 7,44881.733504659285,Very Large,1.2,11
House for sale,13335596.0,3,3,1065.95,"Wellampitiya, Colombo",Colombo,Wellampitiya,12510.526760166988,Medium,1.0,6
House for sale,185097439.0,7,4,4124.11,"Colombo 7, Colombo",Colombo,Colombo 7,44881.79001045074,Very Large,1.75,11
House for sale,16697063.0,1,1,1154.39,"Mount Lavinia, Colombo",Colombo,Mount Lavinia,14463.970581865746,Medium,1.0,2
House for sale,33062030.0,3,3,1059.58,"Nawala, Colombo",Colombo,Nawala,31202.957775722458,Medium,1.0,6
House for sale,85481949.0,5,5,4836.14,"Moratuwa, Colombo",Colombo,Moratuwa,17675.65641193183,Very Large,1.0,10
House for sale,9697899.0,3,2,1188.42,"Padukka, Colombo",Colombo,Padukka,8160.329681425758,Medium,1.5,5
House for sale,343942417.0,9,8,8775.96,"Nawala, Colombo",Colombo,Nawala,39191.42942766376,Very Large,1.125,17
House for sale,197482062.0,3,4,4400.05,"Pamankada, Colombo",Colombo,Pamankada,44881.77679799093,Very Large,0.75,7
House for sale,16308814.0,3,2,1071.32,"Mount Lavinia, Colombo",Colombo,Mount Lavinia,15223.102341037225,Medium,1.5,5
House for sale,43138992.0,3,3,2059.6,"Maharagama, Colombo",Colombo,Maharagama,20945.32530588464,Large,1.0,6
House for sale,30248169.0,3,2,2755.05,"Boralesgamuwa, Colombo",Colombo,Boralesgamuwa,10979.172428812544,Large,1.5,5
House for sale,96183168.0,4,3,3549.57,"Kottawa, Colombo",Colombo,Kottawa,27097.132328704603,Very Large,1.3333333333333333,7
House for sale,22853967.0,1,3,1187.1,"Kolonnawa, Colombo",Colombo,Kolonnawa,19251.930755622947,Medium,0.3333333333333333,4
Villa for sale,85106011.0,4,4,2659.3,"Dehiwala, Colombo",Colombo,Dehiwala,32003.162862407396,Large,1.0,8
House for sale,27993528.0,4,3,2169.78,"Pitakotte, Colombo",Colombo,Pitakotte,12901.551309349334,Large,1.3333333333333333,7
House for sale,236322445.0,5,5,5312.57,"Colombo 7, Colombo",Colombo,Colombo 7,44483.63880381812,Very Large,1.0,10
Villa for sale,74344208.0,3,2,3270.62,"Kirulapona, Colombo",Colombo,Kirulapona,22730.9219658658,Large,1.5,5
House for sale,87339487.0,4,3,2737.45,"Battaramulla, Colombo",Colombo,Battaramulla,31905.418181153997,Large,1.3333333333333333,7
House for sale,404819885.0,8,5,9019.7,"Boralesgamuwa, Colombo",Colombo,Boralesgamuwa,44881.74606694235,Very Large,1.6,13
House for sale,62921604.0,1,1,1401.94,"Pamankada, Colombo",Colombo,Pamankada,44881.80949256031,Medium,1.0,2
House for sale,106350691.0,5,5,4828.45,"Moratuwa, Colombo",Colombo,Moratuwa,22025.844939887542,Very Large,1.0,10
House for sale,47846355.0,5,3,2475.81,"Rathmalana, Colombo",Colombo,Rathmalana,19325.535885225443,Large,1.6666666666666667,8
House for sale,62884793.0,5,3,2215.23,"Wellampitiya, Colombo",Colombo,Wellampitiya,28387.47804968333,Large,1.6666666666666667,8
House for sale,42292017.0,2,3,1746.52,"Moratuwa, Colombo",Colombo,Moratuwa,24215.02015436411,Medium,0.6666666666666666,5
House for sale,307400534.0,9,8,8944.48,"Battaramulla, Colombo",Colombo,Battaramulla,34367.62494857163,Very Large,1.125,17
House for sale,162058496.0,4,4,3610.79,"Nawala, Colombo",Colombo,Nawala,44881.72837523091,Very Large,1.0,8
House for sale,22486270.0,4,3,2755.56,"Padukka, Colombo",Colombo,Padukka,8160.326757537488,Large,1.3333333333333333,7
House for sale,52444435.0,4,3,3325.75,"Morakatiya, Colombo",Colombo,Morakatiya,15769.205442381417,Large,1.3333333333333333,7
House for sale,40375849.0,3,3,1817.11,"Kolonnawa, Colombo",Colombo,Kolonnawa,22219.815531255677,Medium,1.0,6
House for sale,55840635.0,4,4,3112.32,"Kothalawala, Colombo",Colombo,Kothalawala,17941.80386335595,Large,1.0,8
House for sale,14500000.0,3,2,1400.0,"Kahathuduwa, Kesbewa",Colombo,Kesbewa,10357.142857142857,Medium,1.5,5
House for sale,29377383.0,3,2,1538.25,"Boralesgamuwa, Colombo",Colombo,Boralesgamuwa,19097.92491467577,Medium,1.5,5
House for sale,75308851.0,5,4,2427.23,"Dehiwala, Colombo",Colombo,Dehiwala,31026.66455177301,Large,1.25,9
House for sale,65000000.0,3,3,3011.0,"Moratuwa, Colombo",Colombo,Moratuwa,21587.512454334108,Large,1.0,6
House for sale,63302593.0,3,4,3839.27,"Rathmalana, Colombo",Colombo,Rathmalana,16488.184733035185,Very Large,0.75,7
House for sale,46879065.0,3,3,1044.5,"Colombo 7, Colombo",Colombo,Colombo 7,44881.82383915749,Medium,1.0,6
House for sale,345510326.0,6,5,8267.16,"Colombo 7, Colombo",Colombo,Colombo 7,41793.10984667044,Very Large,1.2,11
House for sale,55711440.0,4,4,4152.46,"Thalawathugoda, Colombo",Colombo,Thalawathugoda,13416.490465892506,Very Large,1.0,8
House for sale,136381909.0,6,5,4274.54,"Nawala, Colombo",Colombo,Nawala,31905.63405653006,Very Large,1.2,11
House for sale,55884055.0,4,3,3370.36,"Kolonnawa, Colombo",Colombo,Kolonnawa,16581.034370215642,Large,1.3333333333333333,7
House for sale,67571053.0,1,1,1505.54,"Pamankada, Colombo",Colombo,Pamankada,44881.60593541188,Medium,1.0,2
House for sale,47312248.0,3,4,1054.15,"Nawala, Colombo",Colombo,Nawala,44881.893468671435,Medium,0.75,7
House for sale,82853004.0,4,4,4286.25,"Nugegoda, Colombo",Colombo,Nugegoda,19329.95135608049,Very Large,1.0,8
House for sale,20863326.0,4,3,1644.5,"Kesbewa, Colombo",Colombo,Kesbewa,12686.729096989966,Medium,1.3333333333333333,7
Villa for sale,98115012.0,4,4,2186.08,"Thalawathugoda, Colombo",Colombo,Thalawathugoda,44881.71155675913,Large,1.0,8
House for sale,35196708.0,5,4,2571.94,"Kottawa, Colombo",Colombo,Kottawa,13684.886894717605,Large,1.25,9
House for sale,39422646.0,4,3,2240.1,"Makadana, Colombo",Colombo,Makadana,17598.609883487345,Large,1.3333333333333333,7
House for sale,34786645.0,5,4,4262.9,"Pitakotte, Colombo",Colombo,Pitakotte,8160.323957869057,Very Large,1.25,9
House for sale,19611652.0,4,3,2403.3,"Padukka, Colombo",Colombo,Padukka,8160.301252444555,Large,1.3333333333333333,7
House for sale,59194274.0,3,2,3163.72,"Thalawathugoda, Colombo",Colombo,Thalawathugoda,18710.339094483712,Large,1.5,5
House for sale,59177522.0,4,3,3341.36,"Thalawathugoda, Colombo",Colombo,Thalawathugoda,17710.609452438526,Large,1.3333333333333333,7
Villa for sale,133316980.0,6,4,3790.37,"Mount Lavinia, Colombo",Colombo,Mount Lavinia,35172.55043702858,Very Large,1.5,10
House for sale,31155197.0,4,3,2523.61,"Piliyandala, Colombo",Colombo,Piliyandala,12345.488011222018,Large,1.3333333333333333,7
House for sale,25580974.0,2,2,1448.14,"Athurugiriya, Colombo",Colombo,Athurugiriya,17664.710594279557,Medium,1.0,4
House for sale,29476237.0,3,2,1768.89,"Thalawathugoda, Colombo",Colombo,Thalawathugoda,16663.691354465227,Medium,1.5,5
House for sale,192538471.0,5,4,4289.91,"Colombo 7, Colombo",Colombo,Colombo 7,44881.70404507321,Very Large,1.25,9
House for sale,39800000.0,4,3,1800.0,"Diyagama, Homagama",Colombo,Homagama,22111.11111111111,Medium,1.3333333333333333,7
House for sale,50195570.0,3,3,3295.59,"Kolonnawa, Colombo",Colombo,Kolonnawa,15231.133120321398,Large,1.0,6
House for sale,138045963.0,4,4,5332.63,"Dematagoda, Colombo",Colombo,Dematagoda,25887.03191483377,Very Large,1.0,8
House for sale,88109060.0,4,3,2842.84,"Battaramulla, Colombo",Colombo,Battaramulla,30993.32357783062,Large,1.3333333333333333,7
House for sale,216253300.0,7,4,4818.29,"Colombo 7, Colombo",Colombo,Colombo 7,44881.752654987555,Very Large,1.75,11
House for sale,33240718.0,4,3,1896.73,"Kottawa, Colombo",Colombo,Kottawa,17525.276660357562,Medium,1.3333333333333333,7
House for sale,41774948.0,4,3,2230.9,"Thalawathugoda, Colombo",Colombo,Thalawathugoda,18725.603119817115,Large,1.3333333333333333,7
House for sale,173147225.0,3,4,3857.85,"Nugegoda, Colombo",Colombo,Nugegoda,44881.79296758557,Very Large,0.75,7
House for sale,199872233.0,3,4,4453.31,"Colombo 7, Colombo",Colombo,Colombo 7,44881.72460484448,Very Large,0.75,7
House for sale,14098924.0,2,2,896.0,"Kolonnawa, Colombo",Colombo,Kolonnawa,15735.40625,Small,1.0,4
House for sale,55109638.0,5,5,3497.79,"Thalawathugoda, Colombo",Colombo,Thalawathugoda,15755.559367486327,Large,1.0,10
House for sale,28547316.0,3,3,2090.78,"Wellampitiya, Colombo",Colombo,Wellampitiya,13653.907154267785,Large,1.0,6
House for sale,137951276.0,5,4,3090.99,"Kohuwala, Colombo",Colombo,Kohuwala,44630.126917265996,Large,1.25,9
House for sale,91442467.0,4,5,3134.64,"Rathmalana, Colombo",Colombo,Rathmalana,29171.600885588137,Large,0.8,9
House for sale,44840050.0,4,3,2256.19,"Wellampitiya, Colombo",Colombo,Wellampitiya,19874.234882700483,Large,1.3333333333333333,7
House for sale,103483758.0,5,4,4496.54,"Nugegoda, Colombo",Colombo,Nugegoda,23014.085941635123,Very Large,1.25,9
Villa for sale,18526420.0,4,3,1462.32,"Kesbewa, Colombo",Colombo,Kesbewa,12669.196892609005,Medium,1.3333333333333333,7
House for sale,29778563.0,3,2,2542.97,"Pamankada, Colombo",Colombo,Pamankada,11710.151122506362,Large,1.5,5
House for sale,183417257.0,7,4,4086.68,"Colombo 7, Colombo",Colombo,Colombo 7,44881.727221118366,Very Large,1.75,11
House for sale,40783337.0,4,4,4293.74,"Malabe, Colombo",Colombo,Malabe,9498.324770479816,Very Large,1.0,8
House for sale,66425062.0,4,3,1743.48,"Colombo 9, Colombo",Colombo,Colombo 9,38099.12473902769,Medium,1.3333333333333333,7
House for sale,11333397.0,4,2,1359.01,"Pannipitiya, Colombo",Colombo,Pannipitiya,8339.450776668311,Medium,2.0,6
House for sale,206094401.0,4,4,4591.94,"Bambalapitiya , Colombo",Colombo,Bambalapitiya ,44881.77132105385,Very Large,1.0,8
House for sale,101722087.0,5,3,3697.48,"Kottawa, Colombo",Colombo,Kottawa,27511.19329922001,Very Large,1.6666666666666667,8
House for sale,28442759.0,2,2,1721.86,"Makumbura, Colombo",Colombo,Makumbura,16518.624626857003,Medium,1.0,4
House for sale,94721768.0,3,2,4529.84,"Colombo 6, Colombo",Colombo,Colombo 6,20910.621125690974,Very Large,1.5,5
House for sale,27018841.0,4,3,2643.5,"Piliyandala, Colombo",Colombo,Piliyandala,10220.859088329866,Large,1.3333333333333333,7
House for sale,14396356.0,3,2,1373.23,"Kesbewa, Colombo",Colombo,Kesbewa,10483.572307625089,Medium,1.5,5
House for sale,27178368.0,4,4,2364.16,"Kottawa, Colombo",Colombo,Kottawa,11495.993502977803,Large,1.0,8
House for sale,317780100.0,9,8,8897.65,"Battaramulla, Colombo",Colombo,Battaramulla,35715.05959438728,Very Large,1.125,17
House for sale,21199443.0,2,2,1337.73,"Makumbura, Colombo",Colombo,Makumbura,15847.3256935256,Medium,1.0,4
House for sale,50873404.0,5,3,4037.13,"Thalawathugoda, Colombo",Colombo,Thalawathugoda,12601.378702196856,Very Large,1.6666666666666667,8
House for sale,109320202.0,5,5,2885.37,"Nawala, Colombo",Colombo,Nawala,37887.75858901978,Large,1.0,10
House for sale,52478408.0,3,4,3512.06,"Thalawathugoda, Colombo",Colombo,Thalawathugoda,14942.34380961601,Very Large,0.75,7
House for sale,131406975.0,5,5,4910.3,"Nugegoda, Colombo",Colombo,Nugegoda,26761.4962425921,Very Large,1.0,10
House for sale,39360169.0,4,4,2103.56,"Colombo 6, Colombo",Colombo,Colombo 6,18711.217650078914,Large,1.0,8
House for sale,126342631.0,8,7,3959.54,"Rathmalana, Colombo",Colombo,Rathmalana,31908.411330609113,Very Large,1.1428571428571428,15
House for sale,139673668.0,8,7,3795.77,"Rathmalana, Colombo",Colombo,Rathmalana,36797.18950305208,Very Large,1.1428571428571428,15
House for sale,44079483.0,4,4,2273.98,"Battaramulla, Colombo",Colombo,Battaramulla,19384.28790050924,Large,1.0,8
House for sale,36897770.0,2,1,2626.53,"Boralesgamuwa, Colombo",Colombo,Boralesgamuwa,14048.105294818639,Large,2.0,3
House for sale,130054244.0,4,4,4241.42,"Moratuwa, Colombo",Colombo,Moratuwa,30662.90157541578,Very Large,1.0,8
House for sale,56404228.0,3,2,2291.34,"Malabe, Colombo",Colombo,Malabe,24616.262972758297,Large,1.5,5
House for sale,17214306.0,3,2,896.0,"Kolonnawa, Colombo",Colombo,Kolonnawa,19212.395089285714,Small,1.5,5
House for sale,58353210.0,4,4,2760.55,"Thalawathugoda, Colombo",Colombo,Thalawathugoda,21138.2550578689,Large,1.0,8
House for sale,86132100.0,5,3,3978.09,"Kottawa, Colombo",Colombo,Kottawa,21651.621758180434,Very Large,1.6666666666666667,8
House for sale,123269788.0,3,4,3833.3,"Thalawathugoda, Colombo",Colombo,Thalawathugoda,32157.615631440272,Very Large,0.75,7
House for sale,51077301.0,3,3,2056.15,"Moratuwa, Colombo",Colombo,Moratuwa,24841.232886705737,Large,1.0,6
House for sale,40170696.0,4,3,3717.38,"Morakatiya, Colombo",Colombo,Morakatiya,10806.185001264332,Very Large,1.3333333333333333,7
House for sale,100002032.0,5,4,3348.28,"Nugegoda, Colombo",Colombo,Nugegoda,29866.687373815806,Large,1.25,9
House for sale,43240022.0,2,3,1665.86,"Moratuwa, Colombo",Colombo,Moratuwa,25956.57618287251,Medium,0.6666666666666666,5
House for sale,10835716.0,3,2,1327.85,"Padukka, Colombo",Colombo,Padukka,8160.346424671462,Medium,1.5,5
House for sale,118724544.0,5,6,2645.27,"Colombo 6, Colombo",Colombo,Colombo 6,44881.82453965002,Large,0.8333333333333334,11
House for sale,45006620.0,3,3,2834.4,"Maharagama, Colombo",Colombo,Maharagama,15878.711543889358,Large,1.0,6
House for sale,104545233.0,4,4,4561.87,"Dehiwala, Colombo",Colombo,Dehiwala,22917.18812679888,Very Large,1.0,8
House for sale,29178499.0,6,4,3575.66,"Moratuwa, Colombo",Colombo,Moratuwa,8160.3113830733355,Very Large,1.5,10
House for sale,46816344.0,3,2,2609.21,"Rathmalana, Colombo",Colombo,Rathmalana,17942.72749222945,Large,1.5,5
House for sale,53105125.0,5,4,2995.99,"Morakatiya, Colombo",Colombo,Morakatiya,17725.40128638614,Large,1.25,9
House for sale,46362148.0,4,3,3002.52,"Thalawathugoda, Colombo",Colombo,Thalawathugoda,15441.078827118554,Large,1.3333333333333333,7
House for sale,25353125.0,2,3,2239.41,"Kolonnawa, Colombo",Colombo,Kolonnawa,11321.341335441031,Large,0.6666666666666666,5
House for sale,230060421.0,5,5,5258.38,"Colombo 7, Colombo",Colombo,Colombo 7,43751.19732693339,Very Large,1.0,10
House for sale,278908378.0,7,5,6214.29,"Colombo 7, Colombo",Colombo,Colombo 7,44881.77700107333,Very Large,1.4,12
House for sale,34087424.0,3,3,1856.27,"Moratuwa, Colombo",Colombo,Moratuwa,18363.39756608683,Medium,1.0,6
House for sale,28490424.0,3,3,2413.89,"Kaduwela, Colombo",Colombo,Kaduwela,11802.701862968073,Large,1.0,6
House for sale,60677424.0,5,3,3054.79,"Moratuwa, Colombo",Colombo,Moratuwa,19863.042631408378,Large,1.6666666666666667,8
House for sale,100184092.0,5,5,4629.03,"Moratuwa, Colombo",Colombo,Moratuwa,21642.56701728008,Very Large,1.0,10
House for sale,71088181.0,5,5,4294.42,"Pitakotte, Colombo",Colombo,Pitakotte,16553.616320713856,Very Large,1.0,10
House for sale,43914436.0,3,3,2096.84,"Wellampitiya, Colombo",Colombo,Wellampitiya,20943.150645733578,Large,1.0,6
House for sale,53828775.0,5,3,3141.81,"Awissawella, Colombo",Colombo,Awissawella,17133.045919390417,Large,1.6666666666666667,8
House for sale,27367202.0,6,4,2625.05,"Colombo 8, Colombo",Colombo,Colombo 8,10425.402182815566,Large,1.5,10
House for sale,35988896.0,3,3,2067.66,"Wellampitiya, Colombo",Colombo,Wellampitiya,17405.61601036921,Large,1.0,6
House for sale,26454595.0,3,2,1335.93,"Padukka, Colombo",Colombo,Padukka,19802.381112782856,Medium,1.5,5
House for sale,193047325.0,5,5,4301.24,"Colombo 7, Colombo",Colombo,Colombo 7,44881.78409016935,Very Large,1.0,10
House for sale,14394810.0,3,2,1358.67,"Kesbewa, Colombo",Colombo,Kesbewa,10594.780189449977,Medium,1.5,5
House for sale,404819885.0,9,5,9019.7,"Colombo 7, Colombo",Colombo,Colombo 7,44881.74606694235,Very Large,1.8,14
House for sale,35903258.0,4,3,2649.91,"Wellampitiya, Colombo",Colombo,Wellampitiya,13548.859395224745,Large,1.3333333333333333,7
House for sale,227120490.0,6,5,5060.42,"Colombo 7, Colombo",Colombo,Colombo 7,44881.74696961912,Very Large,1.2,11
House for sale,73729476.0,5,4,1642.75,"Bambalapitiya , Colombo",Colombo,Bambalapitiya ,44881.738548166184,Medium,1.25,9
House for sale,167157601.0,5,4,4313.17,"Mount Lavinia, Colombo",Colombo,Mount Lavinia,38755.16174878338,Very Large,1.25,9
House for sale,12362028.0,1,1,1274.94,"Moratuwa, Colombo",Colombo,Moratuwa,9696.16452538943,Medium,1.0,2
House for sale,12717201.0,3,2,1558.42,"Moratuwa, Colombo",Colombo,Moratuwa,8160.3168593832215,Medium,1.5,5
House for sale,19446294.0,2,2,1533.09,"Wellampitiya, Colombo",Colombo,Wellampitiya,12684.378607909517,Medium,1.0,4
House for sale,61057957.0,4,4,3058.47,"Thalawathugoda, Colombo",Colombo,Thalawathugoda,19963.562500204353,Large,1.0,8
House for sale,40393275.0,4,3,2107.03,"Moratuwa, Colombo",Colombo,Moratuwa,19170.716601092532,Large,1.3333333333333333,7
House for sale,19871229.0,3,3,1170.61,"Homagama, Colombo",Colombo,Homagama,16975.106141242602,Medium,1.0,6
House for sale,26806482.0,2,1,2407.67,"Boralesgamuwa, Colombo",Colombo,Boralesgamuwa,11133.78577628994,Large,2.0,3
House for sale,30516830.0,5,5,3739.66,"Mount Lavinia, Colombo",Colombo,Mount Lavinia,8160.322061363868,Very Large,1.0,10
House for sale,76255711.0,3,5,3925.31,"Rathmalana, Colombo",Colombo,Rathmalana,19426.672288303344,Very Large,0.6,8
House for sale,70845394.0,2,2,1578.49,"Pamankada, Colombo",Colombo,Pamankada,44881.7502803312,Medium,1.0,4
House for sale,10000000.0,2,1,1200.0,"Homagama, Padukka",Colombo,Padukka,8333.333333333334,Medium,2.0,3
House for sale,39624172.0,4,5,2618.14,"Kolonnawa, Colombo",Colombo,Kolonnawa,15134.474092294531,Large,0.8,9
House for sale,77779545.0,5,5,3417.37,"Rathmalana, Colombo",Colombo,Rathmalana,22760.059636504095,Large,1.0,10
House for sale,199228107.0,6,4,4438.96,"Colombo 7, Colombo",Colombo,Colombo 7,44881.70810279885,Very Large,1.5,10
House for sale,38458400.0,5,4,2280.89,"Wellampitiya, Colombo",Colombo,Wellampitiya,16861.13753841702,Large,1.25,9
House for sale,190097981.0,3,4,4235.53,"Nugegoda, Colombo",Colombo,Nugegoda,44881.74584998808,Very Large,0.75,7
House for sale,169935216.0,4,3,4179.49,"Rathmalana, Colombo",Colombo,Rathmalana,40659.31872070516,Very Large,1.3333333333333333,7
House for sale,16237817.0,1,2,896.0,"Makadana, Colombo",Colombo,Makadana,18122.563616071428,Small,0.5,3
House for sale,20930347.0,6,4,2564.89,"Colombo 8, Colombo",Colombo,Colombo 8,8160.329292874158,Large,1.5,10
House for sale,161551288.0,9,6,4209.32,"Rathmalana, Colombo",Colombo,Rathmalana,38379.42660572254,Very Large,1.5,15
House for sale,25245713.0,6,3,2436.88,"Colombo 8, Colombo",Colombo,Colombo 8,10359.850710744886,Large,2.0,9
Villa for sale,127274963.0,3,4,4299.39,"Moratuwa, Colombo",Colombo,Moratuwa,29603.028103986842,Very Large,0.75,7
Villa for sale,31691781.0,5,4,3883.65,"Mount Lavinia, Colombo",Colombo,Mount Lavinia,8160.308215209919,Very Large,1.25,9
House for sale,34190399.0,3,3,2028.96,"Kolonnawa, Colombo",Colombo,Kolonnawa,16851.19420787004,Large,1.0,6
House for sale,139547415.0,6,4,6107.91,"Nugegoda, Colombo",Colombo,Nugegoda,22846.99921904547,Very Large,1.5,10
House for sale,26560260.0,6,3,2471.37,"Colombo 8, Colombo",Colombo,Colombo 8,10747.180713531361,Large,2.0,9
House for sale,49702804.0,2,3,1107.42,"Nawala, Colombo",Colombo,Nawala,44881.62034277871,Medium,0.6666666666666666,5
House for sale,70700150.0,5,3,1895.95,"Maharagama, Colombo",Colombo,Maharagama,37290.09203829215,Medium,1.6666666666666667,8
House for sale,41321747.0,3,2,2054.7,"Morakatiya, Colombo",Colombo,Morakatiya,20110.84197206405,Large,1.5,5
House for sale,79168799.0,4,4,1763.94,"Bambalapitiya , Colombo",Colombo,Bambalapitiya ,44881.798133723365,Medium,1.0,8
House for sale,50936158.0,4,3,4152.56,"Kolonnawa, Colombo",Colombo,Kolonnawa,12266.206388348392,Very Large,1.3333333333333333,7
House for sale,91503720.0,3,4,2113.04,"Dehiwala, Colombo",Colombo,Dehiwala,43304.300912429484,Large,0.75,7
House for sale,372087566.0,7,5,8290.4,"Nugegoda, Colombo",Colombo,Nugegoda,44881.7386374602,Very Large,1.4,12
House for sale,44175431.0,4,3,3932.29,"Kesbewa, Colombo",Colombo,Kesbewa,11234.021651505866,Very Large,1.3333333333333333,7
House for sale,110260233.0,4,3,4889.37,"Mount Lavinia, Colombo",Colombo,Mount Lavinia,22551.010252854663,Very Large,1.3333333333333333,7
House for sale,284924824.0,6,5,6348.35,"Colombo 7, Colombo",Colombo,Colombo 7,44881.71320106799,Very Large,1.2,11
House for sale,34014484.0,6,4,4168.28,"Awissawella, Colombo",Colombo,Awissawella,8160.316485456831,Very Large,1.5,10
House for sale,83871044.0,4,4,1868.71,"Bambalapitiya , Colombo",Colombo,Bambalapitiya ,44881.7869011243,Medium,1.0,8
House for sale,39198356.0,2,3,1880.45,"Kolonnawa, Colombo",Colombo,Kolonnawa,20845.199819192214,Medium,0.6666666666666666,5
House for sale,55000000.0,4,4,3500.0,"Thalawathugoda, Colombo",Colombo,Thalawathugoda,15714.285714285714,Very Large,1.0,8
House for sale,309723233.0,7,5,8300.4,"Pamankada, Colombo",Colombo,Pamankada,37314.25389137873,Very Large,1.4,12
House for sale,15795589.0,1,1,1068.86,"Mount Lavinia, Colombo",Colombo,Mount Lavinia,14777.97747132459,Medium,1.0,2
House for sale,13828902.0,3,1,1694.65,"Moratuwa, Colombo",Colombo,Moratuwa,8160.329271530994,Medium,3.0,4
House for sale,55528340.0,5,5,3321.29,"Rathmalana, Colombo",Colombo,Rathmalana,16718.907412481294,Large,1.0,10
House for sale,58237138.0,3,3,3948.63,"Kaduwela, Colombo",Colombo,Kaduwela,14748.694610535806,Very Large,1.0,6
House for sale,36979975.0,4,4,2281.0,"Wellampitiya, Colombo",Colombo,Wellampitiya,16212.176676896099,Large,1.0,8
House for sale,243294111.0,7,4,5420.78,"Colombo 7, Colombo",Colombo,Colombo 7,44881.75336390704,Very Large,1.75,11
House for sale,68000000.0,4,3,3000.0,"Dehiwala, Colombo",Colombo,Dehiwala,22666.666666666668,Large,1.3333333333333333,7
House for sale,18312147.0,2,2,983.82,"Maththegoda, Colombo",Colombo,Maththegoda,18613.31036165152,Small,1.0,4
House for sale,126648472.0,3,3,2961.35,"Kohuwala, Colombo",Colombo,Kohuwala,42767.140662197984,Large,1.0,6
House for sale,30681559.0,2,2,1819.56,"Homagama, Colombo",Colombo,Homagama,16862.075996394735,Medium,1.0,4
House for sale,120612496.0,5,5,2687.34,"Colombo 6, Colombo",Colombo,Colombo 6,44881.74030826021,Large,1.0,10
House for sale,42489161.0,4,3,1860.12,"Moratuwa, Colombo",Colombo,Moratuwa,22842.16125841344,Medium,1.3333333333333333,7
House for sale,52696947.0,4,4,3957.32,"Thalawathugoda, Colombo",Colombo,Thalawathugoda,13316.321904723398,Very Large,1.0,8
House for sale,38240700.0,6,4,4366.24,"Awissawella, Colombo",Colombo,Awissawella,8758.26798343655,Very Large,1.5,10
House for sale,71382500.0,3,3,3259.24,"Thalawathugoda, Colombo",Colombo,Thalawathugoda,21901.578282053488,Large,1.0,6
House for sale,404819885.0,10,9,9019.7,"Dematagoda, Colombo",Colombo,Dematagoda,44881.74606694235,Very Large,1.1111111111111112,19
House for sale,13905786.0,4,2,1375.33,"Kesbewa, Colombo",Colombo,Kesbewa,10110.872299738972,Medium,2.0,6
House for sale,22275701.0,5,3,2622.35,"Colombo 8, Colombo",Colombo,Colombo 8,8494.556790664861,Large,1.6666666666666667,8
House for sale,37864342.0,3,2,1200.25,"Nugegoda, Colombo",Colombo,Nugegoda,31547.04603207665,Medium,1.5,5
House for sale,48339012.0,4,3,3196.98,"Kirulapona, Colombo",Colombo,Kirulapona,15120.210949083197,Large,1.3333333333333333,7
House for sale,130973129.0,6,4,5201.08,"Nugegoda, Colombo",Colombo,Nugegoda,25181.91010328624,Very Large,1.5,10
House for sale,66945654.0,4,4,2704.01,"Pitakotte, Colombo",Colombo,Pitakotte,24757.916575752308,Large,1.0,8
House for sale,351617459.0,7,5,8103.77,"Nugegoda, Colombo",Colombo,Nugegoda,43389.36803487759,Very Large,1.4,12
Villa for sale,346717949.0,10,8,9019.7,"Battaramulla, Colombo",Colombo,Battaramulla,38440.07550140248,Very Large,1.25,18
House for sale,12139200.0,3,3,1026.06,"Wellampitiya, Colombo",Colombo,Wellampitiya,11830.887082626748,Medium,1.0,6
House for sale,150232374.0,5,3,4436.93,"Dehiwala, Colombo",Colombo,Dehiwala,33859.532153989356,Very Large,1.6666666666666667,8
House for sale,261756345.0,5,5,5832.13,"Colombo 7, Colombo",Colombo,Colombo 7,44881.774754677965,Very Large,1.0,10
House for sale,312826922.0,10,8,8860.64,"Nugegoda, Colombo",Colombo,Nugegoda,35305.22874194189,Very Large,1.25,18
House for sale,76203471.0,4,3,3351.77,"Kottawa, Colombo",Colombo,Kottawa,22735.292397748057,Large,1.3333333333333333,7
House for sale,110000000.0,5,4,4200.0,"Wattegedara Road, Maharagama",Colombo,Maharagama,26190.47619047619,Very Large,1.25,9
Villa for sale,199727536.0,6,4,4450.08,"Colombo 7, Colombo",Colombo,Colombo 7,44881.785495991084,Very Large,1.5,10
House for sale,115337639.0,4,5,2867.62,"Nawala, Colombo",Colombo,Nawala,40220.68440030409,Large,0.8,9
House for sale,80118136.0,5,5,3338.1,"Mount Lavinia, Colombo",Colombo,Mount Lavinia,24001.119199544653,Large,1.0,10
House for sale,30435050.0,5,4,2281.26,"Kaduwela, Colombo",Colombo,Kaduwela,13341.333298264992,Large,1.25,9
House for sale,65320712.0,5,3,1729.46,"Maharagama, Colombo",Colombo,Maharagama,37769.42629491286,Medium,1.6666666666666667,8
House for sale,33352252.0,2,2,1495.44,"Boralesgamuwa, Colombo",Colombo,Boralesgamuwa,22302.634676081954,Medium,1.0,4
House for sale,75124610.0,8,6,5111.67,"Boralesgamuwa, Colombo",Colombo,Boralesgamuwa,14696.686210181799,Very Large,1.3333333333333333,14
House for sale,40706385.0,4,3,2334.67,"Wellampitiya, Colombo",Colombo,Wellampitiya,17435.605460300598,Large,1.3333333333333333,7
House for sale,497000000.0,6,3,4000.0,"Bouddhaloka Mawatha, Colombo 07",Colombo,Colombo 7,124250.0,Very Large,2.0,9
House for sale,82184775.0,4,3,2628.02,"Kirulapona, Colombo",Colombo,Kirulapona,31272.507439060584,Large,1.3333333333333333,7
House for sale,35843260.0,4,4,2587.59,"Maharagama, Colombo",Colombo,Maharagama,13851.985824647645,Large,1.0,8
House for sale,60926764.0,5,4,3397.83,"Moratuwa, Colombo",Colombo,Moratuwa,17931.08071916488,Large,1.25,9
House for sale,28081625.0,3,2,2486.92,"Polgasovita, Colombo",Colombo,Polgasovita,11291.728322583758,Large,1.5,5
House for sale,138462962.0,4,4,4964.5,"Moratuwa, Colombo",Colombo,Moratuwa,27890.615771981065,Very Large,1.0,8
House for sale,88412250.0,3,4,2367.31,"Moratuwa, Colombo",Colombo,Moratuwa,37347.1366234249,Large,0.75,7
House for sale,203252401.0,3,3,4528.62,"Colombo 6, Colombo",Colombo,Colombo 6,44881.752277735824,Very Large,1.0,6
House for sale,62158915.0,4,3,1387.03,"Colombo 9, Colombo",Colombo,Colombo 9,44814.39839080626,Medium,1.3333333333333333,7
House for sale,59525215.0,4,4,2888.33,"Kottawa, Colombo",Colombo,Kottawa,20608.869138914182,Large,1.0,8
House for sale,31824835.0,6,4,3899.95,"Kirulapona, Colombo",Colombo,Kirulapona,8160.318722034898,Very Large,1.5,10
House for sale,104267521.0,8,6,3794.9,"Rathmalana, Colombo",Colombo,Rathmalana,27475.696592795593,Very Large,1.3333333333333333,14
House for sale,67302247.0,9,6,5398.81,"Mount Lavinia, Colombo",Colombo,Mount Lavinia,12466.12623893043,Very Large,1.5,15
House for sale,44220484.0,5,4,3979.93,"Thalawathugoda, Colombo",Colombo,Thalawathugoda,11110.869789167147,Very Large,1.25,9
Villa for sale,15682109.0,2,1,1012.37,"Mount Lavinia, Colombo",Colombo,Mount Lavinia,15490.491618676966,Medium,2.0,3
House for sale,10886912.0,4,2,1334.13,"Padukka, Colombo",Colombo,Padukka,8160.308215841034,Medium,2.0,6
House for sale,25364703.0,4,3,1403.0,"Makumbura, Colombo",Colombo,Makumbura,18078.90449037776,Medium,1.3333333333333333,7
House for sale,178047569.0,4,4,3967.04,"Nugegoda, Colombo",Colombo,Nugegoda,44881.717603049125,Very Large,1.0,8
House for sale,17912716.0,1,2,896.0,"Makadana, Colombo",Colombo,Makadana,19991.870535714286,Small,0.5,3
House for sale,32438178.0,5,3,3349.73,"Kaduwela, Colombo",Colombo,Kaduwela,9683.818695835187,Large,1.6666666666666667,8
House for sale,38249175.0,3,5,942.2,"Colombo 9, Colombo",Colombo,Colombo 9,40595.600721715135,Small,0.6,8
House for sale,104505142.0,4,4,4189.4,"Maharagama, Colombo",Colombo,Maharagama,24945.133431995037,Very Large,1.0,8
House for sale,118924725.0,5,3,4010.75,"Dehiwala, Colombo",Colombo,Dehiwala,29651.492862930874,Very Large,1.6666666666666667,8
House for sale,86274692.0,3,2,1922.27,"Pamankada, Colombo",Colombo,Pamankada,44881.67218965078,Medium,1.5,5
House for sale,14607638.0,3,2,896.0,"Kolonnawa, Colombo",Colombo,Kolonnawa,16303.167410714286,Small,1.5,5
House for sale,66514567.0,4,4,2694.18,"Dehiwala, Colombo",Colombo,Dehiwala,24688.241691349504,Large,1.0,8
House for sale,33305257.0,4,3,2508.22,"Awissawella, Colombo",Colombo,Awissawella,13278.443278500292,Large,1.3333333333333333,7
House for sale,68854314.0,4,4,3213.95,"Moratuwa, Colombo",Colombo,Moratuwa,21423.579707213867,Large,1.0,8
Villa for sale,91731120.0,6,4,4820.38,"Nugegoda, Colombo",Colombo,Nugegoda,19029.852418274077,Very Large,1.5,10
House for sale,114649350.0,4,4,5483.91,"Nugegoda, Colombo",Colombo,Nugegoda,20906.497371401063,Very Large,1.0,8
House for sale,78627226.0,4,4,3116.29,"Pitakotte, Colombo",Colombo,Pitakotte,25231.03626427579,Large,1.0,8
House for sale,172525779.0,6,3,3844.01,"Kohuwala, Colombo",Colombo,Kohuwala,44881.719610510896,Very Large,2.0,9
House for sale,49353018.0,4,3,3509.66,"Kesbewa, Colombo",Colombo,Kesbewa,14062.051024885603,Very Large,1.3333333333333333,7
House for sale,26089779.0,3,2,1747.91,"Thalawathugoda, Colombo",Colombo,Thalawathugoda,14926.271375528488,Medium,1.5,5
House for sale,21050070.0,4,4,1671.85,"Kesbewa, Colombo",Colombo,Kesbewa,12590.884349672519,Medium,1.0,8
House for sale,33743972.0,1,2,1193.53,"Colombo 9, Colombo",Colombo,Colombo 9,28272.412088510555,Medium,0.5,3
House for sale,39342097.0,5,4,4821.15,"Awissawella, Colombo",Colombo,Awissawella,8160.313825539551,Very Large,1.25,9
House for sale,11501426.0,2,2,910.47,"Wellampitiya, Colombo",Colombo,Wellampitiya,12632.405241249025,Small,1.0,4
House for sale,187298358.0,4,4,4173.15,"Pamankada, Colombo",Colombo,Pamankada,44881.7698860573,Very Large,1.0,8
House for sale,95459553.0,5,5,3547.05,"Mount Lavinia, Colombo",Colombo,Mount Lavinia,26912.37873726054,Very Large,1.0,10
House for sale,242161912.0,6,6,5395.55,"Pitakotte, Colombo",Colombo,Pitakotte,44881.78443346832,Very Large,1.0,12
House for sale,14603617.0,1,1,1112.63,"Kottawa, Colombo",Colombo,Kottawa,13125.312997132918,Medium,1.0,2
House for sale,37227252.0,2,2,1062.77,"Maharagama, Colombo",Colombo,Maharagama,35028.512283937256,Medium,1.0,4
House for sale,55112283.0,5,3,2170.45,"Wellampitiya, Colombo",Colombo,Wellampitiya,25392.099794973394,Large,1.6666666666666667,8
House for sale,31203818.0,2,2,2121.79,"Polgasovita, Colombo",Colombo,Polgasovita,14706.364908874111,Large,1.0,4
House for sale,145000000.0,4,4,3517.0,"Boralesgamuwa, Colombo",Colombo,Boralesgamuwa,41228.31959056014,Very Large,1.0,8
Villa for sale,72508439.0,4,6,4315.19,"Boralesgamuwa, Colombo",Colombo,Boralesgamuwa,16803.069853239373,Very Large,0.6666666666666666,10
House for sale,109943769.0,5,5,2613.62,"Dehiwala, Colombo",Colombo,Dehiwala,42065.70542006872,Large,1.0,10
House for sale,117519078.0,5,6,2618.42,"Nugegoda, Colombo",Colombo,Nugegoda,44881.675972533056,Large,0.8333333333333334,11
House for sale,35173242.0,3,2,1703.84,"Thalawathugoda, Colombo",Colombo,Thalawathugoda,20643.512301624567,Medium,1.5,5
Villa for sale,100153801.0,6,5,6775.61,"Kirulapona, Colombo",Colombo,Kirulapona,14781.51797402743,Very Large,1.2,11
Villa for sale,15877243.0,3,2,896.0,"Kolonnawa, Colombo",Colombo,Kolonnawa,17720.137276785714,Small,1.5,5
House for sale,46920552.0,5,3,3940.11,"Makadana, Colombo",Colombo,Makadana,11908.43707409184,Very Large,1.6666666666666667,8
House for sale,42069394.0,5,3,5155.36,"Awissawella, Colombo",Colombo,Awissawella,8160.321296669874,Very Large,1.6666666666666667,8
House for sale,65979829.0,3,3,3020.95,"Moratuwa, Colombo",Colombo,Moratuwa,21840.755060494215,Large,1.0,6
House for sale,114401954.0,3,4,2901.2,"Colombo 7, Colombo",Colombo,Colombo 7,39432.63270370881,Large,0.75,7
House for sale,7777000.0,3,1,896.0,"Wellampitiya, Colombo",Colombo,Wellampitiya,8679.6875,Small,3.0,4
House for sale,55867435.0,3,3,2306.23,"Wellampitiya, Colombo",Colombo,Wellampitiya,24224.572137210947,Large,1.0,6
House for sale,63896644.0,3,4,3457.38,"Thalawathugoda, Colombo",Colombo,Thalawathugoda,18481.232609663966,Large,0.75,7
House for sale,73387720.0,6,5,3117.65,"Rathmalana, Colombo",Colombo,Rathmalana,23539.43515147627,Large,1.2,11
House for sale,9901582.0,2,1,1213.38,"Padukka, Colombo",Colombo,Padukka,8160.330646623481,Medium,2.0,3
House for sale,37118029.0,3,5,2555.3,"Morakatiya, Colombo",Colombo,Morakatiya,14525.898720306812,Large,0.6,8
Villa for sale,12218721.0,5,3,896.0,"Wellampitiya, Colombo",Colombo,Wellampitiya,13636.965401785714,Small,1.6666666666666667,8
Villa for sale,124615916.0,4,4,4995.13,"Nugegoda, Colombo",Colombo,Nugegoda,24947.482047514277,Very Large,1.0,8
House for sale,171494798.0,6,4,3821.04,"Mount Lavinia, Colombo",Colombo,Mount Lavinia,44881.707074513746,Very Large,1.5,10
House for sale,404819885.0,9,6,9019.7,"Nawala, Colombo",Colombo,Nawala,44881.74606694235,Very Large,1.5,15
House for sale,153186536.0,5,5,3413.11,"Dematagoda, Colombo",Colombo,Dematagoda,44881.80457119753,Large,1.0,10
House for sale,106491844.0,5,4,4758.78,"Homagama, Colombo",Colombo,Homagama,22377.97166500658,Very Large,1.25,9
House for sale,37694032.0,4,5,2877.04,"Morakatiya, Colombo",Colombo,Morakatiya,13101.67116202764,Large,0.8,9
House for sale,14623259.0,2,2,896.0,"Kolonnawa, Colombo",Colombo,Kolonnawa,16320.6015625,Small,1.0,4
House for sale,46480815.0,5,3,2754.15,"Makadana, Colombo",Colombo,Makadana,16876.64615217036,Large,1.6666666666666667,8
House for sale,115948804.0,4,5,4651.85,"Boralesgamuwa, Colombo",Colombo,Boralesgamuwa,24925.31014542601,Very Large,0.8,9
House for sale,9164434.0,1,2,896.0,"Wellampitiya, Colombo",Colombo,Wellampitiya,10228.16294642857,Small,0.5,3
House for sale,194344387.0,6,5,4770.56,"Colombo 7, Colombo",Colombo,Colombo 7,40738.27538066809,Very Large,1.2,11
House for sale,14268750.0,3,2,1748.55,"Moratuwa, Colombo",Colombo,Moratuwa,8160.332847216265,Medium,1.5,5
House for sale,106579289.0,5,5,4998.0,"Moratuwa, Colombo",Colombo,Moratuwa,21324.387555022007,Very Large,1.0,10
House for sale,34662002.0,5,3,3825.68,"Malabe, Colombo",Colombo,Malabe,9060.350578197864,Very Large,1.6666666666666667,8
House for sale,33415325.0,5,5,3061.17,"Awissawella, Colombo",Colombo,Awissawella,10915.86713576835,Large,1.0,10
House for sale,90057691.0,6,5,4033.0,"Kottawa, Colombo",Colombo,Kottawa,22330.198611455493,Very Large,1.2,11
House for sale,60154126.0,3,3,3638.93,"Dehiwala, Colombo",Colombo,Dehiwala,16530.718095703956,Very Large,1.0,6
House for sale,10956973.0,4,2,1342.71,"Padukka, Colombo",Colombo,Padukka,8160.342143873211,Medium,2.0,6
House for sale,30000000.0,3,2,1600.0,"Boralesgamuwa, Colombo",Colombo,Boralesgamuwa,18750.0,Medium,1.5,5
House for sale,35889998.0,4,3,4085.55,"Malabe, Colombo",Colombo,Malabe,8784.618472421094,Very Large,1.3333333333333333,7
House for sale,186789271.0,4,4,4406.52,"Nawala, Colombo",Colombo,Nawala,42389.29381915888,Very Large,1.0,8
House for sale,219692144.0,5,5,6095.97,"Kohuwala, Colombo",Colombo,Kohuwala,36038.91488967301,Very Large,1.0,10
House for sale,34822265.0,3,3,1487.77,"Kolonnawa, Colombo",Colombo,Kolonnawa,23405.6776249017,Medium,1.0,6
House for sale,143668041.0,8,6,3810.43,"Rathmalana, Colombo",Colombo,Rathmalana,37703.89194920258,Very Large,1.3333333333333333,14
House for sale,114849682.0,4,4,2558.94,"Kohuwala, Colombo",Colombo,Kohuwala,44881.74087708192,Large,1.0,8
House for sale,30848987.0,6,4,3780.37,"Pitakotte, Colombo",Colombo,Pitakotte,8160.308911561567,Very Large,1.5,10
House for sale,11036396.0,2,1,1352.45,"Polgasovita, Colombo",Colombo,Polgasovita,8160.298717142962,Medium,2.0,3
House for sale,25961398.0,3,3,1468.35,"Piliyandala, Colombo",Colombo,Piliyandala,17680.660605441484,Medium,1.0,6
House for sale,16599229.0,1,2,1151.59,"Homagama, Colombo",Colombo,Homagama,14414.182999157687,Medium,0.5,3
House for sale,127246831.0,4,4,5216.99,"Moratuwa, Colombo",Colombo,Moratuwa,24390.852004700027,Very Large,1.0,8
House for sale,76079622.0,3,4,1695.11,"Bambalapitiya , Colombo",Colombo,Bambalapitiya ,44881.82005887524,Medium,0.75,7
House for sale,30093479.0,2,3,2005.09,"Kolonnawa, Colombo",Colombo,Kolonnawa,15008.542758679163,Large,0.6666666666666666,5
House for sale,168630351.0,4,4,3757.21,"Nawala, Colombo",Colombo,Nawala,44881.800857551214,Very Large,1.0,8
House for sale,92719670.0,5,5,5134.33,"Nugegoda, Colombo",Colombo,Nugegoda,18058.767161440734,Very Large,1.0,10
House for sale,86036955.0,6,4,3840.41,"Dehiwala, Colombo",Colombo,Dehiwala,22403.065037326745,Very Large,1.5,10
House for sale,127604226.0,4,4,4176.1,"Boralesgamuwa, Colombo",Colombo,Boralesgamuwa,30555.835827686114,Very Large,1.0,8
House for sale,89666184.0,4,5,3246.92,"Rathmalana, Colombo",Colombo,Rathmalana,27615.766326241483,Large,0.8,9
House for sale,37296917.0,5,3,3748.17,"Makadana, Colombo",Colombo,Makadana,9950.700475165213,Very Large,1.6666666666666667,8
House for sale,37431545.0,4,3,4587.02,"Awissawella, Colombo",Colombo,Awissawella,8160.318681845729,Very Large,1.3333333333333333,7
House for sale,196303842.0,5,4,4373.8,"Kohuwala, Colombo",Colombo,Kohuwala,44881.76002560702,Very Large,1.25,9
House for sale,17202916.0,2,2,1512.45,"Kesbewa, Colombo",Colombo,Kesbewa,11374.204767099738,Medium,1.0,4
House for sale,39822196.0,5,3,4879.98,"Morakatiya, Colombo",Colombo,Morakatiya,8160.319509506187,Very Large,1.6666666666666667,8
House for sale,81703051.0,7,6,6700.12,"Boralesgamuwa, Colombo",Colombo,Boralesgamuwa,12194.266819101747,Very Large,1.1666666666666667,13
House for sale,28962403.0,1,2,991.95,"Maharagama, Colombo",Colombo,Maharagama,29197.442411411863,Small,0.5,3
House for sale,126373009.0,4,4,3348.01,"Rathmalana, Colombo",Colombo,Rathmalana,37745.70834615189,Large,1.0,8
House for sale,47731249.0,4,3,2624.67,"Thalawathugoda, Colombo",Colombo,Thalawathugoda,18185.619144501976,Large,1.3333333333333333,7
House for sale,76622418.0,4,4,1707.21,"Bambalapitiya , Colombo",Colombo,Bambalapitiya ,44881.659549791766,Medium,1.0,8
House for sale,47302645.0,7,4,5796.67,"Awissawella, Colombo",Colombo,Awissawella,8160.3135938392215,Very Large,1.75,11
House for sale,10756175.0,2,1,1318.11,"Padukka, Colombo",Colombo,Padukka,8160.301492288201,Medium,2.0,3
House for sale,13309496.0,3,3,955.53,"Wellampitiya, Colombo",Colombo,Wellampitiya,13928.914843071385,Small,1.0,6
House for sale,15332762.0,2,2,896.0,"Kolonnawa, Colombo",Colombo,Kolonnawa,17112.457589285714,Small,1.0,4
House for sale,66935612.0,3,3,3249.56,"Thalawathugoda, Colombo",Colombo,Thalawathugoda,20598.36162434299,Large,1.0,6
House for sale,79183451.0,4,4,1764.27,"Bambalapitiya , Colombo",Colombo,Bambalapitiya ,44881.708015213095,Medium,1.0,8
House for sale,120502733.0,4,5,2684.89,"Colombo 6, Colombo",Colombo,Colombo 6,44881.813780080374,Large,0.8,9
House for sale,25580512.0,4,3,1575.97,"Makumbura, Colombo",Colombo,Makumbura,16231.59831722685,Medium,1.3333333333333333,7
House for sale,77425688.0,4,3,3047.32,"Pitakotte, Colombo",Colombo,Pitakotte,25407.797015082102,Large,1.3333333333333333,7
House for sale,80056540.0,3,4,1783.72,"Bambalapitiya , Colombo",Colombo,Bambalapitiya ,44881.7863790281,Medium,0.75,7
House for sale,165867708.0,5,4,3695.66,"Mount Lavinia, Colombo",Colombo,Mount Lavinia,44881.755356282774,Very Large,1.25,9
House for sale,47855579.0,4,3,2552.75,"Rathmalana, Colombo",Colombo,Rathmalana,18746.676721183037,Large,1.3333333333333333,7
House for sale,136210768.0,5,5,4932.37,"Pitakotte, Colombo",Colombo,Pitakotte,27615.683332758897,Very Large,1.0,10
House for sale,25123154.0,4,3,2729.64,"Pannipitiya, Colombo",Colombo,Pannipitiya,9203.834205243184,Large,1.3333333333333333,7
House for sale,263953816.0,7,5,9019.7,"Pamankada, Colombo",Colombo,Pamankada,29264.14581416233,Very Large,1.4,12
Villa for sale,198068661.0,4,4,4413.12,"Nugegoda, Colombo",Colombo,Nugegoda,44881.775478572985,Very Large,1.0,8
House for sale,39327930.0,5,3,2635.26,"Makadana, Colombo",Colombo,Makadana,14923.738075180436,Large,1.6666666666666667,8
House for sale,26170144.0,6,4,3207.0,"Mount Lavinia, Colombo",Colombo,Mount Lavinia,8160.319301527908,Large,1.5,10
House for sale,79550717.0,5,4,1772.45,"Bambalapitiya , Colombo",Colombo,Bambalapitiya ,44881.783407148294,Medium,1.25,9
Villa for sale,45622337.0,4,4,2246.67,"Wellampitiya, Colombo",Colombo,Wellampitiya,20306.648061353026,Large,1.0,8
House for sale,36925799.0,3,3,2844.77,"Kaduwela, Colombo",Colombo,Kaduwela,12980.240581839656,Large,1.0,6
House for sale,267813672.0,6,5,5967.1,"Colombo 7, Colombo",Colombo,Colombo 7,44881.71339511655,Very Large,1.2,11
House for sale,63235800.0,6,4,3399.87,"Battaramulla, Colombo",Colombo,Battaramulla,18599.47586231238,Large,1.5,10
House for sale,14307769.0,4,3,1753.33,"Athurugiriya, Colombo",Colombo,Athurugiriya,8160.340038669276,Medium,1.3333333333333333,7
House for sale,67317341.0,7,6,4838.92,"Mount Lavinia, Colombo",Colombo,Mount Lavinia,13911.645780463408,Very Large,1.1666666666666667,13
House for sale,63087001.0,5,3,4022.82,"Kolonnawa, Colombo",Colombo,Kolonnawa,15682.28282647496,Very Large,1.6666666666666667,8
House for sale,28567308.0,4,3,2813.74,"Kaduwela, Colombo",Colombo,Kaduwela,10152.788814886948,Large,1.3333333333333333,7
House for sale,132650951.0,4,5,3131.3,"Dematagoda, Colombo",Colombo,Dematagoda,42362.90071216427,Large,0.8,9
House for sale,42686434.0,5,3,2691.83,"Rathmalana, Colombo",Colombo,Rathmalana,15857.774822332764,Large,1.6666666666666667,8
House for sale,116834346.0,6,4,5369.13,"Moratuwa, Colombo",Colombo,Moratuwa,21760.386878321067,Very Large,1.5,10
House for sale,37160820.0,3,4,993.44,"Colombo 9, Colombo",Colombo,Colombo 9,37406.2047028507,Small,0.75,7
House for sale,38548122.0,4,3,4058.37,"Makadana, Colombo",Colombo,Makadana,9498.424737024963,Very Large,1.3333333333333333,7
House for sale,161052558.0,6,4,6613.92,"Nugegoda, Colombo",Colombo,Nugegoda,24350.54521373104,Very Large,1.5,10
House for sale,15191566.0,2,2,1010.85,"Wellampitiya, Colombo",Colombo,Wellampitiya,15028.50670228026,Medium,1.0,4
House for sale,10473532.0,2,1,1076.21,"Padukka, Colombo",Colombo,Padukka,9731.866457289934,Medium,2.0,3
House for sale,32675103.0,4,3,896.0,"Nugegoda, Colombo",Colombo,Nugegoda,36467.74888392857,Small,1.3333333333333333,7
House for sale,251389967.0,7,6,5624.19,"Pitakotte, Colombo",Colombo,Pitakotte,44697.98619890153,Very Large,1.1666666666666667,13
House for sale,96110363.0,4,3,3566.9,"Colombo 6, Colombo",Colombo,Colombo 6,26945.067986206508,Very Large,1.3333333333333333,7
House for sale,65069137.0,3,4,3342.14,"Thalawathugoda, Colombo",Colombo,Thalawathugoda,19469.303200943108,Large,0.75,7
House for sale,67860889.0,4,4,3300.39,"Kothalawala, Colombo",Colombo,Kothalawala,20561.475764985353,Large,1.0,8
House for sale,68540904.0,3,3,2965.53,"Moratuwa, Colombo",Colombo,Moratuwa,23112.530980971358,Large,1.0,6
House for sale,37485996.0,4,3,4593.69,"Colombo 9, Colombo",Colombo,Colombo 9,8160.32340014237,Very Large,1.3333333333333333,7
House for sale,28221138.0,4,3,1345.75,"Maharagama, Colombo",Colombo,Maharagama,20970.56511239086,Medium,1.3333333333333333,7
House for sale,18180935.0,1,2,896.0,"Kolonnawa, Colombo",Colombo,Kolonnawa,20291.222098214286,Small,0.5,3
House for sale,15127656.0,1,2,970.07,"Kesbewa, Colombo",Colombo,Kesbewa,15594.396280680774,Small,0.5,3
House for sale,18948887.0,2,3,1222.91,"Homagama, Colombo",Colombo,Homagama,15494.915406693868,Medium,0.6666666666666666,5
House for sale,18157775.0,2,1,1062.51,"Mount Lavinia, Colombo",Colombo,Mount Lavinia,17089.509745790627,Medium,2.0,3
House for sale,40906489.0,4,4,1547.92,"Kothalawala, Colombo",Colombo,Kothalawala,26426.746214274637,Medium,1.0,8
House for sale,98334320.0,3,2,2981.39,"Kirulapona, Colombo",Colombo,Kirulapona,32982.709407356975,Large,1.5,5
House for sale,12355502.0,3,2,1514.1,"Padukka, Colombo",Colombo,Padukka,8160.294564427713,Medium,1.5,5
House for sale,89775042.0,4,3,3434.55,"Dehiwala, Colombo",Colombo,Dehiwala,26138.807704066032,Large,1.3333333333333333,7
House for sale,377554486.0,7,6,8412.21,"Kohuwala, Colombo",Colombo,Kohuwala,44881.72382762675,Very Large,1.1666666666666667,13
House for sale,68742148.0,4,3,3241.82,"Dehiwala, Colombo",Colombo,Dehiwala,21204.801006841833,Large,1.3333333333333333,7
House for sale,31094817.0,2,3,2127.98,"Kolonnawa, Colombo",Colombo,Kolonnawa,14612.363368076767,Large,0.6666666666666666,5
House for sale,42682616.0,3,4,2625.48,"Battaramulla, Colombo",Colombo,Battaramulla,16257.071468836175,Large,0.75,7
House for sale,78937791.0,4,3,2565.27,"Battaramulla, Colombo",Colombo,Battaramulla,30771.72812218597,Large,1.3333333333333333,7
House for sale,113503770.0,5,5,3898.16,"Mount Lavinia, Colombo",Colombo,Mount Lavinia,29117.268147023213,Very Large,1.0,10
House for sale,18938151.0,2,1,1239.85,"Mount Lavinia, Colombo",Colombo,Mount Lavinia,15274.550147195227,Medium,2.0,3
House for sale,183177953.0,3,4,4081.35,"Nugegoda, Colombo",Colombo,Nugegoda,44881.706543178116,Very Large,0.75,7
Villa for sale,136192299.0,4,4,5377.33,"Moratuwa, Colombo",Colombo,Moratuwa,25327.123126161125,Very Large,1.0,8
House for sale,35493456.0,3,5,3134.56,"Morakatiya, Colombo",Colombo,Morakatiya,11323.26578530958,Large,0.6,8
House for sale,46045138.0,4,3,3483.1,"Kesbewa, Colombo",Colombo,Kesbewa,13219.585426775,Large,1.3333333333333333,7
Villa for sale,41969055.0,4,3,2810.11,"Kaduwela, Colombo",Colombo,Kaduwela,14935.022116571949,Large,1.3333333333333333,7
House for sale,43757976.0,3,3,3603.1,"Dehiwala, Colombo",Colombo,Dehiwala,12144.535538841554,Very Large,1.0,6
House for sale,67568925.0,8,7,4225.31,"Mount Lavinia, Colombo",Colombo,Mount Lavinia,15991.47163166726,Very Large,1.1428571428571428,15
House for sale,38640895.0,3,3,2313.17,"Maharagama, Colombo",Colombo,Maharagama,16704.73635746616,Large,1.0,6
House for sale,42910129.0,3,2,2072.05,"Kaduwela, Colombo",Colombo,Kaduwela,20709.02198306025,Large,1.5,5
House for sale,172033008.0,3,4,3833.03,"Nawala, Colombo",Colombo,Nawala,44881.72751061171,Very Large,0.75,7
House for sale,80919870.0,5,5,3853.44,"Pitakotte, Colombo",Colombo,Pitakotte,20999.384965122073,Very Large,1.0,10
House for sale,38088443.0,4,3,2046.22,"Wellampitiya, Colombo",Colombo,Wellampitiya,18614.05078632796,Large,1.3333333333333333,7
House for sale,60989843.0,3,3,1959.34,"Kolonnawa, Colombo",Colombo,Kolonnawa,31127.748629640595,Medium,1.0,6
House for sale,48151741.0,3,3,1941.16,"Moratuwa, Colombo",Colombo,Moratuwa,24805.652805538954,Medium,1.0,6
House for sale,27842255.0,4,3,1958.47,"Boralesgamuwa, Colombo",Colombo,Boralesgamuwa,14216.329583807768,Medium,1.3333333333333333,7
House for sale,83442038.0,6,5,4451.73,"Moratuwa, Colombo",Colombo,Moratuwa,18743.732885866844,Very Large,1.2,11
House for sale,76881524.0,3,4,3641.75,"Rathmalana, Colombo",Colombo,Rathmalana,21111.148211711403,Very Large,0.75,7
House for sale,80324888.0,4,3,3879.49,"Thalawathugoda, Colombo",Colombo,Thalawathugoda,20705.01225676571,Very Large,1.3333333333333333,7
House for sale,111126249.0,5,4,4139.67,"Maharagama, Colombo",Colombo,Maharagama,26844.2288878099,Very Large,1.25,9
House for sale,7800000.0,2,1,500.0,"S P Lane, Wellampitiya",Colombo,Wellampitiya,15600.0,Small,2.0,3
House for sale,48785944.0,3,4,1086.99,"Kohuwala, Colombo",Colombo,Kohuwala,44881.686124067375,Medium,0.75,7
House for sale,162808092.0,5,3,3627.49,"Boralesgamuwa, Colombo",Colombo,Boralesgamuwa,44881.74798552167,Very Large,1.6666666666666667,8
House for sale,125867449.0,6,4,4866.41,"Nugegoda, Colombo",Colombo,Nugegoda,25864.538540731257,Very Large,1.5,10
House for sale,37758982.0,4,3,4627.15,"Awissawella, Colombo",Colombo,Awissawella,8160.310774450796,Very Large,1.3333333333333333,7
Villa for sale,142714591.0,3,4,4412.76,"Moratuwa, Colombo",Colombo,Moratuwa,32341.344419365658,Very Large,0.75,7
House for sale,47995478.0,4,4,3346.47,"Thalawathugoda, Colombo",Colombo,Thalawathugoda,14342.121100741977,Large,1.0,8
House for sale,346607595.0,8,8,8446.45,"Battaramulla, Colombo",Colombo,Battaramulla,41035.89022607131,Very Large,1.0,16
House for sale,24373177.0,1,2,1236.03,"Maththegoda, Colombo",Colombo,Maththegoda,19718.920252744676,Medium,0.5,3
House for sale,50163551.0,5,3,3269.71,"Awissawella, Colombo",Colombo,Awissawella,15341.896070293695,Large,1.6666666666666667,8
House for sale,79117975.0,5,4,4162.33,"Pitakotte, Colombo",Colombo,Pitakotte,19008.097628011234,Very Large,1.25,9
House for sale,96131200.0,5,3,4669.46,"Colombo 6, Colombo",Colombo,Colombo 6,20587.219935495752,Very Large,1.6666666666666667,8
House for sale,125385048.0,4,4,4525.38,"Kirulapona, Colombo",Colombo,Kirulapona,27707.07609084762,Very Large,1.0,8
House for sale,43658176.0,3,3,2209.27,"Moratuwa, Colombo",Colombo,Moratuwa,19761.358276715837,Large,1.0,6
House for sale,156180026.0,4,4,3479.81,"Boralesgamuwa, Colombo",Colombo,Boralesgamuwa,44881.76825746233,Large,1.0,8
House for sale,75202763.0,3,2,3413.9,"Kirulapona, Colombo",Colombo,Kirulapona,22028.402413661795,Large,1.5,5
House for sale,181140591.0,6,3,4035.95,"Colombo 7, Colombo",Colombo,Colombo 7,44881.77281680893,Very Large,2.0,9
House for sale,40214044.0,2,2,896.0,"Nugegoda, Colombo",Colombo,Nugegoda,44881.74553571428,Small,1.0,4
House for sale,7777000.0,2,1,896.0,"Wellampitiya, Colombo",Colombo,Wellampitiya,8679.6875,Small,2.0,3
House for sale,165359798.0,4,4,3684.34,"Mount Lavinia, Colombo",Colombo,Mount Lavinia,44881.79646829554,Very Large,1.0,8
House for sale,60813538.0,2,1,1354.97,"Pamankada, Colombo",Colombo,Pamankada,44881.83354613017,Medium,2.0,3
Villa for sale,36334997.0,4,3,1065.51,"Nugegoda, Colombo",Colombo,Nugegoda,34101.03800058188,Medium,1.3333333333333333,7
House for sale,119456096.0,6,5,4401.09,"Nawala, Colombo",Colombo,Nawala,27142.38881731571,Very Large,1.2,11
House for sale,37500000.0,6,5,1050.0,"Kent Road, Colombo 09",Colombo,Colombo 9,35714.28571428572,Medium,1.2,11
House for sale,229152699.0,5,5,5105.7,"Colombo 7, Colombo",Colombo,Colombo 7,44881.73982020095,Very Large,1.0,10
Villa for sale,126352968.0,4,4,4348.75,"Nugegoda, Colombo",Colombo,Nugegoda,29055.008450704227,Very Large,1.0,8
House for sale,61029945.0,3,3,3036.63,"Pitakotte, Colombo",Colombo,Pitakotte,20097.919404076227,Large,1.0,6
House for sale,40767775.0,3,3,1965.38,"Wellampitiya, Colombo",Colombo,Wellampitiya,20742.94792864484,Medium,1.0,6
House for sale,27311853.0,3,2,1521.43,"Athurugiriya, Colombo",Colombo,Athurugiriya,17951.435820248054,Medium,1.5,5
House for sale,63846038.0,3,4,3191.29,"Rathmalana, Colombo",Colombo,Rathmalana,20006.34163614087,Large,0.75,7
House for sale,12530307.0,3,3,927.29,"Wellampitiya, Colombo",Colombo,Wellampitiya,13512.824466995224,Small,1.0,6
House for sale,34082256.0,5,5,2151.06,"Colombo 9, Colombo",Colombo,Colombo 9,15844.400435134306,Large,1.0,10
House for sale,38329745.0,4,3,4697.09,"Malabe, Colombo",Colombo,Malabe,8160.31734542025,Very Large,1.3333333333333333,7
House for sale,29671081.0,3,4,2731.09,"Homagama, Colombo",Colombo,Homagama,10864.190121892723,Large,0.75,7
House for sale,45332843.0,4,3,3424.06,"Malabe, Colombo",Colombo,Malabe,13239.500183992102,Large,1.3333333333333333,7
House for sale,56977038.0,4,3,3789.95,"Thalawathugoda, Colombo",Colombo,Thalawathugoda,15033.717595218935,Very Large,1.3333333333333333,7
House for sale,41068223.0,2,1,2607.95,"Boralesgamuwa, Colombo",Colombo,Boralesgamuwa,15747.319925612072,Large,2.0,3
House for sale,349176009.0,7,5,9019.7,"Nugegoda, Colombo",Colombo,Nugegoda,38712.5967604244,Very Large,1.4,12
House for sale,19213781.0,4,3,2354.54,"Padukka, Colombo",Colombo,Padukka,8160.311993000756,Large,1.3333333333333333,7
House for sale,137923525.0,3,4,3863.93,"Boralesgamuwa, Colombo",Colombo,Boralesgamuwa,35695.140698718664,Very Large,0.75,7
House for sale,81042082.0,5,5,3984.61,"Mount Lavinia, Colombo",Colombo,Mount Lavinia,20338.773932706084,Very Large,1.0,10
House for sale,71062772.0,5,4,3521.71,"Kottawa, Colombo",Colombo,Kottawa,20178.484883763853,Very Large,1.25,9
House for sale,74567951.0,6,5,6144.2,"Kirulapona, Colombo",Colombo,Kirulapona,12136.315712379155,Very Large,1.2,11
House for sale,28353453.0,2,2,1593.91,"Battaramulla, Colombo",Colombo,Battaramulla,17788.6160448206,Medium,1.0,4
House for sale,62979734.0,5,4,1777.86,"Malabe, Colombo",Colombo,Malabe,35424.461993632794,Medium,1.25,9
House for sale,154164665.0,4,4,3434.91,"Boralesgamuwa, Colombo",Colombo,Boralesgamuwa,44881.718880552915,Large,1.0,8
House for sale,64267031.0,4,3,4030.41,"Thalawathugoda, Colombo",Colombo,Thalawathugoda,15945.531844154813,Very Large,1.3333333333333333,7
House for sale,136832963.0,3,3,3273.5,"Boralesgamuwa, Colombo",Colombo,Boralesgamuwa,41800.20253551245,Large,1.0,6
House for sale,127493961.0,5,5,3804.09,"Maharagama, Colombo",Colombo,Maharagama,33514.96967737356,Very Large,1.0,10
House for sale,71941888.0,3,3,3404.18,"Thalawathugoda, Colombo",Colombo,Thalawathugoda,21133.39717641253,Large,1.0,6
Villa for sale,48264817.0,6,4,5914.58,"Awissawella, Colombo",Colombo,Awissawella,8160.3118057410675,Very Large,1.5,10
House for sale,327320583.0,8,6,9019.7,"Bambalapitiya , Colombo",Colombo,Bambalapitiya ,36289.51993968757,Very Large,1.3333333333333333,14
Villa for sale,24065823.0,3,3,2406.78,"Colombo 8, Colombo",Colombo,Colombo 8,9999.178570538228,Large,1.0,6
House for sale,78079721.0,4,4,4154.28,"Colombo 7, Colombo",Colombo,Colombo 7,18795.006836323024,Very Large,1.0,8
House for sale,123720767.0,5,5,3977.39,"Boralesgamuwa, Colombo",Colombo,Boralesgamuwa,31106.018519682508,Very Large,1.0,10
Villa for sale,35050205.0,4,3,4295.2,"Awissawella, Colombo",Colombo,Awissawella,8160.319659154406,Very Large,1.3333333333333333,7
House for sale,71215566.0,3,2,3811.45,"Homagama, Colombo",Colombo,Homagama,18684.638654580278,Very Large,1.5,5
House for sale,94974100.0,8,6,4039.2,"Mount Lavinia, Colombo",Colombo,Mount Lavinia,23513.096652802535,Very Large,1.3333333333333333,14
House for sale,97321206.0,4,4,2542.41,"Dehiwala, Colombo",Colombo,Dehiwala,38279.11548491392,Large,1.0,8
House for sale,69473989.0,4,3,4203.44,"Kolonnawa, Colombo",Colombo,Kolonnawa,16527.88882439145,Very Large,1.3333333333333333,7
House for sale,12280270.0,2,2,1504.88,"Kesbewa, Colombo",Colombo,Kesbewa,8160.298495561107,Medium,1.0,4
House for sale,385669182.0,7,5,8857.61,"Kohuwala, Colombo",Colombo,Kohuwala,43540.99830541195,Very Large,1.4,12
House for sale,13505007.0,3,3,896.0,"Makumbura, Colombo",Colombo,Makumbura,15072.552455357143,Small,1.0,6
House for sale,95000000.0,5,5,5000.0,"Moratumulla, Puwak Aramba, Moratuwa",Colombo,Moratuwa,19000.0,Very Large,1.0,10
House for sale,110714621.0,4,5,4426.02,"Moratuwa, Colombo",Colombo,Moratuwa,25014.487282027643,Very Large,0.8,9
House for sale,78856571.0,4,4,4296.84,"Pitakotte, Colombo",Colombo,Pitakotte,18352.224192662514,Very Large,1.0,8
House for sale,36013387.0,3,4,2156.69,"Malabe, Colombo",Colombo,Malabe,16698.453185205104,Large,0.75,7
House for sale,152973881.0,4,4,3410.5,"Boralesgamuwa, Colombo",Colombo,Boralesgamuwa,44853.798856472655,Large,1.0,8
House for sale,145634989.0,5,3,4904.05,"Moratuwa, Colombo",Colombo,Moratuwa,29696.880945341094,Very Large,1.6666666666666667,8
House for sale,30815275.0,4,2,3044.51,"Nugegoda, Colombo",Colombo,Nugegoda,10121.587710337624,Large,2.0,6
House for sale,90981315.0,4,4,2626.42,"Dehiwala, Colombo",Colombo,Dehiwala,34640.809543028154,Large,1.0,8
House for sale,120166525.0,5,5,4872.05,"Bambalapitiya , Colombo",Colombo,Bambalapitiya ,24664.468755452017,Very Large,1.0,10
House for sale,322106142.0,8,6,9019.7,"Nugegoda, Colombo",Colombo,Nugegoda,35711.40304001242,Very Large,1.3333333333333333,14
House for sale,48599857.0,4,4,2752.11,"Battaramulla, Colombo",Colombo,Battaramulla,17659.12590703133,Large,1.0,8
House for sale,28174202.0,2,2,1862.92,"Thalawathugoda, Colombo",Colombo,Thalawathugoda,15123.677882034655,Medium,1.0,4
House for sale,51888457.0,4,4,2617.74,"Thalawathugoda, Colombo",Colombo,Thalawathugoda,19821.852819607753,Large,1.0,8
House for sale,9800000.0,3,1,1633.5,"Madakissa Road, Horathduwa, Moratuwa",Colombo,Moratuwa,5999.387817569635,Medium,3.0,4
House for sale,45315942.0,3,3,3368.19,"Thalawathugoda, Colombo",Colombo,Thalawathugoda,13454.093147951868,Large,1.0,6
House for sale,55649372.0,3,3,3980.8,"Makadana, Colombo",Colombo,Makadana,13979.444332797428,Very Large,1.0,6
House for sale,28018720.0,3,3,1665.21,"Boralesgamuwa, Colombo",Colombo,Boralesgamuwa,16825.937869698115,Medium,1.0,6
House for sale,29578407.0,3,3,1340.13,"Maharagama, Colombo",Colombo,Maharagama,22071.296814488145,Medium,1.0,6
House for sale,54361071.0,3,3,2479.76,"Wellampitiya, Colombo",Colombo,Wellampitiya,21921.908168532438,Large,1.0,6
House for sale,87964510.0,4,4,4635.34,"Nugegoda, Colombo",Colombo,Nugegoda,18976.927258841853,Very Large,1.0,8
House for sale,9930826.0,4,3,990.08,"Wellampitiya, Colombo",Colombo,Wellampitiya,10030.326842275372,Small,1.3333333333333333,7
Villa for sale,126769401.0,3,3,3264.79,"Boralesgamuwa, Colombo",Colombo,Boralesgamuwa,38829.26650718729,Large,1.0,6
House for sale,320000000.0,9,8,9000.0,"Pelawatte, Battaramulla",Colombo,Battaramulla,35555.555555555555,Very Large,1.125,17
House for sale,80259270.0,4,3,3321.6,"Battaramulla, Colombo",Colombo,Battaramulla,24162.834176300577,Large,1.3333333333333333,7
House for sale,82598393.0,3,2,3007.87,"Kirulapona, Colombo",Colombo,Kirulapona,27460.758942374505,Large,1.5,5
House for sale,175628943.0,7,4,3913.15,"Nugegoda, Colombo",Colombo,Nugegoda,44881.730319563525,Very Large,1.75,11
House for sale,69210742.0,5,5,3778.93,"Rathmalana, Colombo",Colombo,Rathmalana,18314.904483544284,Very Large,1.0,10
House for sale,29685877.0,1,1,2633.6,"Nawala, Colombo",Colombo,Nawala,11271.976382138519,Large,1.0,2
House for sale,134492134.0,5,5,2996.59,"Colombo 6, Colombo",Colombo,Colombo 6,44881.726896238724,Large,1.0,10
House for sale,127299116.0,4,4,3843.23,"Dehiwala, Colombo",Colombo,Dehiwala,33122.95022676238,Very Large,1.0,8
House for sale,11389825.0,1,1,1395.76,"Kesbewa, Colombo",Colombo,Kesbewa,8160.3033472803345,Medium,1.0,2
House for sale,31128028.0,2,2,1252.18,"Colombo 7, Colombo",Colombo,Colombo 7,24859.06818508521,Medium,1.0,4
House for sale,22116943.0,4,3,2710.3,"Padukka, Colombo",Colombo,Padukka,8160.33022174667,Large,1.3333333333333333,7
House for sale,29461522.0,5,4,3610.34,"Mount Lavinia, Colombo",Colombo,Mount Lavinia,8160.317864799436,Very Large,1.25,9
Villa for sale,82115855.0,3,3,2870.51,"Nugegoda, Colombo",Colombo,Nugegoda,28606.712744425204,Large,1.0,6
House for sale,51737623.0,2,1,1152.75,"Pamankada, Colombo",Colombo,Pamankada,44881.911082194754,Medium,2.0,3
House for sale,87699323.0,4,3,3415.63,"Battaramulla, Colombo",Colombo,Battaramulla,25675.88497583169,Large,1.3333333333333333,7
House for sale,24488813.0,4,3,2599.83,"Polgasovita, Colombo",Colombo,Polgasovita,9419.39011396899,Large,1.3333333333333333,7
House for sale,12773247.0,3,2,1418.86,"Makumbura, Colombo",Colombo,Makumbura,9002.47170263451,Medium,1.5,5
House for sale,78553351.0,3,2,3066.48,"Kirulapona, Colombo",Colombo,Kirulapona,25616.782434582976,Large,1.5,5
House for sale,36269004.0,6,5,4444.56,"Mount Lavinia, Colombo",Colombo,Mount Lavinia,8160.313731842972,Very Large,1.2,11
House for sale,95865738.0,5,3,4239.43,"Kohuwala, Colombo",Colombo,Kohuwala,22612.883807492988,Very Large,1.6666666666666667,8
House for sale,16500000.0,2,1,1140.0,"Watarapola Road, Mount Lavinia",Colombo,Mount Lavinia,14473.684210526315,Medium,2.0,3
House for sale,104156994.0,4,3,4327.58,"Colombo 6, Colombo",Colombo,Colombo 6,24068.184528073427,Very Large,1.3333333333333333,7
House for sale,78701214.0,4,4,4044.03,"Kirulapona, Colombo",Colombo,Kirulapona,19461.085600255192,Very Large,1.0,8
Villa for sale,11979418.0,4,3,946.44,"Wellampitiya, Colombo",Colombo,Wellampitiya,12657.345420734542,Small,1.3333333333333333,7
House for sale,40912461.0,4,4,2859.64,"Battaramulla, Colombo",Colombo,Battaramulla,14306.857156844919,Large,1.0,8
House for sale,97877944.0,7,6,5516.16,"Kohuwala, Colombo",Colombo,Kohuwala,17743.85514560854,Very Large,1.1666666666666667,13
House for sale,20249776.0,4,4,1594.93,"Kesbewa, Colombo",Colombo,Kesbewa,12696.341532230254,Medium,1.0,8
House for sale,175514312.0,5,5,5251.97,"Colombo 7, Colombo",Colombo,Colombo 7,33418.757532887656,Very Large,1.0,10
House for sale,15059002.0,4,3,1618.94,"Homagama, Colombo",Colombo,Homagama,9301.76658801438,Medium,1.3333333333333333,7
House for sale,23129706.0,5,3,2322.77,"Pannipitiya, Colombo",Colombo,Pannipitiya,9957.811578417148,Large,1.6666666666666667,8
House for sale,27843893.0,4,3,2587.95,"Pannipitiya, Colombo",Colombo,Pannipitiya,10759.053691145502,Large,1.3333333333333333,7
House for sale,128289396.0,4,4,2902.93,"Kohuwala, Colombo",Colombo,Kohuwala,44193.072516388616,Large,1.0,8
House for sale,36697981.0,5,3,4195.0,"Awissawella, Colombo",Colombo,Awissawella,8748.02884386174,Very Large,1.6666666666666667,8
House for sale,38679887.0,5,3,4740.0,"Awissawella, Colombo",Colombo,Awissawella,8160.313713080169,Very Large,1.6666666666666667,8
House for sale,31137809.0,6,4,3815.76,"Mount Lavinia, Colombo",Colombo,Mount Lavinia,8160.316424513072,Very Large,1.5,10
House for sale,403970977.0,8,5,9000.79,"Colombo 7, Colombo",Colombo,Colombo 7,44881.72449307227,Very Large,1.6,13
House for sale,281365592.0,6,5,9019.7,"Nugegoda, Colombo",Colombo,Nugegoda,31194.56212512611,Very Large,1.2,11
House for sale,147580218.0,4,4,3788.71,"Boralesgamuwa, Colombo",Colombo,Boralesgamuwa,38952.629786919555,Very Large,1.0,8
House for sale,10015694.0,2,3,896.0,"Polgasovita, Colombo",Colombo,Polgasovita,11178.229910714286,Small,0.6666666666666666,5
House for sale,107510081.0,4,5,3012.87,"Kohuwala, Colombo",Colombo,Kohuwala,35683.610975581425,Large,0.8,9
House for sale,128117812.0,5,4,5493.15,"Maharagama, Colombo",Colombo,Maharagama,23323.195616358556,Very Large,1.25,9
House for sale,85028301.0,5,4,4776.93,"Bambalapitiya , Colombo",Colombo,Bambalapitiya ,17799.77956553686,Very Large,1.25,9
House for sale,75679675.0,3,3,3797.03,"Thalawathugoda, Colombo",Colombo,Thalawathugoda,19931.28181763115,Very Large,1.0,6
House for sale,40610751.0,3,2,2400.39,"Pitakotte, Colombo",Colombo,Pitakotte,16918.397010485798,Large,1.5,5
Villa for sale,145698721.0,5,4,3246.28,"Boralesgamuwa, Colombo",Colombo,Boralesgamuwa,44881.74803159308,Large,1.25,9
Villa for sale,45118706.0,6,4,5529.04,"Awissawella, Colombo",Colombo,Awissawella,8160.314629664463,Very Large,1.5,10
House for sale,162394092.0,5,3,3618.27,"Colombo 7, Colombo",Colombo,Colombo 7,44881.69539586598,Very Large,1.6666666666666667,8
House for sale,107281630.0,4,3,3320.98,"Nugegoda, Colombo",Colombo,Nugegoda,32304.20839631675,Large,1.3333333333333333,7
House for sale,53595568.0,5,3,1893.31,"Maharagama, Colombo",Colombo,Maharagama,28307.867174419403,Medium,1.6666666666666667,8
House for sale,93801368.0,7,6,5217.98,"Boralesgamuwa, Colombo",Colombo,Boralesgamuwa,17976.567177336827,Very Large,1.1666666666666667,13
House for sale,65532641.0,4,3,3316.76,"Dehiwala, Colombo",Colombo,Dehiwala,19758.029221288245,Large,1.3333333333333333,7
House for sale,75000000.0,4,4,4200.0,"Beddagana, Pita Kotte",Colombo,Pitakotte,17857.14285714286,Very Large,1.0,8
House for sale,35321873.0,3,3,2713.07,"Maharagama, Colombo",Colombo,Maharagama,13019.152841614849,Large,1.0,6
House for sale,328765704.0,7,5,7325.15,"Kohuwala, Colombo",Colombo,Kohuwala,44881.77088523785,Very Large,1.4,12
House for sale,17133046.0,4,3,2099.56,"Pannipitiya, Colombo",Colombo,Pannipitiya,8160.303111128046,Large,1.3333333333333333,7
House for sale,48056431.0,3,2,2117.39,"Kaduwela, Colombo",Colombo,Kaduwela,22696.069689570653,Large,1.5,5
House for sale,53984091.0,6,5,4122.12,"Kothalawala, Colombo",Colombo,Kothalawala,13096.195889493756,Very Large,1.2,11
House for sale,65297687.0,4,3,3798.46,"Kolonnawa, Colombo",Colombo,Kolonnawa,17190.568546200302,Very Large,1.3333333333333333,7
House for sale,121399448.0,4,3,6026.42,"Dehiwala, Colombo",Colombo,Dehiwala,20144.538216719047,Very Large,1.3333333333333333,7
House for sale,32557187.0,2,3,2086.06,"Kolonnawa, Colombo",Colombo,Kolonnawa,15607.02328792077,Large,0.6666666666666666,5
House for sale,26358385.0,2,2,1444.01,"Boralesgamuwa, Colombo",Colombo,Boralesgamuwa,18253.602814384943,Medium,1.0,4
House for sale,27661721.0,4,3,1405.07,"Kolonnawa, Colombo",Colombo,Kolonnawa,19687.076800444105,Medium,1.3333333333333333,7
House for sale,12460543.0,2,1,1526.97,"Padukka, Colombo",Colombo,Padukka,8160.306358343648,Medium,2.0,3
House for sale,44436018.0,4,3,1347.49,"Maharagama, Colombo",Colombo,Maharagama,32976.88146108691,Medium,1.3333333333333333,7
House for sale,125000000.0,4,4,5000.0,"Ratthanapitiya, Nugegoda",Colombo,Nugegoda,25000.0,Very Large,1.0,8
Villa for sale,32266324.0,3,3,1278.91,"Kolonnawa, Colombo",Colombo,Kolonnawa,25229.550163811367,Medium,1.0,6
House for sale,66527578.0,5,3,1908.33,"Colombo 9, Colombo",Colombo,Colombo 9,34861.67381951759,Medium,1.6666666666666667,8
House for sale,43110051.0,3,3,1860.28,"Moratuwa, Colombo",Colombo,Moratuwa,23173.958221343022,Medium,1.0,6
House for sale,96475312.0,4,4,4257.71,"Pitakotte, Colombo",Colombo,Pitakotte,22658.967379178008,Very Large,1.0,8
House for sale,37417430.0,5,4,2468.51,"Kottawa, Colombo",Colombo,Kottawa,15157.90091998817,Large,1.25,9
House for sale,52186857.0,4,3,2261.31,"Wellampitiya, Colombo",Colombo,Wellampitiya,23078.152486832852,Large,1.3333333333333333,7
House for sale,61778236.0,5,3,2887.74,"Pitakotte, Colombo",Colombo,Pitakotte,21393.28194366529,Large,1.6666666666666667,8
House for sale,15836305.0,3,2,1151.42,"Maththegoda, Colombo",Colombo,Maththegoda,13753.717149259175,Medium,1.5,5
House for sale,21640512.0,5,3,2052.27,"Pannipitiya, Colombo",Colombo,Pannipitiya,10544.671022818635,Large,1.6666666666666667,8
House for sale,108180046.0,5,5,4353.78,"Kohuwala, Colombo",Colombo,Kohuwala,24847.384571567698,Very Large,1.0,10
House for sale,80369700.0,4,3,2713.46,"Kothalawala, Colombo",Colombo,Kothalawala,29618.89985479793,Large,1.3333333333333333,7
House for sale,21604928.0,4,3,2647.56,"Wellampitiya, Colombo",Colombo,Wellampitiya,8160.316668932905,Large,1.3333333333333333,7
House for sale,44756387.0,3,3,997.21,"Nawala, Colombo",Colombo,Nawala,44881.606682644575,Small,1.0,6
House for sale,24070185.0,1,3,1156.5,"Kolonnawa, Colombo",Colombo,Kolonnawa,20812.95719844358,Medium,0.3333333333333333,4
House for sale,14508093.0,2,2,896.0,"Kolonnawa, Colombo",Colombo,Kolonnawa,16192.068080357143,Small,1.0,4
House for sale,16100383.0,1,2,1242.91,"Maththegoda, Colombo",Colombo,Maththegoda,12953.780241529957,Medium,0.5,3
House for sale,26190065.0,4,3,1600.51,"Pannipitiya, Colombo",Colombo,Pannipitiya,16363.574735553042,Medium,1.3333333333333333,7
House for sale,27320205.0,6,4,2232.12,"Colombo 8, Colombo",Colombo,Colombo 8,12239.577173270254,Large,1.5,10
House for sale,35768363.0,3,3,1639.83,"Homagama, Colombo",Colombo,Homagama,21812.238463743193,Medium,1.0,6
House for sale,151651585.0,6,4,4387.44,"Mount Lavinia, Colombo",Colombo,Mount Lavinia,34564.936500556134,Very Large,1.5,10
House for sale,64120738.0,5,3,3854.21,"Kolonnawa, Colombo",Colombo,Kolonnawa,16636.544972899763,Very Large,1.6666666666666667,8
House for sale,89796645.0,6,4,4107.46,"Nugegoda, Colombo",Colombo,Nugegoda,21861.84284204837,Very Large,1.5,10
House for sale,26476951.0,2,2,2218.02,"Polgasovita, Colombo",Colombo,Polgasovita,11937.201197464405,Large,1.0,4
House for sale,125467084.0,3,5,2795.5,"Pamankada, Colombo",Colombo,Pamankada,44881.804328384904,Large,0.6,8
House for sale,42495452.0,5,3,5207.57,"Awissawella, Colombo",Colombo,Awissawella,8160.322760903839,Very Large,1.6666666666666667,8
House for sale,33663288.0,3,4,2573.04,"Homagama, Colombo",Colombo,Homagama,13083.079936573082,Large,0.75,7
House for sale,38652095.0,6,4,4736.59,"Awissawella, Colombo",Colombo,Awissawella,8160.321032641626,Very Large,1.5,10
House for sale,94263657.0,7,5,5713.08,"Moratuwa, Colombo",Colombo,Moratuwa,16499.62139511437,Very Large,1.4,12
House for sale,18367136.0,2,2,1397.06,"Homagama, Colombo",Colombo,Homagama,13146.991539375545,Medium,1.0,4
House for sale,15859111.0,2,2,896.0,"Kolonnawa, Colombo",Colombo,Kolonnawa,17699.90066964286,Small,1.0,4
House for sale,46258601.0,3,3,1736.48,"Homagama, Colombo",Colombo,Homagama,26639.293858840872,Medium,1.0,6
House for sale,48414093.0,4,2,2385.18,"Pitakotte, Colombo",Colombo,Pitakotte,20297.87814756119,Large,2.0,6
Villa for sale,33483924.0,2,2,1428.81,"Boralesgamuwa, Colombo",Colombo,Boralesgamuwa,23434.833182858463,Medium,1.0,4
Villa for sale,90965037.0,3,5,3811.45,"Nugegoda, Colombo",Colombo,Nugegoda,23866.254837397842,Very Large,0.6,8
House for sale,7844048.0,1,2,896.0,"Wellampitiya, Colombo",Colombo,Wellampitiya,8754.517857142857,Small,0.5,3
House for sale,29168698.0,2,3,1317.79,"Kolonnawa, Colombo",Colombo,Kolonnawa,22134.557099386093,Medium,0.6666666666666666,5
House for sale,39556070.0,2,1,2653.75,"Boralesgamuwa, Colombo",Colombo,Boralesgamuwa,14905.725859632596,Large,2.0,3
House for sale,44576425.0,4,3,4431.83,"Malabe, Colombo",Colombo,Malabe,10058.243434427764,Very Large,1.3333333333333333,7
House for sale,181828669.0,3,4,4262.07,"Nawala, Colombo",Colombo,Nawala,42662.05599626473,Very Large,0.75,7
Villa for sale,95324765.0,4,4,2681.57,"Dehiwala, Colombo",Colombo,Dehiwala,35548.11733424822,Large,1.0,8
House for sale,50295784.0,5,5,3609.16,"Dehiwala, Colombo",Colombo,Dehiwala,13935.592769508696,Very Large,1.0,10
House for sale,266679934.0,10,8,9019.7,"Boralesgamuwa, Colombo",Colombo,Boralesgamuwa,29566.3862434449,Very Large,1.25,18
House for sale,28500000.0,4,3,1400.0,"Silva Lane, Kolonnawa",Colombo,Kolonnawa,20357.14285714286,Medium,1.3333333333333333,7
House for sale,104594296.0,3,4,2483.34,"Dehiwala, Colombo",Colombo,Dehiwala,42118.39538685802,Large,0.75,7
House for sale,45092324.0,5,3,3760.89,"Kesbewa, Colombo",Colombo,Kesbewa,11989.801350212318,Very Large,1.6666666666666667,8
Villa for sale,51308799.0,5,5,3592.11,"Kothalawala, Colombo",Colombo,Kothalawala,14283.749384066747,Very Large,1.0,10
House for sale,32450624.0,5,3,2191.79,"Awissawella, Colombo",Colombo,Awissawella,14805.535201821343,Large,1.6666666666666667,8
House for sale,29448330.0,3,2,2930.95,"Boralesgamuwa, Colombo",Colombo,Boralesgamuwa,10047.366894692848,Large,1.5,5
House for sale,86680609.0,3,2,4613.4,"Boralesgamuwa, Colombo",Colombo,Boralesgamuwa,18788.877834135346,Very Large,1.5,5
House for sale,850000000.0,6,5,9985.0,"Guildford Road, Colombo 07 ",Colombo,Colombo 7,85127.69153730596,Very Large,1.2,11
House for sale,55922085.0,3,4,3579.44,"Thalawathugoda, Colombo",Colombo,Thalawathugoda,15623.137976890239,Very Large,0.75,7
House for sale,36457908.0,5,4,2626.13,"Awissawella, Colombo",Colombo,Awissawella,13882.750663523891,Large,1.25,9
House for sale,130063222.0,7,6,3745.86,"Rathmalana, Colombo",Colombo,Rathmalana,34721.85879878052,Very Large,1.1666666666666667,13
House for sale,48280037.0,4,3,2283.92,"Makumbura, Colombo",Colombo,Makumbura,21139.110389155485,Large,1.3333333333333333,7
House for sale,38270099.0,5,3,1972.55,"Wellampitiya, Colombo",Colombo,Wellampitiya,19401.332792578134,Medium,1.6666666666666667,8
House for sale,120588765.0,4,5,2686.81,"Nawala, Colombo",Colombo,Nawala,44881.76127080069,Large,0.8,9
Villa for sale,37744688.0,3,2,1109.46,"Nugegoda, Colombo",Colombo,Nugegoda,34020.77407026842,Medium,1.5,5
House for sale,68812003.0,5,4,4252.2,"Thalawathugoda, Colombo",Colombo,Thalawathugoda,16182.682611354123,Very Large,1.25,9
House for sale,290185683.0,8,6,8004.81,"Nugegoda, Colombo",Colombo,Nugegoda,36251.41421220491,Very Large,1.3333333333333333,14
House for sale,36053643.0,4,4,2573.2,"Homagama, Colombo",Colombo,Homagama,14011.209000466346,Large,1.0,8
House for sale,141815940.0,4,4,3159.77,"Boralesgamuwa, Colombo",Colombo,Boralesgamuwa,44881.728733420474,Large,1.0,8
Villa for sale,110767290.0,6,4,4635.95,"Malabe, Colombo",Colombo,Malabe,23893.11575836668,Very Large,1.5,10
House for sale,278185508.0,9,8,8403.51,"Battaramulla, Colombo",Colombo,Battaramulla,33103.48985126453,Very Large,1.125,17
House for sale,44300734.0,3,3,3367.33,"Kesbewa, Colombo",Colombo,Kesbewa,13156.041730391735,Large,1.0,6
House for sale,101226882.0,3,2,4000.75,"Colombo 6, Colombo",Colombo,Colombo 6,25301.976379428856,Very Large,1.5,5
House for sale,64836730.0,3,4,4081.65,"Pitakotte, Colombo",Colombo,Pitakotte,15884.931339041808,Very Large,0.75,7
House for sale,54705847.0,4,4,2866.13,"Thalawathugoda, Colombo",Colombo,Thalawathugoda,19087.008265500866,Large,1.0,8
House for sale,92000000.0,5,4,4500.0,"Delkanda, Nugegoda",Colombo,Nugegoda,20444.444444444445,Very Large,1.25,9
House for sale,75386842.0,4,3,2879.6,"Moratuwa, Colombo",Colombo,Moratuwa,26179.622864286706,Large,1.3333333333333333,7
House for sale,40772786.0,4,3,2644.02,"Rathmalana, Colombo",Colombo,Rathmalana,15420.755516221512,Large,1.3333333333333333,7
House for sale,44224187.0,4,4,2332.87,"Homagama, Colombo",Colombo,Homagama,18956.98731605276,Large,1.0,8
House for sale,39714756.0,2,3,1842.84,"Homagama, Colombo",Colombo,Homagama,21550.84326365827,Medium,0.6666666666666666,5
House for sale,93217983.0,6,4,3391.09,"Battaramulla, Colombo",Colombo,Battaramulla,27489.091413085465,Large,1.5,10
House for sale,35919592.0,3,3,1691.78,"Awissawella, Colombo",Colombo,Awissawella,21231.83392639705,Medium,1.0,6
House for sale,33693598.0,3,3,2557.43,"Maharagama, Colombo",Colombo,Maharagama,13174.787970736248,Large,1.0,6
House for sale,254265248.0,9,8,8683.42,"Battaramulla, Colombo",Colombo,Battaramulla,29281.694079061013,Very Large,1.125,17
House for sale,32367149.0,5,3,3199.78,"Makadana, Colombo",Colombo,Makadana,10115.429498278007,Large,1.6666666666666667,8
House for sale,98000000.0,4,3,4000.0,"Nugegoda, Colombo",Colombo,Nugegoda,24500.0,Very Large,1.3333333333333333,7
House for sale,12500689.0,2,2,1071.52,"Padukka, Colombo",Colombo,Padukka,11666.314207854264,Medium,1.0,4
House for sale,46565309.0,4,4,1037.51,"Nawala, Colombo",Colombo,Nawala,44881.79294657401,Medium,1.0,8
House for sale,44262078.0,6,4,4798.22,"Awissawella, Colombo",Colombo,Awissawella,9224.687071455664,Very Large,1.5,10
House for sale,13314108.0,4,2,1631.57,"Moratuwa, Colombo",Colombo,Moratuwa,8160.304491992376,Medium,2.0,6
Villa for sale,78168976.0,5,5,3235.38,"Rathmalana, Colombo",Colombo,Rathmalana,24160.678498352587,Large,1.0,10
House for sale,35321732.0,3,2,1170.09,"Colombo 9, Colombo",Colombo,Colombo 9,30187.19243818852,Medium,1.5,5
House for sale,30485683.0,3,3,1861.92,"Nawala, Colombo",Colombo,Nawala,16373.250730428805,Medium,1.0,6
House for sale,76392754.0,5,5,3709.39,"Dehiwala, Colombo",Colombo,Dehiwala,20594.424959359894,Very Large,1.0,10
Villa for sale,98637539.0,6,5,4050.86,"Maharagama, Colombo",Colombo,Maharagama,24349.777331233367,Very Large,1.2,11
House for sale,398146614.0,9,9,9019.7,"Dematagoda, Colombo",Colombo,Dematagoda,44141.89097198354,Very Large,1.0,18
House for sale,98876799.0,6,4,4170.32,"Nugegoda, Colombo",Colombo,Nugegoda,23709.64314489056,Very Large,1.5,10
House for sale,196199178.0,6,4,4371.47,"Colombo 7, Colombo",Colombo,Colombo 7,44881.739552141495,Very Large,1.5,10
House for sale,38907480.0,5,4,2543.65,"Colombo 9, Colombo",Colombo,Colombo 9,15295.925146934524,Large,1.25,9
House for sale,29617688.0,3,3,2188.54,"Polgasovita, Colombo",Colombo,Polgasovita,13533.080501156022,Large,1.0,6
House for sale,13586692.0,2,1,1635.85,"Moratuwa, Colombo",Colombo,Moratuwa,8305.585475440903,Medium,2.0,3
House for sale,352642084.0,7,5,7857.14,"Kohuwala, Colombo",Colombo,Kohuwala,44881.73610244949,Very Large,1.4,12
House for sale,125806674.0,8,6,3652.86,"Rathmalana, Colombo",Colombo,Rathmalana,34440.59558811452,Very Large,1.3333333333333333,14
House for sale,114234296.0,4,4,3929.65,"Nugegoda, Colombo",Colombo,Nugegoda,29069.839807616452,Very Large,1.0,8
House for sale,22354664.0,3,2,1635.76,"Boralesgamuwa, Colombo",Colombo,Boralesgamuwa,13666.224874064656,Medium,1.5,5
House for sale,40712330.0,3,5,3104.21,"Morakatiya, Colombo",Colombo,Morakatiya,13115.198391861375,Large,0.6,8
House for sale,82681498.0,7,6,5810.83,"Boralesgamuwa, Colombo",Colombo,Boralesgamuwa,14228.861969804659,Very Large,1.1666666666666667,13
House for sale,242202553.0,6,5,5396.46,"Pitakotte, Colombo",Colombo,Pitakotte,44881.747108289506,Very Large,1.2,11
House for sale,50384790.0,4,3,3404.65,"Kirulapona, Colombo",Colombo,Kirulapona,14798.81632473235,Large,1.3333333333333333,7
House for sale,15991042.0,1,1,1142.45,"Moratuwa, Colombo",Colombo,Moratuwa,13997.148234058383,Medium,1.0,2
House for sale,33371734.0,2,1,2665.9,"Boralesgamuwa, Colombo",Colombo,Boralesgamuwa,12517.999174762745,Large,2.0,3
House for sale,59463747.0,5,3,5666.94,"Kolonnawa, Colombo",Colombo,Kolonnawa,10493.096274179718,Very Large,1.6666666666666667,8
House for sale,404819885.0,10,9,9019.7,"Dematagoda, Colombo",Colombo,Dematagoda,44881.74606694235,Very Large,1.1111111111111112,19
House for sale,50222105.0,2,3,1964.85,"Moratuwa, Colombo",Colombo,Moratuwa,25560.274321195004,Medium,0.6666666666666666,5
Villa for sale,93496898.0,4,5,4632.02,"Battaramulla, Colombo",Colombo,Battaramulla,20184.90809625174,Very Large,0.8,9
House for sale,75156288.0,1,2,1674.54,"Kohuwala, Colombo",Colombo,Kohuwala,44881.75140635637,Medium,0.5,3
House for sale,89331626.0,6,6,6622.17,"Boralesgamuwa, Colombo",Colombo,Boralesgamuwa,13489.781446263083,Very Large,1.0,12
House for sale,28854285.0,2,2,2425.97,"Padukka, Colombo",Colombo,Padukka,11893.916660140068,Large,1.0,4
House for sale,20908231.0,2,3,1204.99,"Colombo 9, Colombo",Colombo,Colombo 9,17351.37304044017,Medium,0.6666666666666666,5
House for sale,81197766.0,4,5,3553.39,"Dehiwala, Colombo",Colombo,Dehiwala,22850.78924632534,Very Large,0.8,9
House for sale,404819885.0,8,6,9019.7,"Colombo 7, Colombo",Colombo,Colombo 7,44881.74606694235,Very Large,1.3333333333333333,14
House for sale,67366467.0,8,6,5150.99,"Kottawa, Colombo",Colombo,Kottawa,13078.353287426302,Very Large,1.3333333333333333,14
House for sale,258485169.0,6,6,5759.25,"Pitakotte, Colombo",Colombo,Pitakotte,44881.74137257456,Very Large,1.0,12
House for sale,354489547.0,6,5,7898.3,"Kohuwala, Colombo",Colombo,Kohuwala,44881.75265563476,Very Large,1.2,11
House for sale,156562633.0,8,6,3606.3,"Kottawa, Colombo",Colombo,Kottawa,43413.646396583754,Very Large,1.3333333333333333,14
House for sale,17500000.0,3,2,1200.0,"Prime Express, Maththegoda",Colombo,Maththegoda,14583.333333333334,Medium,1.5,5
House for sale,7777000.0,1,1,896.0,"Colombo 8, Colombo",Colombo,Colombo 8,8679.6875,Small,1.0,2
House for sale,81478452.0,4,4,2390.11,"Dehiwala, Colombo",Colombo,Dehiwala,34089.8335223065,Large,1.0,8
House for sale,180642667.0,4,4,4024.86,"Nawala, Colombo",Colombo,Nawala,44881.726817827206,Very Large,1.0,8
House for sale,397417048.0,9,8,8854.76,"Battaramulla, Colombo",Colombo,Battaramulla,44881.74134589757,Very Large,1.125,17
House for sale,33263080.0,3,3,1809.76,"Homagama, Colombo",Colombo,Homagama,18379.829369640174,Medium,1.0,6
House for sale,28250895.0,4,2,1288.95,"Malabe, Colombo",Colombo,Malabe,21917.758640754102,Medium,2.0,6
House for sale,114201612.0,5,5,5198.53,"Moratuwa, Colombo",Colombo,Moratuwa,21968.058662737352,Very Large,1.0,10
House for sale,119464895.0,9,7,4246.94,"Rathmalana, Colombo",Colombo,Rathmalana,28129.64039991147,Very Large,1.2857142857142858,16
House for sale,38192779.0,5,5,3934.79,"Morakatiya, Colombo",Colombo,Morakatiya,9706.433888466729,Very Large,1.0,10
House for sale,287836037.0,8,6,8944.55,"Nugegoda, Colombo",Colombo,Nugegoda,32180.04673236776,Very Large,1.3333333333333333,14
House for sale,18692497.0,4,3,1365.77,"Maththegoda, Colombo",Colombo,Maththegoda,13686.416453722077,Medium,1.3333333333333333,7
House for sale,191374483.0,4,4,4263.97,"Colombo 7, Colombo",Colombo,Colombo 7,44881.76112871338,Very Large,1.0,8
House for sale,64538740.0,5,5,1437.97,"Bambalapitiya , Colombo",Colombo,Bambalapitiya ,44881.84037219135,Medium,1.0,10
House for sale,189506406.0,4,4,4222.35,"Colombo 7, Colombo",Colombo,Colombo 7,44881.73789477423,Very Large,1.0,8
House for sale,257585715.0,5,5,5739.21,"Pitakotte, Colombo",Colombo,Pitakotte,44881.737207734164,Very Large,1.0,10
House for sale,41031185.0,3,2,2352.18,"Mount Lavinia, Colombo",Colombo,Mount Lavinia,17443.89672559073,Large,1.5,5
House for sale,40325738.0,4,4,2915.1,"Battaramulla, Colombo",Colombo,Battaramulla,13833.397825117492,Large,1.0,8
House for sale,18599252.0,5,3,2229.23,"Pannipitiya, Colombo",Colombo,Pannipitiya,8343.352637457776,Large,1.6666666666666667,8
House for sale,50277879.0,4,3,2933.02,"Pitakotte, Colombo",Colombo,Pitakotte,17142.017101826787,Large,1.3333333333333333,7
House for sale,18345374.0,3,3,1088.89,"Malabe, Colombo",Colombo,Malabe,16847.775257372185,Medium,1.0,6
Villa for sale,32203314.0,2,2,1500.89,"Athurugiriya, Colombo",Colombo,Athurugiriya,21456.14535375677,Medium,1.0,4
House for sale,50438971.0,3,3,2729.15,"Rathmalana, Colombo",Colombo,Rathmalana,18481.56788743748,Large,1.0,6
House for sale,40214044.0,4,5,896.0,"Colombo 9, Colombo",Colombo,Colombo 9,44881.74553571428,Small,0.8,9
House for sale,61102273.0,4,4,3266.93,"Moratuwa, Colombo",Colombo,Moratuwa,18703.269736419206,Large,1.0,8
House for sale,320251019.0,5,5,7135.44,"Colombo 7, Colombo",Colombo,Colombo 7,44881.74786698508,Very Large,1.0,10
House for sale,29181311.0,4,4,1164.62,"Kaduwela, Colombo",Colombo,Kaduwela,25056.508560732258,Medium,1.0,8
Villa for sale,71619008.0,6,5,4441.31,"Dehiwala, Colombo",Colombo,Dehiwala,16125.649414249398,Very Large,1.2,11
House for sale,356168661.0,8,6,8179.28,"Colombo 6, Colombo",Colombo,Colombo 6,43545.233932571085,Very Large,1.3333333333333333,14
House for sale,100869317.0,5,4,2936.79,"Bambalapitiya , Colombo",Colombo,Bambalapitiya ,34346.79258646345,Large,1.25,9
Villa for sale,183003868.0,5,3,4077.47,"Colombo 7, Colombo",Colombo,Colombo 7,44881.72028243004,Very Large,1.6666666666666667,8
House for sale,48617807.0,5,4,2593.91,"Battaramulla, Colombo",Colombo,Battaramulla,18743.05854867748,Large,1.25,9
House for sale,28058275.0,4,4,2848.55,"Awissawella, Colombo",Colombo,Awissawella,9850.020185708518,Large,1.0,8
House for sale,113040343.0,4,4,4115.13,"Battaramulla, Colombo",Colombo,Battaramulla,27469.446408740427,Very Large,1.0,8
House for sale,66543894.0,5,4,4352.26,"Pitakotte, Colombo",Colombo,Pitakotte,15289.503384448539,Very Large,1.25,9
House for sale,60634248.0,3,2,1350.98,"Pamankada, Colombo",Colombo,Pamankada,44881.67700484093,Medium,1.5,5
House for sale,38921754.0,5,4,4117.93,"Awissawella, Colombo",Colombo,Awissawella,9451.776499357686,Very Large,1.25,9
House for sale,230772174.0,6,5,8195.94,"Nawala, Colombo",Colombo,Nawala,28156.889142673077,Very Large,1.2,11
House for sale,64603921.0,4,4,3606.43,"Thalawathugoda, Colombo",Colombo,Thalawathugoda,17913.538041775384,Very Large,1.0,8
House for sale,8628681.0,2,1,896.0,"Padukka, Colombo",Colombo,Padukka,9630.224330357143,Small,2.0,3
Villa for sale,31527379.0,4,3,1389.65,"Colombo 9, Colombo",Colombo,Colombo 9,22687.280250422766,Medium,1.3333333333333333,7
House for sale,59806230.0,5,3,2768.41,"Dehiwala, Colombo",Colombo,Dehiwala,21603.097084608133,Large,1.6666666666666667,8
House for sale,46846284.0,5,3,3893.41,"Kesbewa, Colombo",Colombo,Kesbewa,12032.199023478133,Very Large,1.6666666666666667,8
House for sale,224635630.0,5,5,5479.18,"Colombo 7, Colombo",Colombo,Colombo 7,40998.03802758807,Very Large,1.0,10
House for sale,91828311.0,5,4,2851.18,"Dehiwala, Colombo",Colombo,Dehiwala,32207.125120125704,Large,1.25,9
House for sale,114542388.0,4,4,4926.94,"Kothalawala, Colombo",Colombo,Kothalawala,23248.180006251347,Very Large,1.0,8
House for sale,139937703.0,5,5,3554.66,"Colombo 7, Colombo",Colombo,Colombo 7,39367.39463127276,Very Large,1.0,10
House for sale,58260170.0,5,5,3499.15,"Kothalawala, Colombo",Colombo,Kothalawala,16649.806381549806,Large,1.0,10
House for sale,133331638.0,4,5,2970.73,"Nawala, Colombo",Colombo,Nawala,44881.7758598055,Large,0.8,9
House for sale,45684233.0,4,4,2420.25,"Battaramulla, Colombo",Colombo,Battaramulla,18875.832248734634,Large,1.0,8
Villa for sale,85178199.0,6,4,4382.16,"Maharagama, Colombo",Colombo,Maharagama,19437.491784873215,Very Large,1.5,10
House for sale,241787489.0,7,6,5387.21,"Pitakotte, Colombo",Colombo,Pitakotte,44881.76421561439,Very Large,1.1666666666666667,13
House for sale,57977974.0,4,2,1976.66,"Dehiwala, Colombo",Colombo,Dehiwala,29331.283073467363,Medium,2.0,6
Villa for sale,109755025.0,4,6,4131.6,"Boralesgamuwa, Colombo",Colombo,Boralesgamuwa,26564.77514764256,Very Large,0.6666666666666666,10
House for sale,17856487.0,3,2,1029.73,"Mount Lavinia, Colombo",Colombo,Mount Lavinia,17340.94082914939,Medium,1.5,5
House for sale,236260593.0,5,5,5264.07,"Colombo 7, Colombo",Colombo,Colombo 7,44881.73466538249,Very Large,1.0,10
House for sale,13275560.0,4,3,1322.15,"Polgasovita, Colombo",Colombo,Polgasovita,10040.887947661005,Medium,1.3333333333333333,7
House for sale,42739968.0,5,3,3003.08,"Rathmalana, Colombo",Colombo,Rathmalana,14232.044434380703,Large,1.6666666666666667,8
House for sale,23443977.0,4,2,1672.38,"Athurugiriya, Colombo",Colombo,Athurugiriya,14018.331360097585,Medium,2.0,6
House for sale,51819167.0,3,3,2573.22,"Battaramulla, Colombo",Colombo,Battaramulla,20137.868895780386,Large,1.0,6
House for sale,74539512.0,3,3,3003.63,"Kirulapona, Colombo",Colombo,Kirulapona,24816.476063962604,Large,1.0,6
House for sale,230771658.0,6,5,5141.77,"Colombo 7, Colombo",Colombo,Colombo 7,44881.75433751412,Very Large,1.2,11
House for sale,43314114.0,5,3,5307.9,"Awissawella, Colombo",Colombo,Awissawella,8160.310857401233,Very Large,1.6666666666666667,8
House for sale,70323722.0,4,4,3103.36,"Pitakotte, Colombo",Colombo,Pitakotte,22660.510543411012,Large,1.0,8
House for sale,44152004.0,5,3,4519.0,"Morakatiya, Colombo",Colombo,Morakatiya,9770.304049568489,Very Large,1.6666666666666667,8
House for sale,46481882.0,3,4,1035.65,"Nawala, Colombo",Colombo,Nawala,44881.84425240187,Medium,0.75,7
House for sale,130214679.0,5,4,3820.54,"Kohuwala, Colombo",Colombo,Kohuwala,34082.79431703372,Very Large,1.25,9
House for sale,14752342.0,3,2,1807.81,"Moratuwa, Colombo",Colombo,Moratuwa,8160.338752413141,Medium,1.5,5
House for sale,80016335.0,3,3,3517.69,"Dehiwala, Colombo",Colombo,Dehiwala,22746.840966657095,Very Large,1.0,6
House for sale,19800545.0,3,2,1143.18,"Mount Lavinia, Colombo",Colombo,Mount Lavinia,17320.583810073655,Medium,1.5,5
House for sale,45502533.0,4,4,2196.95,"Wellampitiya, Colombo",Colombo,Wellampitiya,20711.683470265598,Large,1.0,8
House for sale,94644382.0,4,3,4991.53,"Colombo 6, Colombo",Colombo,Colombo 6,18960.99632777926,Very Large,1.3333333333333333,7
House for sale,17563643.0,2,2,1248.22,"Maththegoda, Colombo",Colombo,Maththegoda,14070.951434843217,Medium,1.0,4
House for sale,395783257.0,10,9,9019.7,"Dematagoda, Colombo",Colombo,Dematagoda,43879.86928611816,Very Large,1.1111111111111112,19
House for sale,47668374.0,4,3,2301.34,"Kottawa, Colombo",Colombo,Kottawa,20713.312244170786,Large,1.3333333333333333,7
House for sale,72313110.0,3,3,2716.39,"Mount Lavinia, Colombo",Colombo,Mount Lavinia,26621.033798534085,Large,1.0,6
House for sale,7777000.0,1,2,896.0,"Wellampitiya, Colombo",Colombo,Wellampitiya,8679.6875,Small,0.5,3
House for sale,32875780.0,2,2,2488.92,"Nugegoda, Colombo",Colombo,Nugegoda,13208.853639329507,Large,1.0,4
House for sale,46627227.0,4,3,3488.9,"Malabe, Colombo",Colombo,Malabe,13364.449253346327,Large,1.3333333333333333,7
House for sale,95488359.0,3,3,2127.55,"Dehiwala, Colombo",Colombo,Dehiwala,44881.840144767455,Large,1.0,6
House for sale,127153419.0,5,4,3096.62,"Boralesgamuwa, Colombo",Colombo,Boralesgamuwa,41062.00276430431,Large,1.25,9
House for sale,14236432.0,2,2,896.0,"Kolonnawa, Colombo",Colombo,Kolonnawa,15888.875,Small,1.0,4
House for sale,171560505.0,3,4,3822.5,"Nugegoda, Colombo",Colombo,Nugegoda,44881.75408763898,Very Large,0.75,7
House for sale,142174167.0,4,4,3747.36,"Pamankada, Colombo",Colombo,Pamankada,37939.820833867045,Very Large,1.0,8
Villa for sale,98443885.0,6,6,5457.62,"Boralesgamuwa, Colombo",Colombo,Boralesgamuwa,18037.878232636205,Very Large,1.0,12
House for sale,145403707.0,6,5,3239.71,"Mount Lavinia, Colombo",Colombo,Mount Lavinia,44881.70453528248,Large,1.2,11
House for sale,14244922.0,3,2,1745.63,"Moratuwa, Colombo",Colombo,Moratuwa,8160.332945698687,Medium,1.5,5
House for sale,14262591.0,2,1,1747.8,"Moratuwa, Colombo",Colombo,Moratuwa,8160.310676278751,Medium,2.0,3
House for sale,133587168.0,5,4,4841.1,"Colombo 6, Colombo",Colombo,Colombo 6,27594.383094751192,Very Large,1.25,9
House for sale,39102617.0,3,3,1970.83,"Kaduwela, Colombo",Colombo,Kaduwela,19840.684889107637,Medium,1.0,6
House for sale,123399821.0,5,5,2826.37,"Nawala, Colombo",Colombo,Nawala,43660.179311272055,Large,1.0,10
House for sale,40344405.0,4,3,2360.28,"Kaduwela, Colombo",Colombo,Kaduwela,17093.058874370836,Large,1.3333333333333333,7
House for sale,27500000.0,3,2,1600.0,"Oruwala, Athurugiriya",Colombo,Athurugiriya,17187.5,Medium,1.5,5
Villa for sale,59327539.0,4,4,3482.69,"Pitakotte, Colombo",Colombo,Pitakotte,17034.97555050837,Large,1.0,8
Villa for sale,89055003.0,3,2,4871.76,"Colombo 6, Colombo",Colombo,Colombo 6,18279.841987290012,Very Large,1.5,5
House for sale,152000000.0,6,6,2547.0,"Maya Avenue , Colombo 06",Colombo,Colombo 6,59678.052610914805,Large,1.0,12
House for sale,190140762.0,5,5,4620.11,"Colombo 7, Colombo",Colombo,Colombo 7,41155.02920926125,Very Large,1.0,10
House for sale,36987939.0,5,4,4532.66,"Kaduwela, Colombo",Colombo,Kaduwela,8160.316238147137,Very Large,1.25,9
House for sale,95996170.0,6,5,2138.87,"Battaramulla, Colombo",Colombo,Battaramulla,44881.72259183588,Large,1.2,11
House for sale,65859166.0,4,3,2911.2,"Pitakotte, Colombo",Colombo,Pitakotte,22622.68686452322,Large,1.3333333333333333,7
House for sale,37000000.0,5,2,2500.0,"Puwakpitiya, Avissawella",Colombo,Awissawella,14800.0,Large,2.5,7
House for sale,195495863.0,3,4,4355.8,"Colombo 7, Colombo",Colombo,Colombo 7,44881.73538729969,Very Large,0.75,7
House for sale,67165353.0,4,5,3981.59,"Moratuwa, Colombo",Colombo,Moratuwa,16868.977719956096,Very Large,0.8,9
House for sale,40214044.0,4,4,896.0,"Nawala, Colombo",Colombo,Nawala,44881.74553571428,Small,1.0,8
House for sale,185619595.0,6,3,4135.75,"Colombo 6, Colombo",Colombo,Colombo 6,44881.72520099136,Very Large,2.0,9
House for sale,35687922.0,2,3,1884.32,"Homagama, Colombo",Colombo,Homagama,18939.416871868896,Medium,0.6666666666666666,5
House for sale,270001008.0,5,5,6015.83,"Colombo 7, Colombo",Colombo,Colombo 7,44881.754969804664,Very Large,1.0,10
House for sale,82908182.0,6,5,4762.41,"Moratuwa, Colombo",Colombo,Moratuwa,17408.871138772178,Very Large,1.2,11
House for sale,79751586.0,3,3,3200.89,"Nugegoda, Colombo",Colombo,Nugegoda,24915.441017966878,Large,1.0,6
House for sale,404819885.0,9,9,9019.7,"Dematagoda, Colombo",Colombo,Dematagoda,44881.74606694235,Very Large,1.0,18
Villa for sale,57647186.0,5,3,2302.7,"Wellampitiya, Colombo",Colombo,Wellampitiya,25034.605463151955,Large,1.6666666666666667,8
House for sale,147531499.0,4,4,4635.66,"Nugegoda, Colombo",Colombo,Nugegoda,31825.349356941624,Very Large,1.0,8
House for sale,24362752.0,2,2,1866.0,"Colombo 7, Colombo",Colombo,Colombo 7,13056.137191854234,Medium,1.0,4
House for sale,45438569.0,3,3,2078.6,"Homagama, Colombo",Colombo,Homagama,21860.179447705188,Large,1.0,6
Villa for sale,42023815.0,4,4,1898.69,"Wellampitiya, Colombo",Colombo,Wellampitiya,22133.05752913851,Medium,1.0,8
House for sale,300749640.0,7,5,9019.7,"Dematagoda, Colombo",Colombo,Dematagoda,33343.6411410579,Very Large,1.4,12
House for sale,17655335.0,2,2,1152.03,"Kesbewa, Colombo",Colombo,Kesbewa,15325.41253265974,Medium,1.0,4
House for sale,153813795.0,5,4,4528.02,"Pamankada, Colombo",Colombo,Pamankada,33969.32765314641,Very Large,1.25,9
House for sale,36921814.0,4,3,3826.89,"Makadana, Colombo",Colombo,Makadana,9647.994585681847,Very Large,1.3333333333333333,7
House for sale,13096320.0,2,2,1599.67,"Kesbewa, Colombo",Colombo,Kesbewa,8186.888545762563,Medium,1.0,4
House for sale,404819885.0,10,9,9019.7,"Colombo 7, Colombo",Colombo,Colombo 7,44881.74606694235,Very Large,1.1111111111111112,19
House for sale,48439656.0,3,3,2426.2,"Boralesgamuwa, Colombo",Colombo,Boralesgamuwa,19965.23617179128,Large,1.0,6
House for sale,16736288.0,2,2,896.0,"Kolonnawa, Colombo",Colombo,Kolonnawa,18678.89285714286,Small,1.0,4
House for sale,63578529.0,5,3,3103.11,"Pitakotte, Colombo",Colombo,Pitakotte,20488.64816264973,Large,1.6666666666666667,8
Villa for sale,56373680.0,4,4,2802.77,"Rathmalana, Colombo",Colombo,Rathmalana,20113.559086189733,Large,1.0,8
House for sale,12512388.0,4,2,1533.32,"Moratuwa, Colombo",Colombo,Moratuwa,8160.324002817416,Medium,2.0,6
House for sale,100176327.0,4,4,2679.21,"Battaramulla, Colombo",Colombo,Battaramulla,37390.24824481844,Large,1.0,8
House for sale,23362643.0,4,3,2862.96,"Pannipitiya, Colombo",Colombo,Pannipitiya,8160.310657501327,Large,1.3333333333333333,7
House for sale,34087080.0,2,2,1031.13,"Pamankada, Colombo",Colombo,Pamankada,33057.98492915539,Medium,1.0,4
House for sale,92319449.0,4,2,4212.9,"Pitakotte, Colombo",Colombo,Pitakotte,21913.515393197085,Very Large,2.0,6
House for sale,25531867.0,3,3,2948.42,"Piliyandala, Colombo",Colombo,Piliyandala,8659.50814334457,Large,1.0,6
House for sale,169028479.0,5,3,3766.09,"Colombo 7, Colombo",Colombo,Colombo 7,44881.68870101352,Very Large,1.6666666666666667,8
House for sale,183365559.0,6,4,4085.53,"Colombo 7, Colombo",Colombo,Colombo 7,44881.70665739818,Very Large,1.5,10
House for sale,16557899.0,2,2,1315.06,"Maththegoda, Colombo",Colombo,Maththegoda,12590.983681352942,Medium,1.0,4
House for sale,20043564.0,1,2,1249.03,"Awissawella, Colombo",Colombo,Awissawella,16047.303907832478,Medium,0.5,3
House for sale,404819885.0,10,10,9019.7,"Pamankada, Colombo",Colombo,Pamankada,44881.74606694235,Very Large,1.0,20
House for sale,95785812.0,4,4,4290.48,"Thalawathugoda, Colombo",Colombo,Thalawathugoda,22325.197180735024,Very Large,1.0,8
House for sale,25844948.0,3,2,1735.51,"Pamankada, Colombo",Colombo,Pamankada,14891.846200828575,Medium,1.5,5
House for sale,128272781.0,7,6,4298.67,"Pitakotte, Colombo",Colombo,Pitakotte,29840.10891740934,Very Large,1.1666666666666667,13
House for sale,30272647.0,4,4,1119.9,"Kolonnawa, Colombo",Colombo,Kolonnawa,27031.562639521384,Medium,1.0,8
House for sale,51750147.0,2,2,3058.6,"Dehiwala, Colombo",Colombo,Dehiwala,16919.55371738704,Large,1.0,4
House for sale,33000000.0,4,4,2400.0,"Kiriwaththuduwa , Homagama",Colombo,Homagama,13750.0,Large,1.0,8
House for sale,99276157.0,4,4,3831.15,"Pitakotte, Colombo",Colombo,Pitakotte,25912.8869921564,Very Large,1.0,8
House for sale,307570111.0,8,6,9019.7,"Nugegoda, Colombo",Colombo,Nugegoda,34099.81606927059,Very Large,1.3333333333333333,14
House for sale,78096711.0,4,3,2798.7,"Battaramulla, Colombo",Colombo,Battaramulla,27904.63822489013,Large,1.3333333333333333,7
House for sale,41563873.0,2,2,1182.36,"Maharagama, Colombo",Colombo,Maharagama,35153.314557326026,Medium,1.0,4
House for sale,136098977.0,4,5,3032.39,"Nawala, Colombo",Colombo,Nawala,44881.752347158515,Large,0.8,9
House for sale,40444477.0,3,3,2581.02,"Colombo 7, Colombo",Colombo,Colombo 7,15669.958775987789,Large,1.0,6
Villa for sale,89645988.0,3,4,2491.26,"Dehiwala, Colombo",Colombo,Dehiwala,35984.195949037836,Large,0.75,7
House for sale,79305491.0,4,2,2585.88,"Kirulapona, Colombo",Colombo,Kirulapona,30668.666372762847,Large,2.0,6
House for sale,51979841.0,4,3,3859.26,"Makadana, Colombo",Colombo,Makadana,13468.862165285573,Very Large,1.3333333333333333,7
House for sale,31534998.0,3,2,1266.85,"Maharagama, Colombo",Colombo,Maharagama,24892.448198287093,Medium,1.5,5
House for sale,25191735.0,2,3,1121.24,"Maharagama, Colombo",Colombo,Maharagama,22467.745531732726,Medium,0.6666666666666666,5
House for sale,114045261.0,4,4,2798.65,"Battaramulla, Colombo",Colombo,Battaramulla,40750.09772568917,Large,1.0,8
House for sale,92989109.0,5,3,3541.42,"Nugegoda, Colombo",Colombo,Nugegoda,26257.577186552287,Very Large,1.6666666666666667,8
Villa for sale,73497564.0,5,6,5745.1,"Boralesgamuwa, Colombo",Colombo,Boralesgamuwa,12793.086978468607,Very Large,0.8333333333333334,11
House for sale,52356605.0,3,3,2880.16,"Moratuwa, Colombo",Colombo,Moratuwa,18178.366826842954,Large,1.0,6
House for sale,134479027.0,4,4,5160.23,"Nugegoda, Colombo",Colombo,Nugegoda,26060.665319181513,Very Large,1.0,8
House for sale,18260211.0,3,2,1108.72,"Maththegoda, Colombo",Colombo,Maththegoda,16469.632549245976,Medium,1.5,5
House for sale,257659209.0,7,6,9019.7,"Nugegoda, Colombo",Colombo,Nugegoda,28566.27260330166,Very Large,1.1666666666666667,13
House for sale,11465560.0,3,2,1405.04,"Padukka, Colombo",Colombo,Padukka,8160.308603313785,Medium,1.5,5
House for sale,66658507.0,4,5,3221.02,"Rathmalana, Colombo",Colombo,Rathmalana,20694.844179793978,Large,0.8,9
House for sale,18110802.0,2,3,1054.91,"Morakatiya, Colombo",Colombo,Morakatiya,17168.101544207562,Medium,0.6666666666666666,5
House for sale,98481761.0,5,4,4451.21,"Nugegoda, Colombo",Colombo,Nugegoda,22124.71687473743,Very Large,1.25,9
House for sale,29410358.0,3,3,1415.34,"Kolonnawa, Colombo",Colombo,Kolonnawa,20779.712295278874,Medium,1.0,6
House for sale,53378937.0,4,2,2226.86,"Kothalawala, Colombo",Colombo,Kothalawala,23970.49522646237,Large,2.0,6
House for sale,30030752.0,2,3,1550.36,"Kolonnawa, Colombo",Colombo,Kolonnawa,19370.179829200963,Medium,0.6666666666666666,5
House for sale,25315532.0,4,3,2572.28,"Pannipitiya, Colombo",Colombo,Pannipitiya,9841.670424681604,Large,1.3333333333333333,7
House for sale,86560650.0,6,4,3905.36,"Thalawathugoda, Colombo",Colombo,Thalawathugoda,22164.576377081754,Very Large,1.5,10
House for sale,34637435.0,3,3,1982.21,"Wellampitiya, Colombo",Colombo,Wellampitiya,17474.150064826634,Medium,1.0,6
House for sale,404819885.0,8,6,9019.7,"Colombo 7, Colombo",Colombo,Colombo 7,44881.74606694235,Very Large,1.3333333333333333,14
House for sale,40214044.0,3,3,896.0,"Nawala, Colombo",Colombo,Nawala,44881.74553571428,Small,1.0,6
House for sale,50234557.0,4,4,3081.51,"Thalawathugoda, Colombo",Colombo,Thalawathugoda,16301.928924455866,Large,1.0,8
House for sale,280411755.0,6,6,6247.79,"Pitakotte, Colombo",Colombo,Pitakotte,44881.750987149055,Very Large,1.0,12
Villa for sale,93180045.0,5,3,4100.9,"Colombo 6, Colombo",Colombo,Colombo 6,22721.852520178498,Very Large,1.6666666666666667,8
House for sale,180313247.0,5,4,4017.52,"Nugegoda, Colombo",Colombo,Nugegoda,44881.729773591665,Very Large,1.25,9
House for sale,47377475.0,4,4,3094.98,"Thalawathugoda, Colombo",Colombo,Thalawathugoda,15307.845284945299,Large,1.0,8
House for sale,71297183.0,6,5,3618.95,"Dehiwala, Colombo",Colombo,Dehiwala,19701.06881830365,Very Large,1.2,11
House for sale,66834711.0,5,5,3435.01,"Dehiwala, Colombo",Colombo,Dehiwala,19456.91890271062,Large,1.0,10
House for sale,49693793.0,4,4,1107.22,"Nawala, Colombo",Colombo,Nawala,44881.589024764726,Medium,1.0,8
House for sale,32431752.0,4,3,2606.43,"Malabe, Colombo",Colombo,Malabe,12442.978326676719,Large,1.3333333333333333,7
House for sale,49443163.0,3,3,1101.63,"Nawala, Colombo",Colombo,Nawala,44881.82329820357,Medium,1.0,6
House for sale,87631901.0,5,5,5120.97,"Moratuwa, Colombo",Colombo,Moratuwa,17112.36367328846,Very Large,1.0,10
House for sale,45442791.0,4,4,1905.33,"Awissawella, Colombo",Colombo,Awissawella,23850.351907543576,Medium,1.0,8
House for sale,404819885.0,8,6,9019.7,"Nawala, Colombo",Colombo,Nawala,44881.74606694235,Very Large,1.3333333333333333,14
House for sale,85424349.0,4,4,2975.53,"Pamankada, Colombo",Colombo,Pamankada,28708.952354706555,Large,1.0,8
House for sale,110126043.0,4,4,3537.19,"Maharagama, Colombo",Colombo,Maharagama,31133.765220415076,Very Large,1.0,8
House for sale,10711921.0,2,1,1018.18,"Padukka, Colombo",Colombo,Padukka,10520.655483313363,Medium,2.0,3
House for sale,88000294.0,5,5,4589.67,"Thalawathugoda, Colombo",Colombo,Thalawathugoda,19173.555832990172,Very Large,1.0,10
Villa for sale,40328778.0,4,3,2464.19,"Thalawathugoda, Colombo",Colombo,Thalawathugoda,16365.936879867219,Large,1.3333333333333333,7
House for sale,13496900.0,3,2,1653.97,"Moratuwa, Colombo",Colombo,Moratuwa,8160.305205052086,Medium,1.5,5
House for sale,36552160.0,3,3,1853.51,"Wellampitiya, Colombo",Colombo,Wellampitiya,19720.508656548926,Medium,1.0,6
Villa for sale,117343589.0,5,5,4325.35,"Nawala, Colombo",Colombo,Nawala,27129.270232466733,Very Large,1.0,10
House for sale,74421327.0,5,4,3039.18,"Nugegoda, Colombo",Colombo,Nugegoda,24487.30479932087,Large,1.25,9
House for sale,135754528.0,5,4,3550.6,"Dematagoda, Colombo",Colombo,Dematagoda,38234.24998591787,Very Large,1.25,9
House for sale,100878131.0,7,6,5582.39,"Boralesgamuwa, Colombo",Colombo,Boralesgamuwa,18070.77810758474,Very Large,1.1666666666666667,13
House for sale,123569611.0,5,4,4261.59,"Nugegoda, Colombo",Colombo,Nugegoda,28996.128440323915,Very Large,1.25,9
Villa for sale,115949594.0,5,4,4833.0,"Moratuwa, Colombo",Colombo,Moratuwa,23991.225739706188,Very Large,1.25,9
House for sale,38472062.0,3,3,1839.41,"Kaduwela, Colombo",Colombo,Kaduwela,20915.43592782468,Medium,1.0,6
House for sale,404819885.0,9,6,9019.7,"Boralesgamuwa, Colombo",Colombo,Boralesgamuwa,44881.74606694235,Very Large,1.5,15
House for sale,95182758.0,7,6,5367.67,"Nugegoda, Colombo",Colombo,Nugegoda,17732.602414082834,Very Large,1.1666666666666667,13
House for sale,29249445.0,3,2,1491.85,"Colombo 7, Colombo",Colombo,Colombo 7,19606.156785199586,Medium,1.5,5
Villa for sale,109996200.0,5,5,4163.64,"Boralesgamuwa, Colombo",Colombo,Boralesgamuwa,26418.27823731158,Very Large,1.0,10
House for sale,94397252.0,5,5,4224.9,"Pitakotte, Colombo",Colombo,Pitakotte,22343.07368221733,Very Large,1.0,10
House for sale,48552542.0,4,4,2283.83,"Battaramulla, Colombo",Colombo,Battaramulla,21259.26272971281,Large,1.0,8
Villa for sale,95000000.0,4,6,4400.0,"Boralesgamuwa, Colombo",Colombo,Boralesgamuwa,21590.909090909092,Very Large,0.6666666666666666,10
House for sale,45000000.0,4,3,2250.0,"Sedawatta, Kotuwila, Wellampitiya",Colombo,Wellampitiya,20000.0,Large,1.3333333333333333,7
House for sale,116290000.0,4,4,4781.15,"Nugegoda, Colombo",Colombo,Nugegoda,24322.60021124625,Very Large,1.0,8
House for sale,28712924.0,3,2,1399.91,"Morakatiya, Colombo",Colombo,Morakatiya,20510.549963926253,Medium,1.5,5
House for sale,120000000.0,4,4,3300.0,"Dutugemunu Street, Kohuwala",Colombo,Kohuwala,36363.63636363636,Large,1.0,8
House for sale,225700301.0,5,5,5028.78,"Colombo 7, Colombo",Colombo,Colombo 7,44881.72101384431,Very Large,1.0,10
House for sale,30105501.0,3,3,3215.36,"Piliyandala, Colombo",Colombo,Piliyandala,9363.026535131368,Large,1.0,6
House for sale,114654233.0,5,6,2554.58,"Colombo 6, Colombo",Colombo,Colombo 6,44881.833021475155,Large,0.8333333333333334,11
House for sale,34086954.0,3,3,1812.26,"Homagama, Colombo",Colombo,Homagama,18809.085892752697,Medium,1.0,6
House for sale,40214044.0,4,4,896.0,"Nawala, Colombo",Colombo,Nawala,44881.74553571428,Small,1.0,8
House for sale,69461949.0,3,3,2528.6,"Dehiwala, Colombo",Colombo,Dehiwala,27470.51688681484,Large,1.0,6
House for sale,155631408.0,6,4,3467.59,"Nugegoda, Colombo",Colombo,Nugegoda,44881.72131076627,Large,1.5,10
House for sale,201785210.0,3,3,4495.93,"Colombo 7, Colombo",Colombo,Colombo 7,44881.750827971075,Very Large,1.0,6
House for sale,404819885.0,9,5,9019.7,"Colombo 7, Colombo",Colombo,Colombo 7,44881.74606694235,Very Large,1.8,14
House for sale,41477335.0,4,4,3691.93,"Makadana, Colombo",Colombo,Makadana,11234.594101188268,Very Large,1.0,8
House for sale,79609747.0,3,4,1773.77,"Bambalapitiya , Colombo",Colombo,Bambalapitiya ,44881.662786043285,Medium,0.75,7
House for sale,125128391.0,5,4,5076.95,"Nugegoda, Colombo",Colombo,Nugegoda,24646.370557125836,Very Large,1.25,9
House for sale,87425147.0,5,4,4080.65,"Pitakotte, Colombo",Colombo,Pitakotte,21424.318919779937,Very Large,1.25,9
House for sale,56343337.0,5,4,2344.03,"Piliyandala, Colombo",Colombo,Piliyandala,24036.952172113837,Large,1.25,9
House for sale,101018429.0,5,4,3344.59,"Maharagama, Colombo",Colombo,Maharagama,30203.53137454815,Large,1.25,9
House for sale,323726627.0,6,5,7212.88,"Boralesgamuwa, Colombo",Colombo,Boralesgamuwa,44881.743076274666,Very Large,1.2,11
House for sale,183712308.0,4,4,4603.65,"Nawala, Colombo",Colombo,Nawala,39905.7938809423,Very Large,1.0,8
House for sale,87784885.0,3,4,2801.78,"Dehiwala, Colombo",Colombo,Dehiwala,31331.8265531198,Large,0.75,7
House for sale,176669328.0,4,4,3936.33,"Mount Lavinia, Colombo",Colombo,Mount Lavinia,44881.73704948518,Very Large,1.0,8
House for sale,184737063.0,4,4,4425.93,"Mount Lavinia, Colombo",Colombo,Mount Lavinia,41739.716398587414,Very Large,1.0,8
House for sale,89143766.0,3,4,3850.58,"Pitakotte, Colombo",Colombo,Pitakotte,23150.737291524914,Very Large,0.75,7
House for sale,190794505.0,4,4,4251.05,"Nawala, Colombo",Colombo,Nawala,44881.736276919815,Very Large,1.0,8
House for sale,70641176.0,3,1,1573.94,"Pamankada, Colombo",Colombo,Pamankada,44881.74644522663,Medium,3.0,4
House for sale,45368293.0,5,3,2293.98,"Wellampitiya, Colombo",Colombo,Wellampitiya,19777.10921629657,Large,1.6666666666666667,8
House for sale,48856541.0,5,4,3695.59,"Thalawathugoda, Colombo",Colombo,Thalawathugoda,13220.227622652945,Very Large,1.25,9
House for sale,37371954.0,5,3,4579.72,"Awissawella, Colombo",Colombo,Awissawella,8160.3141676783725,Very Large,1.6666666666666667,8
House for sale,391394606.0,7,6,8720.57,"Colombo 7, Colombo",Colombo,Colombo 7,44881.768737593986,Very Large,1.1666666666666667,13
House for sale,42000000.0,4,3,3750.0,"Kesbawa, Makadana ",Colombo,Makadana,11200.0,Very Large,1.3333333333333333,7
Villa for sale,15146370.0,4,2,1258.21,"Maththegoda, Colombo",Colombo,Maththegoda,12038.030217531254,Medium,2.0,6
Villa for sale,28797861.0,4,3,2194.66,"Kolonnawa, Colombo",Colombo,Kolonnawa,13121.786973836495,Large,1.3333333333333333,7
House for sale,26844506.0,5,3,3139.26,"Piliyandala, Colombo",Colombo,Piliyandala,8551.220988385798,Large,1.6666666666666667,8
House for sale,129374856.0,5,4,4048.88,"Mount Lavinia, Colombo",Colombo,Mount Lavinia,31953.245341921716,Very Large,1.25,9
House for sale,173311433.0,3,3,3861.51,"Nugegoda, Colombo",Colombo,Nugegoda,44881.7775947751,Very Large,1.0,6
House for sale,141462524.0,8,6,4155.92,"Rathmalana, Colombo",Colombo,Rathmalana,34038.798629425015,Very Large,1.3333333333333333,14
House for sale,20667654.0,2,2,1720.27,"Moratuwa, Colombo",Colombo,Moratuwa,12014.191958239113,Medium,1.0,4
House for sale,43092551.0,5,5,1224.92,"Colombo 9, Colombo",Colombo,Colombo 9,35179.89011527283,Medium,1.0,10
House for sale,7777000.0,1,2,896.0,"Pannipitiya, Colombo",Colombo,Pannipitiya,8679.6875,Small,0.5,3
House for sale,36555429.0,2,1,2702.08,"Boralesgamuwa, Colombo",Colombo,Boralesgamuwa,13528.625725367125,Large,2.0,3
House for sale,13010767.0,2,2,896.0,"Pannipitiya, Colombo",Colombo,Pannipitiya,14520.9453125,Small,1.0,4
House for sale,45042061.0,4,3,3106.08,"Pitakotte, Colombo",Colombo,Pitakotte,14501.255923865452,Large,1.3333333333333333,7
House for sale,149465812.0,4,4,3330.21,"Nugegoda, Colombo",Colombo,Nugegoda,44881.797844580375,Large,1.0,8
House for sale,63847221.0,4,4,3425.14,"Thalawathugoda, Colombo",Colombo,Thalawathugoda,18640.762421390074,Large,1.0,8
House for sale,57810413.0,5,3,1913.84,"Colombo 9, Colombo",Colombo,Colombo 9,30206.502633448985,Medium,1.6666666666666667,8
House for sale,149056737.0,5,5,5403.24,"Moratuwa, Colombo",Colombo,Moratuwa,27586.547515934886,Very Large,1.0,10
House for sale,143112206.0,5,5,3628.43,"Nawala, Colombo",Colombo,Nawala,39441.90903503719,Very Large,1.0,10
House for sale,70777632.0,4,3,2741.31,"Mount Lavinia, Colombo",Colombo,Mount Lavinia,25818.908478063408,Large,1.3333333333333333,7
House for sale,39867196.0,5,4,2148.93,"Colombo 8, Colombo",Colombo,Colombo 8,18552.114773398855,Large,1.25,9
House for sale,25995589.0,3,3,1456.3,"Kolonnawa, Colombo",Colombo,Kolonnawa,17850.43534985923,Medium,1.0,6
House for sale,24919287.0,4,2,2594.74,"Colombo 8, Colombo",Colombo,Colombo 8,9603.770319954987,Large,2.0,6
House for sale,18375062.0,4,2,1580.36,"Wellampitiya, Colombo",Colombo,Wellampitiya,11627.136854893823,Medium,2.0,6
House for sale,123076599.0,5,5,3110.09,"Nawala, Colombo",Colombo,Nawala,39573.3239231019,Large,1.0,10
House for sale,110743857.0,5,6,2467.46,"Boralesgamuwa, Colombo",Colombo,Boralesgamuwa,44881.72331061091,Large,0.8333333333333334,11
House for sale,39271831.0,5,3,2600.87,"Wellampitiya, Colombo",Colombo,Wellampitiya,15099.497860331352,Large,1.6666666666666667,8
House for sale,43773387.0,2,3,1810.73,"Morakatiya, Colombo",Colombo,Morakatiya,24174.441799716136,Medium,0.6666666666666666,5
Villa for sale,43214545.0,3,3,2521.6,"Kolonnawa, Colombo",Colombo,Kolonnawa,17137.74785850254,Large,1.0,6
House for sale,85000000.0,5,3,3000.0,"Thalangama, Battaramulla",Colombo,Battaramulla,28333.333333333332,Large,1.6666666666666667,8
House for sale,46623971.0,3,4,3555.32,"Thalawathugoda, Colombo",Colombo,Thalawathugoda,13113.860637017202,Very Large,0.75,7
House for sale,77317910.0,5,4,2794.41,"Pitakotte, Colombo",Colombo,Pitakotte,27668.778024699313,Large,1.25,9
House for sale,21950103.0,2,2,2059.43,"Polgasovita, Colombo",Colombo,Polgasovita,10658.338957866983,Large,1.0,4
House for sale,220000000.0,5,5,5000.0,"Malalasekara Pedesa, Colombo 7",Colombo,Colombo 7,44000.0,Very Large,1.0,10
House for sale,41254692.0,3,3,4401.81,"Makadana, Colombo",Colombo,Makadana,9372.210976848159,Very Large,1.0,6
House for sale,11500523.0,3,3,1409.32,"Kesbewa, Colombo",Colombo,Kesbewa,8160.334771379105,Medium,1.0,6
House for sale,217026389.0,6,5,4835.52,"Bambalapitiya , Colombo",Colombo,Bambalapitiya ,44881.70641420157,Very Large,1.2,11
House for sale,59678247.0,4,3,2551.78,"Homagama, Colombo",Colombo,Homagama,23386.909137935087,Large,1.3333333333333333,7
House for sale,201263327.0,6,3,4484.3,"Nugegoda, Colombo",Colombo,Nugegoda,44881.77129094842,Very Large,2.0,9
House for sale,101389703.0,4,5,3822.94,"Rathmalana, Colombo",Colombo,Rathmalana,26521.39531355449,Very Large,0.8,9
House for sale,20430191.0,4,4,1484.91,"Kesbewa, Colombo",Colombo,Kesbewa,13758.538227906067,Medium,1.0,8
House for sale,134825437.0,4,5,3004.01,"Colombo 6, Colombo",Colombo,Colombo 6,44881.82030019873,Large,0.8,9
House for sale,21385197.0,2,2,1209.91,"Makumbura, Colombo",Colombo,Makumbura,17675.031200667818,Medium,1.0,4
House for sale,25805609.0,4,3,2867.42,"Colombo 8, Colombo",Colombo,Colombo 8,8999.591618946648,Large,1.3333333333333333,7
House for sale,75000000.0,4,4,1040.0,"Nawala, Colombo",Colombo,Nawala,72115.38461538461,Medium,1.0,8
House for sale,70709497.0,5,5,3650.18,"Mount Lavinia, Colombo",Colombo,Mount Lavinia,19371.50962418292,Very Large,1.0,10
House for sale,390678331.0,10,9,9019.7,"Dematagoda, Colombo",Colombo,Dematagoda,43313.89414282071,Very Large,1.1111111111111112,19
House for sale,132352238.0,4,4,3635.18,"Thalawathugoda, Colombo",Colombo,Thalawathugoda,36408.71648721659,Very Large,1.0,8
House for sale,12602238.0,2,1,1544.33,"Moratuwa, Colombo",Colombo,Moratuwa,8160.327132154397,Medium,2.0,3
House for sale,181541680.0,4,4,4044.89,"Nawala, Colombo",Colombo,Nawala,44881.734731970464,Very Large,1.0,8
House for sale,75450500.0,7,6,5091.48,"Boralesgamuwa, Colombo",Colombo,Boralesgamuwa,14818.972086701708,Very Large,1.1666666666666667,13
Villa for sale,119093100.0,4,4,3139.59,"Battaramulla, Colombo",Colombo,Battaramulla,37932.69184829866,Large,1.0,8
House for sale,87998646.0,5,5,3688.97,"Kirulapona, Colombo",Colombo,Kirulapona,23854.530126295416,Very Large,1.0,10
House for sale,27025911.0,2,2,2149.8,"Polgasovita, Colombo",Colombo,Polgasovita,12571.360591682946,Large,1.0,4
House for sale,404819885.0,8,5,9019.7,"Colombo 6, Colombo",Colombo,Colombo 6,44881.74606694235,Very Large,1.6,13
House for sale,7777000.0,3,1,896.0,"Polgasovita, Colombo",Colombo,Polgasovita,8679.6875,Small,3.0,4
House for sale,76310668.0,4,5,3243.45,"Kottawa, Colombo",Colombo,Kottawa,23527.62274738319,Large,0.8,9
House for sale,183330326.0,6,4,4084.74,"Colombo 7, Colombo",Colombo,Colombo 7,44881.76138505756,Very Large,1.5,10
House for sale,141973393.0,5,5,3163.28,"Nawala, Colombo",Colombo,Nawala,44881.702852735136,Large,1.0,10
House for sale,70000000.0,10,6,5000.0,"Vihara Road, Mount Lavinia",Colombo,Mount Lavinia,14000.0,Very Large,1.6666666666666667,16
House for sale,41096914.0,4,3,1881.62,"Homagama, Colombo",Colombo,Homagama,21841.23999532318,Medium,1.3333333333333333,7
House for sale,43954242.0,3,3,979.33,"Nawala, Colombo",Colombo,Nawala,44881.95194673909,Small,1.0,6
House for sale,9000000.0,3,1,1300.0,"Miriyagalla Road, Udumulla, Padukka",Colombo,Padukka,6923.076923076923,Medium,3.0,4
House for sale,49332088.0,5,3,2094.02,"Kottawa, Colombo",Colombo,Kottawa,23558.556269758647,Large,1.6666666666666667,8
House for sale,172170861.0,4,4,3836.1,"Nawala, Colombo",Colombo,Nawala,44881.74474075233,Very Large,1.0,8
Villa for sale,131243774.0,5,5,4517.51,"Nawala, Colombo",Colombo,Nawala,29052.237626480073,Very Large,1.0,10
House for sale,60928054.0,3,4,2314.02,"Battaramulla, Colombo",Colombo,Battaramulla,26329.959983059784,Large,0.75,7
House for sale,20289075.0,4,3,2486.31,"Padukka, Colombo",Colombo,Padukka,8160.315889812614,Large,1.3333333333333333,7
House for sale,34736087.0,4,3,1883.47,"Wellampitiya, Colombo",Colombo,Wellampitiya,18442.601687311188,Medium,1.3333333333333333,7
House for sale,39613100.0,6,4,4854.36,"Awissawella, Colombo",Colombo,Awissawella,8160.313614977052,Very Large,1.5,10
House for sale,7777000.0,2,2,896.0,"Wellampitiya, Colombo",Colombo,Wellampitiya,8679.6875,Small,1.0,4
House for sale,173999763.0,4,4,3876.85,"Nugegoda, Colombo",Colombo,Nugegoda,44881.73723512646,Very Large,1.0,8
House for sale,52634368.0,3,3,2993.31,"Dehiwala, Colombo",Colombo,Dehiwala,17584.001657028508,Large,1.0,6
House for sale,53869097.0,3,4,3404.03,"Thalawathugoda, Colombo",Colombo,Thalawathugoda,15825.094667203284,Large,0.75,7
Villa for sale,27156999.0,2,2,1759.65,"Athurugiriya, Colombo",Colombo,Athurugiriya,15433.182166908191,Medium,1.0,4
House for sale,88000000.0,5,4,2500.0,"Attidiya, Dehiwala",Colombo,Dehiwala,35200.0,Large,1.25,9
House for sale,141197749.0,3,3,3474.47,"Dehiwala, Colombo",Colombo,Dehiwala,40638.64387949817,Large,1.0,6
House for sale,141909906.0,5,5,3613.65,"Thalawathugoda, Colombo",Colombo,Thalawathugoda,39270.517620688224,Very Large,1.0,10
House for sale,75188725.0,5,4,4270.92,"Pitakotte, Colombo",Colombo,Pitakotte,17604.807629269573,Very Large,1.25,9
House for sale,49271497.0,4,5,4027.72,"Kothalawala, Colombo",Colombo,Kothalawala,12233.098874797653,Very Large,0.8,9
House for sale,26500000.0,4,3,2850.0,"Kottunna Road, Kaduwela",Colombo,Kaduwela,9298.245614035088,Large,1.3333333333333333,7
House for sale,107964554.0,5,5,3141.47,"Nawala, Colombo",Colombo,Nawala,34367.526667451864,Large,1.0,10
Villa for sale,231573259.0,6,5,5159.63,"Colombo 7, Colombo",Colombo,Colombo 7,44881.7568314007,Very Large,1.2,11
House for sale,67042459.0,4,3,1563.53,"Colombo 9, Colombo",Colombo,Colombo 9,42878.90798385704,Medium,1.3333333333333333,7
House for sale,82517044.0,5,4,1838.54,"Bambalapitiya , Colombo",Colombo,Bambalapitiya ,44881.83232347406,Medium,1.25,9
House for sale,33421392.0,4,3,3045.5,"Maharagama, Colombo",Colombo,Maharagama,10974.024626498112,Large,1.3333333333333333,7
House for sale,16130791.0,2,2,1119.0,"Mount Lavinia, Colombo",Colombo,Mount Lavinia,14415.362823949956,Medium,1.0,4
House for sale,222106128.0,6,5,4948.7,"Rathmalana, Colombo",Colombo,Rathmalana,44881.711964758426,Very Large,1.2,11
House for sale,38035339.0,5,3,3844.0,"Kolonnawa, Colombo",Colombo,Kolonnawa,9894.729188345473,Very Large,1.6666666666666667,8
House for sale,404819885.0,10,9,9019.7,"Kohuwala, Colombo",Colombo,Kohuwala,44881.74606694235,Very Large,1.1111111111111112,19
House for sale,32287820.0,7,5,3956.69,"Kottawa, Colombo",Colombo,Kottawa,8160.310764805936,Very Large,1.4,12
House for sale,44263338.0,3,3,4052.56,"Kolonnawa, Colombo",Colombo,Kolonnawa,10922.315277256845,Very Large,1.0,6
House for sale,40909307.0,4,3,2605.34,"Kottawa, Colombo",Colombo,Kottawa,15702.099150206883,Large,1.3333333333333333,7
House for sale,113825833.0,6,5,4647.24,"Maharagama, Colombo",Colombo,Maharagama,24493.211669722245,Very Large,1.2,11
House for sale,44899159.0,4,3,2247.08,"Rathmalana, Colombo",Colombo,Rathmalana,19981.112821973406,Large,1.3333333333333333,7
House for sale,62112113.0,4,3,1650.87,"Colombo 9, Colombo",Colombo,Colombo 9,37623.8668096216,Medium,1.3333333333333333,7
House for sale,81024667.0,5,5,3750.17,"Kottawa, Colombo",Colombo,Kottawa,21605.59841287195,Very Large,1.0,10
House for sale,334063618.0,6,5,7443.2,"Kohuwala, Colombo",Colombo,Kohuwala,44881.71995915735,Very Large,1.2,11
House for sale,88017345.0,5,3,4365.6,"Nawala, Colombo",Colombo,Nawala,20161.56885651457,Very Large,1.6666666666666667,8
House for sale,69157929.0,2,3,2866.61,"Thalawathugoda, Colombo",Colombo,Thalawathugoda,24125.335849662144,Large,0.6666666666666666,5
House for sale,43027899.0,2,2,958.69,"Dematagoda, Colombo",Colombo,Dematagoda,44881.97331775652,Small,1.0,4
House for sale,38828352.0,2,2,1190.78,"Malabe, Colombo",Colombo,Malabe,32607.494247468047,Medium,1.0,4
House for sale,81370675.0,7,6,4865.32,"Pamankada, Colombo",Colombo,Pamankada,16724.629623539666,Very Large,1.1666666666666667,13
House for sale,208790964.0,5,5,4652.02,"Colombo 7, Colombo",Colombo,Colombo 7,44881.7855469237,Very Large,1.0,10
House for sale,33258680.0,4,3,2396.85,"Kottawa, Colombo",Colombo,Kottawa,13875.99557752884,Large,1.3333333333333333,7
House for sale,33932639.0,2,2,1253.91,"Maharagama, Colombo",Colombo,Maharagama,27061.462943911443,Medium,1.0,4
House for sale,21177923.0,5,3,2595.23,"Padukka, Colombo",Colombo,Padukka,8160.326059732663,Large,1.6666666666666667,8
House for sale,107835262.0,5,5,2981.17,"Nawala, Colombo",Colombo,Nawala,36172.12772166632,Large,1.0,10
House for sale,45244815.0,2,2,1174.95,"Maharagama, Colombo",Colombo,Maharagama,38507.864164432525,Medium,1.0,4
House for sale,28307229.0,4,3,1576.39,"Boralesgamuwa, Colombo",Colombo,Boralesgamuwa,17956.996047932298,Medium,1.3333333333333333,7
House for sale,107965695.0,4,4,2478.44,"Kirulapona, Colombo",Colombo,Kirulapona,43561.95631122803,Large,1.0,8
House for sale,161214639.0,4,4,3591.99,"Nawala, Colombo",Colombo,Nawala,44881.70596243308,Very Large,1.0,8
House for sale,41629619.0,3,3,981.75,"Colombo 6, Colombo",Colombo,Colombo 6,42403.48255665903,Small,1.0,6
House for sale,22383807.0,3,3,1277.85,"Kolonnawa, Colombo",Colombo,Kolonnawa,17516.771921587042,Medium,1.0,6
House for sale,58822599.0,3,2,2049.95,"Dehiwala, Colombo",Colombo,Dehiwala,28694.650601234178,Large,1.5,5
House for sale,101976275.0,4,5,3175.49,"Mount Lavinia, Colombo",Colombo,Mount Lavinia,32113.555703214308,Large,0.8,9
House for sale,159367283.0,4,4,3964.95,"Boralesgamuwa, Colombo",Colombo,Boralesgamuwa,40194.020857766176,Very Large,1.0,8
House for sale,55766989.0,5,3,3216.42,"Kolonnawa, Colombo",Colombo,Kolonnawa,17338.217334800804,Large,1.6666666666666667,8
House for sale,26604139.0,2,2,1634.37,"Thalawathugoda, Colombo",Colombo,Thalawathugoda,16277.916873168255,Medium,1.0,4
House for sale,44078702.0,4,3,1859.78,"Wellampitiya, Colombo",Colombo,Wellampitiya,23701.03022938197,Medium,1.3333333333333333,7
Villa for sale,105088063.0,3,4,2558.96,"Dehiwala, Colombo",Colombo,Dehiwala,41066.70795948354,Large,0.75,7
House for sale,29917033.0,3,4,1074.04,"Colombo 9, Colombo",Colombo,Colombo 9,27854.67301031619,Medium,0.75,7
House for sale,58033874.0,3,2,2010.47,"Dehiwala, Colombo",Colombo,Dehiwala,28865.824409217745,Large,1.5,5
House for sale,51660040.0,3,2,3247.07,"Thalawathugoda, Colombo",Colombo,Thalawathugoda,15909.740165749428,Large,1.5,5
House for sale,39895728.0,4,3,4134.08,"Kesbewa, Colombo",Colombo,Kesbewa,9650.44895115721,Very Large,1.3333333333333333,7
Villa for sale,31249851.0,6,4,3829.49,"Rathmalana, Colombo",Colombo,Rathmalana,8160.3166479087295,Very Large,1.5,10
House for sale,183614444.0,4,4,4174.86,"Colombo 6, Colombo",Colombo,Colombo 6,43980.98235629459,Very Large,1.0,8
House for sale,62981945.0,9,7,4601.01,"Mount Lavinia, Colombo",Colombo,Mount Lavinia,13688.72160677764,Very Large,1.2857142857142858,16
House for sale,43856432.0,6,4,5374.35,"Maharagama, Colombo",Colombo,Maharagama,8160.323015806562,Very Large,1.5,10
House for sale,19814839.0,5,3,2428.19,"Piliyandala, Colombo",Colombo,Piliyandala,8160.333005242588,Large,1.6666666666666667,8
House for sale,133584779.0,5,5,2976.37,"Colombo 6, Colombo",Colombo,Colombo 6,44881.77847512238,Large,1.0,10
House for sale,47098722.0,3,2,2558.82,"Thalawathugoda, Colombo",Colombo,Thalawathugoda,18406.422491617228,Large,1.5,5
House for sale,22380857.0,5,3,2742.65,"Piliyandala, Colombo",Colombo,Piliyandala,8160.303720853918,Large,1.6666666666666667,8
House for sale,22916732.0,2,2,1714.93,"Thalawathugoda, Colombo",Colombo,Thalawathugoda,13363.071379006722,Medium,1.0,4
House for sale,79000000.0,6,4,3600.0,"4th Lane, Pitakotte",Colombo,Pitakotte,21944.444444444445,Very Large,1.5,10
House for sale,42338898.0,3,2,2622.02,"Maharagama, Colombo",Colombo,Maharagama,16147.435183560767,Large,1.5,5
House for sale,62559875.0,4,4,2826.21,"Moratuwa, Colombo",Colombo,Moratuwa,22135.607403554583,Large,1.0,8
House for sale,96582807.0,5,3,3157.57,"Kirulapona, Colombo",Colombo,Kirulapona,30587.700985251315,Large,1.6666666666666667,8
House for sale,345252377.0,9,8,8485.98,"Nugegoda, Colombo",Colombo,Nugegoda,40685.0330780888,Very Large,1.125,17
House for sale,51654805.0,2,4,1150.91,"Nawala, Colombo",Colombo,Nawala,44881.70664952081,Medium,0.5,6
House for sale,37810057.0,3,4,3147.44,"Morakatiya, Colombo",Colombo,Morakatiya,12012.955608367434,Large,0.75,7
House for sale,56633048.0,5,5,2983.58,"Kothalawala, Colombo",Colombo,Kothalawala,18981.575154679947,Large,1.0,10
House for sale,133323107.0,6,5,3859.55,"Battaramulla, Colombo",Colombo,Battaramulla,34543.692140275416,Very Large,1.2,11
House for sale,28255856.0,2,3,1458.06,"Kolonnawa, Colombo",Colombo,Kolonnawa,19379.076306873518,Medium,0.6666666666666666,5
House for sale,47341881.0,4,5,3644.46,"Kothalawala, Colombo",Colombo,Kothalawala,12990.094828863535,Very Large,0.8,9
House for sale,82692090.0,4,4,3455.19,"Pitakotte, Colombo",Colombo,Pitakotte,23932.718605923263,Large,1.0,8
House for sale,70242258.0,3,3,3293.11,"Moratuwa, Colombo",Colombo,Moratuwa,21330.06732237915,Large,1.0,6
House for sale,54870707.0,4,3,3059.11,"Dehiwala, Colombo",Colombo,Dehiwala,17936.820513155788,Large,1.3333333333333333,7
House for sale,35297603.0,6,4,4325.52,"Moratuwa, Colombo",Colombo,Moratuwa,8160.314366827572,Very Large,1.5,10
House for sale,91788825.0,4,4,4365.59,"Pitakotte, Colombo",Colombo,Pitakotte,21025.525759404798,Very Large,1.0,8
House for sale,37000000.0,4,3,2800.0,"Temple Road, Maharagama",Colombo,Maharagama,13214.285714285714,Large,1.3333333333333333,7
House for sale,52248148.0,3,2,2638.02,"Awissawella, Colombo",Colombo,Awissawella,19805.819516152267,Large,1.5,5
House for sale,77392902.0,4,4,3950.41,"Pitakotte, Colombo",Colombo,Pitakotte,19591.10623960551,Very Large,1.0,8
House for sale,321513410.0,6,5,7163.57,"Colombo 7, Colombo",Colombo,Colombo 7,44881.7293611984,Very Large,1.2,11
House for sale,84564794.0,5,4,3647.02,"Pitakotte, Colombo",Colombo,Pitakotte,23187.36776875367,Very Large,1.25,9
House for sale,35292916.0,4,3,3820.72,"Makadana, Colombo",Colombo,Makadana,9237.242195188343,Very Large,1.3333333333333333,7
House for sale,99273439.0,4,4,2569.16,"Moratuwa, Colombo",Colombo,Moratuwa,38640.42683211633,Large,1.0,8
House for sale,111420414.0,4,5,4154.81,"Nawala, Colombo",Colombo,Nawala,26817.210413953944,Very Large,0.8,9
House for sale,100247270.0,3,3,4245.18,"Nugegoda, Colombo",Colombo,Nugegoda,23614.374419930366,Very Large,1.0,6
House for sale,100311514.0,5,4,5490.43,"Kottawa, Colombo",Colombo,Kottawa,18270.24732124806,Very Large,1.25,9
House for sale,85744073.0,6,5,4502.9,"Mount Lavinia, Colombo",Colombo,Mount Lavinia,19041.96695462924,Very Large,1.2,11
House for sale,29884526.0,4,3,1687.09,"Wellampitiya, Colombo",Colombo,Wellampitiya,17713.652502237583,Medium,1.3333333333333333,7
House for sale,76514417.0,7,6,6197.68,"Boralesgamuwa, Colombo",Colombo,Boralesgamuwa,12345.654664326004,Very Large,1.1666666666666667,13
House for sale,95000000.0,3,2,4500.0,"Kirulapone, Colombo 6",Colombo,Colombo 6,21111.11111111111,Very Large,1.5,5
House for sale,87471808.0,4,3,2471.88,"Battaramulla, Colombo",Colombo,Battaramulla,35386.75340226872,Large,1.3333333333333333,7
House for sale,39442141.0,4,3,2270.69,"Rathmalana, Colombo",Colombo,Rathmalana,17370.112608942654,Large,1.3333333333333333,7
House for sale,113879883.0,4,3,4512.03,"Dehiwala, Colombo",Colombo,Dehiwala,25239.167957659858,Very Large,1.3333333333333333,7
House for sale,103552412.0,6,6,2307.23,"Colombo 6, Colombo",Colombo,Colombo 6,44881.70316786796,Large,1.0,12
House for sale,24510804.0,3,3,3003.66,"Maharagama, Colombo",Colombo,Maharagama,8160.312418849005,Large,1.0,6
House for sale,36677736.0,4,3,2198.16,"Wellampitiya, Colombo",Colombo,Wellampitiya,16685.653455617427,Large,1.3333333333333333,7
House for sale,70554874.0,5,3,3021.69,"Battaramulla, Colombo",Colombo,Battaramulla,23349.474631745812,Large,1.6666666666666667,8
House for sale,115452831.0,5,4,4940.13,"Nugegoda, Colombo",Colombo,Nugegoda,23370.403410436567,Very Large,1.25,9
Villa for sale,56877363.0,5,3,4942.65,"Kolonnawa, Colombo",Colombo,Kolonnawa,11507.463202937695,Very Large,1.6666666666666667,8
Villa for sale,129698951.0,9,7,3515.66,"Rathmalana, Colombo",Colombo,Rathmalana,36891.77878406899,Very Large,1.2857142857142858,16
House for sale,12754912.0,1,2,1238.1,"Padukka, Colombo",Colombo,Padukka,10302.004684597368,Medium,0.5,3
House for sale,16669212.0,1,2,896.0,"Kolonnawa, Colombo",Colombo,Kolonnawa,18604.03125,Small,0.5,3
House for sale,15152609.0,1,2,1124.42,"Mount Lavinia, Colombo",Colombo,Mount Lavinia,13475.933370093026,Medium,0.5,3
House for sale,62000000.0,6,5,3500.0,"Dehiwala, Colombo",Colombo,Dehiwala,17714.285714285714,Very Large,1.2,11
House for sale,51589115.0,4,3,1786.9,"Homagama, Colombo",Colombo,Homagama,28870.73423246964,Medium,1.3333333333333333,7
House for sale,49377817.0,4,3,2850.0,"Thalawathugoda, Colombo",Colombo,Thalawathugoda,17325.549824561404,Large,1.3333333333333333,7
Villa for sale,60234303.0,4,4,3910.88,"Mount Lavinia, Colombo",Colombo,Mount Lavinia,15401.72620995786,Very Large,1.0,8
House for sale,107272711.0,3,4,2424.68,"Dehiwala, Colombo",Colombo,Dehiwala,44242.00760512728,Large,0.75,7
House for sale,193878902.0,6,5,4750.6,"Nawala, Colombo",Colombo,Nawala,40811.45581610744,Very Large,1.2,11
House for sale,31067225.0,4,5,2993.03,"Morakatiya, Colombo",Colombo,Morakatiya,10379.85753567455,Large,0.8,9
House for sale,42039074.0,5,5,2653.47,"Battaramulla, Colombo",Colombo,Battaramulla,15843.056073744947,Large,1.0,10
House for sale,33237367.0,3,2,2839.41,"Awissawella, Colombo",Colombo,Awissawella,11705.730063639981,Large,1.5,5
House for sale,44878219.0,3,3,2299.78,"Kesbewa, Colombo",Colombo,Kesbewa,19514.135699936513,Large,1.0,6
House for sale,25773266.0,2,3,1281.53,"Kolonnawa, Colombo",Colombo,Kolonnawa,20111.324744641173,Medium,0.6666666666666666,5
House for sale,35510035.0,3,4,955.28,"Colombo 9, Colombo",Colombo,Colombo 9,37172.384013064235,Small,0.75,7
House for sale,37258590.0,7,5,4565.83,"Mount Lavinia, Colombo",Colombo,Mount Lavinia,8160.310392633979,Very Large,1.4,12
House for sale,404819885.0,7,5,9019.7,"Colombo 7, Colombo",Colombo,Colombo 7,44881.74606694235,Very Large,1.4,12
House for sale,25444633.0,4,3,1494.51,"Athurugiriya, Colombo",Colombo,Athurugiriya,17025.401636656832,Medium,1.3333333333333333,7
House for sale,49360102.0,3,4,1099.78,"Nawala, Colombo",Colombo,Nawala,44881.79635927186,Medium,0.75,7
House for sale,62512807.0,5,5,3508.89,"Dehiwala, Colombo",Colombo,Dehiwala,17815.55050172562,Very Large,1.0,10
House for sale,56207057.0,4,5,3979.82,"Moratuwa, Colombo",Colombo,Moratuwa,14123.01485996854,Very Large,0.8,9
House for sale,148289506.0,5,4,5348.95,"Nugegoda, Colombo",Colombo,Nugegoda,27723.105656250293,Very Large,1.25,9
House for sale,404819885.0,9,6,9019.7,"Colombo 7, Colombo",Colombo,Colombo 7,44881.74606694235,Very Large,1.5,15
House for sale,37746036.0,5,4,2437.15,"Colombo 8, Colombo",Colombo,Colombo 8,15487.777116714195,Large,1.25,9
Villa for sale,14069508.0,2,1,1724.14,"Moratuwa, Colombo",Colombo,Moratuwa,8160.304847634183,Medium,2.0,3
House for sale,377602441.0,10,8,9019.7,"Kohuwala, Colombo",Colombo,Kohuwala,41864.19071587746,Very Large,1.25,18
House for sale,29329882.0,4,3,3190.42,"Pannipitiya, Colombo",Colombo,Pannipitiya,9193.109998056681,Large,1.3333333333333333,7
House for sale,300000000.0,6,6,5600.0,"Mission Road, Pitakotte",Colombo,Pitakotte,53571.42857142857,Very Large,1.0,12
House for sale,113279484.0,5,5,2523.95,"Colombo 6, Colombo",Colombo,Colombo 6,44881.825709701065,Large,1.0,10
House for sale,84161462.0,3,3,3824.36,"Kothalawala, Colombo",Colombo,Kothalawala,22006.678764551452,Very Large,1.0,6
House for sale,66800832.0,3,3,1488.37,"Bambalapitiya , Colombo",Colombo,Bambalapitiya ,44881.87211513267,Medium,1.0,6
House for sale,14224930.0,3,3,947.09,"Kesbewa, Colombo",Colombo,Kesbewa,15019.617987730839,Small,1.0,6
House for sale,404819885.0,7,6,9019.7,"Colombo 7, Colombo",Colombo,Colombo 7,44881.74606694235,Very Large,1.1666666666666667,13
House for sale,42498949.0,5,3,2477.22,"Dehiwala, Colombo",Colombo,Dehiwala,17155.904199061853,Large,1.6666666666666667,8
House for sale,64648691.0,4,4,4279.86,"Thalawathugoda, Colombo",Colombo,Thalawathugoda,15105.328445322979,Very Large,1.0,8
House for sale,14633119.0,4,3,1341.92,"Kesbewa, Colombo",Colombo,Kesbewa,10904.613538810063,Medium,1.3333333333333333,7
House for sale,127522684.0,8,6,4933.73,"Kottawa, Colombo",Colombo,Kottawa,25847.114454986393,Very Large,1.3333333333333333,14
Villa for sale,27796844.0,4,3,1752.71,"Athurugiriya, Colombo",Colombo,Athurugiriya,15859.351518505628,Medium,1.3333333333333333,7
House for sale,258802650.0,5,5,5766.32,"Mount Lavinia, Colombo",Colombo,Mount Lavinia,44881.77034920018,Very Large,1.0,10
House for sale,52724267.0,6,5,4051.55,"Dehiwala, Colombo",Colombo,Dehiwala,13013.357110241759,Very Large,1.2,11
House for sale,178203948.0,4,4,3970.52,"Nugegoda, Colombo",Colombo,Nugegoda,44881.7656125646,Very Large,1.0,8
House for sale,8835556.0,2,1,1082.75,"Padukka, Colombo",Colombo,Padukka,8160.2918494574005,Medium,2.0,3
House for sale,23869078.0,4,3,1504.65,"Kesbewa, Colombo",Colombo,Kesbewa,15863.541687435616,Medium,1.3333333333333333,7
House for sale,22013302.0,6,4,2246.94,"Colombo 8, Colombo",Colombo,Colombo 8,9797.013716432126,Large,1.5,10
House for sale,129437339.0,4,4,3450.93,"Battaramulla, Colombo",Colombo,Battaramulla,37507.95843439305,Large,1.0,8
House for sale,181766187.0,6,5,4049.89,"Colombo 7, Colombo",Colombo,Colombo 7,44881.75901073856,Very Large,1.2,11
House for sale,51998599.0,5,3,2263.15,"Wellampitiya, Colombo",Colombo,Wellampitiya,22976.205289088215,Large,1.6666666666666667,8
House for sale,23746778.0,3,3,1445.5,"Kolonnawa, Colombo",Colombo,Kolonnawa,16428.071947423035,Medium,1.0,6
House for sale,12612645.0,2,2,1262.12,"Wellampitiya, Colombo",Colombo,Wellampitiya,9993.221722181726,Medium,1.0,4
House for sale,64405381.0,3,3,3225.78,"Moratuwa, Colombo",Colombo,Moratuwa,19965.831829821003,Large,1.0,6
House for sale,69415924.0,4,5,3774.75,"Thalawathugoda, Colombo",Colombo,Thalawathugoda,18389.542088880058,Very Large,0.8,9
House for sale,136835151.0,4,4,5168.69,"Pitakotte, Colombo",Colombo,Pitakotte,26473.855270871343,Very Large,1.0,8
House for sale,27628398.0,5,3,2260.31,"Maththegoda, Colombo",Colombo,Maththegoda,12223.278222898629,Large,1.6666666666666667,8
House for sale,52895357.0,3,2,2266.65,"Rathmalana, Colombo",Colombo,Rathmalana,23336.35850263605,Large,1.5,5
House for sale,83436010.0,5,3,2488.75,"Battaramulla, Colombo",Colombo,Battaramulla,33525.267704671016,Large,1.6666666666666667,8
House for sale,26925688.0,4,2,1831.27,"Pannipitiya, Colombo",Colombo,Pannipitiya,14703.286790041884,Medium,2.0,6
House for sale,62000000.0,4,3,3500.0,"Thalawathugoda, Colombo",Colombo,Thalawathugoda,17714.285714285714,Very Large,1.3333333333333333,7
House for sale,43790157.0,4,4,975.68,"Colombo 9, Colombo",Colombo,Colombo 9,44881.67944408003,Small,1.0,8
House for sale,66516708.0,3,3,2681.14,"Mount Lavinia, Colombo",Colombo,Mount Lavinia,24809.11403358273,Large,1.0,6
House for sale,13500000.0,4,2,2500.0,"Arukawatta, Padukka",Colombo,Padukka,5400.0,Large,2.0,6
House for sale,56998411.0,3,2,1976.3,"Dehiwala, Colombo",Colombo,Dehiwala,28840.97100642615,Medium,1.5,5
House for sale,10204485.0,3,1,1250.5,"Padukka, Colombo",Colombo,Padukka,8160.323870451819,Medium,3.0,4
House for sale,29758036.0,3,2,2225.42,"Polgasovita, Colombo",Colombo,Polgasovita,13371.874073208652,Large,1.5,5
House for sale,335337395.0,7,5,7471.58,"Kohuwala, Colombo",Colombo,Kohuwala,44881.72448130114,Very Large,1.4,12
House for sale,13633186.0,3,3,896.0,"Wellampitiya, Colombo",Colombo,Wellampitiya,15215.609375,Small,1.0,6
Villa for sale,35821342.0,3,3,4023.66,"Maththegoda, Colombo",Colombo,Maththegoda,8902.676170451778,Very Large,1.0,6
House for sale,57615009.0,5,4,3492.34,"Thalawathugoda, Colombo",Colombo,Thalawathugoda,16497.537181374093,Large,1.25,9
House for sale,81588465.0,5,3,3193.27,"Kirulapona, Colombo",Colombo,Kirulapona,25550.130430561774,Large,1.6666666666666667,8
House for sale,39104394.0,5,5,3341.24,"Morakatiya, Colombo",Colombo,Morakatiya,11703.557361937485,Large,1.0,10
House for sale,33978364.0,3,3,993.99,"Nugegoda, Colombo",Colombo,Nugegoda,34183.808690228274,Small,1.0,6
House for sale,55679267.0,5,5,3834.65,"Dehiwala, Colombo",Colombo,Dehiwala,14520.038856218951,Very Large,1.0,10
House for sale,55316709.0,4,3,3222.99,"Mount Lavinia, Colombo",Colombo,Mount Lavinia,17163.16494931725,Large,1.3333333333333333,7
House for sale,135003374.0,4,4,4595.14,"Maharagama, Colombo",Colombo,Maharagama,29379.599751041314,Very Large,1.0,8
House for sale,55099387.0,3,3,3412.07,"Pitakotte, Colombo",Colombo,Pitakotte,16148.375326414756,Large,1.0,6
House for sale,32597785.0,4,3,2287.85,"Kottawa, Colombo",Colombo,Kottawa,14248.217759031406,Large,1.3333333333333333,7
House for sale,27151406.0,4,5,3143.6,"Colombo 9, Colombo",Colombo,Colombo 9,8637.042244560376,Large,0.8,9
House for sale,129037309.0,8,6,3701.51,"Rathmalana, Colombo",Colombo,Rathmalana,34860.72143530613,Very Large,1.3333333333333333,14
House for sale,73500251.0,5,3,3230.97,"Kirulapona, Colombo",Colombo,Kirulapona,22748.66402349759,Large,1.6666666666666667,8
House for sale,35687325.0,4,5,3929.07,"Morakatiya, Colombo",Colombo,Morakatiya,9082.893661858912,Very Large,0.8,9
House for sale,10158247.0,2,1,1244.83,"Padukka, Colombo",Colombo,Padukka,8160.348802647752,Medium,2.0,3
Villa for sale,69890862.0,5,5,3533.0,"Pitakotte, Colombo",Colombo,Pitakotte,19782.298896122276,Very Large,1.0,10
House for sale,218942355.0,5,4,5048.48,"Nawala, Colombo",Colombo,Nawala,43367.975113301436,Very Large,1.25,9
House for sale,143942466.0,5,5,4774.6,"Kohuwala, Colombo",Colombo,Kohuwala,30147.54450634608,Very Large,1.0,10
House for sale,27856036.0,2,2,2186.29,"Mount Lavinia, Colombo",Colombo,Mount Lavinia,12741.235609182679,Large,1.0,4
House for sale,177807072.0,4,4,3961.68,"Pamankada, Colombo",Colombo,Pamankada,44881.73502150603,Very Large,1.0,8
Villa for sale,24238172.0,4,3,1940.6,"Pannipitiya, Colombo",Colombo,Pannipitiya,12490.04019375451,Medium,1.3333333333333333,7
Villa for sale,23286606.0,5,3,2853.64,"Padukka, Colombo",Colombo,Padukka,8160.316648210706,Large,1.6666666666666667,8
House for sale,18591782.0,2,1,1007.92,"Mount Lavinia, Colombo",Colombo,Mount Lavinia,18445.6921184221,Medium,2.0,3
House for sale,149056655.0,4,4,3321.1,"Colombo 7, Colombo",Colombo,Colombo 7,44881.71238445093,Large,1.0,8
House for sale,41241281.0,3,2,962.68,"Nugegoda, Colombo",Colombo,Nugegoda,42840.07250592097,Small,1.5,5
House for sale,222546794.0,8,7,7977.9,"Battaramulla, Colombo",Colombo,Battaramulla,27895.410321011797,Very Large,1.1428571428571428,15
House for sale,23766253.0,5,4,2703.83,"Kaduwela, Colombo",Colombo,Kaduwela,8789.8473646642,Large,1.25,9
House for sale,37919165.0,2,2,1106.04,"Maharagama, Colombo",Colombo,Maharagama,34283.719395320244,Medium,1.0,4
House for sale,10187093.0,1,2,1248.37,"Pannipitiya, Colombo",Colombo,Pannipitiya,8160.315451348559,Medium,0.5,3
House for sale,88278316.0,6,5,5847.82,"Rathmalana, Colombo",Colombo,Rathmalana,15095.93592142029,Very Large,1.2,11
House for sale,18941595.0,2,2,1163.54,"Homagama, Colombo",Colombo,Homagama,16279.281331110233,Medium,1.0,4
House for sale,10583152.0,2,2,1296.9,"Padukka, Colombo",Colombo,Padukka,8160.345439124065,Medium,1.0,4
House for sale,56454372.0,7,6,4537.74,"Dehiwala, Colombo",Colombo,Dehiwala,12441.07683560539,Very Large,1.1666666666666667,13
Villa for sale,50784962.0,5,4,2280.65,"Wellampitiya, Colombo",Colombo,Wellampitiya,22267.75787604411,Large,1.25,9
House for sale,50228206.0,4,4,3808.27,"Pitakotte, Colombo",Colombo,Pitakotte,13189.244985255773,Very Large,1.0,8
House for sale,251965194.0,7,6,5613.98,"Pitakotte, Colombo",Colombo,Pitakotte,44881.740583329476,Very Large,1.1666666666666667,13
House for sale,34554797.0,3,2,1672.75,"Boralesgamuwa, Colombo",Colombo,Boralesgamuwa,20657.478403826033,Medium,1.5,5
House for sale,45374277.0,5,5,3514.87,"Thalawathugoda, Colombo",Colombo,Thalawathugoda,12909.233342911688,Very Large,1.0,10
House for sale,70510817.0,4,4,3308.5,"Pitakotte, Colombo",Colombo,Pitakotte,21312.01964636542,Large,1.0,8
House for sale,282587335.0,7,6,7210.4,"Kottawa, Colombo",Colombo,Kottawa,39191.63083878842,Very Large,1.1666666666666667,13
House for sale,42510952.0,6,4,5209.47,"Awissawella, Colombo",Colombo,Awissawella,8160.321875353922,Very Large,1.5,10
House for sale,195274997.0,3,4,4350.88,"Nawala, Colombo",Colombo,Nawala,44881.72438679072,Very Large,0.75,7
House for sale,37000000.0,6,3,2000.0,"Brendiyawatta, Wellampitiya",Colombo,Wellampitiya,18500.0,Large,2.0,9
House for sale,76405676.0,4,3,2834.75,"Battaramulla, Colombo",Colombo,Battaramulla,26953.232560190492,Large,1.3333333333333333,7
House for sale,97413739.0,3,4,2170.45,"Dehiwala, Colombo",Colombo,Dehiwala,44881.81667396163,Large,0.75,7
House for sale,276665397.0,10,8,8988.24,"Battaramulla, Colombo",Colombo,Battaramulla,30780.819938052387,Very Large,1.25,18
House for sale,11642820.0,2,2,1218.21,"Kesbewa, Colombo",Colombo,Kesbewa,9557.317703844164,Medium,1.0,4
House for sale,19034516.0,2,1,1137.65,"Mount Lavinia, Colombo",Colombo,Mount Lavinia,16731.434096602643,Medium,2.0,3
House for sale,115875276.0,5,5,2770.91,"Nawala, Colombo",Colombo,Nawala,41818.49139813275,Large,1.0,10
House for sale,65256776.0,4,4,3196.72,"Pitakotte, Colombo",Colombo,Pitakotte,20413.666508170878,Large,1.0,8
House for sale,16457530.0,1,2,896.0,"Kolonnawa, Colombo",Colombo,Kolonnawa,18367.77901785714,Small,0.5,3
House for sale,66517315.0,5,4,3501.52,"Pitakotte, Colombo",Colombo,Pitakotte,18996.697148666866,Very Large,1.25,9
House for sale,236684476.0,7,6,6428.14,"Pitakotte, Colombo",Colombo,Pitakotte,36820.05619043767,Very Large,1.1666666666666667,13
House for sale,60355069.0,2,1,1344.76,"Pamankada, Colombo",Colombo,Pamankada,44881.66587346441,Medium,2.0,3
House for sale,404819885.0,9,6,9019.7,"Colombo 7, Colombo",Colombo,Colombo 7,44881.74606694235,Very Large,1.5,15
House for sale,32005215.0,2,2,1658.18,"Dematagoda, Colombo",Colombo,Dematagoda,19301.411788828715,Medium,1.0,4
House for sale,23579122.0,3,3,2343.37,"Polgasovita, Colombo",Colombo,Polgasovita,10062.056781472837,Large,1.0,6
House for sale,35089341.0,3,3,1598.84,"Homagama, Colombo",Colombo,Homagama,21946.74951840084,Medium,1.0,6
House for sale,44815607.0,3,2,1490.31,"Dematagoda, Colombo",Colombo,Dematagoda,30071.33213895096,Medium,1.5,5
House for sale,27900000.0,3,2,1650.0,"First Lane - Queen Terrace , Hokandara, Thalawathugoda",Colombo,Thalawathugoda,16909.090909090908,Medium,1.5,5
House for sale,16667831.0,1,2,1157.89,"Maththegoda, Colombo",Colombo,Maththegoda,14395.003843197539,Medium,0.5,3
House for sale,93788029.0,4,4,2295.06,"Dehiwala, Colombo",Colombo,Dehiwala,40865.17520239123,Large,1.0,8
House for sale,125534940.0,5,4,3506.88,"Kohuwala, Colombo",Colombo,Kohuwala,35796.759512729266,Very Large,1.25,9
House for sale,75185924.0,4,4,3757.7,"Kottawa, Colombo",Colombo,Kottawa,20008.495622322167,Very Large,1.0,8
House for sale,46760407.0,5,3,2485.98,"Rathmalana, Colombo",Colombo,Rathmalana,18809.647302070007,Large,1.6666666666666667,8
House for sale,44240559.0,3,3,3455.45,"Makadana, Colombo",Colombo,Makadana,12803.125208004747,Large,1.0,6
House for sale,72965472.0,2,1,1625.73,"Pamankada, Colombo",Colombo,Pamankada,44881.66669742208,Medium,2.0,3
House for sale,58144265.0,4,4,1295.5,"Bambalapitiya , Colombo",Colombo,Bambalapitiya ,44881.717483597065,Medium,1.0,8
House for sale,49365163.0,4,5,1158.13,"Colombo 9, Colombo",Colombo,Colombo 9,42624.889261136486,Medium,0.8,9
House for sale,21764595.0,6,3,2667.13,"Colombo 8, Colombo",Colombo,Colombo 8,8160.305271958997,Large,2.0,9
House for sale,108684305.0,5,4,5741.51,"Moratuwa, Colombo",Colombo,Moratuwa,18929.56817979939,Very Large,1.25,9
House for sale,52514200.0,3,3,3773.99,"Malabe, Colombo",Colombo,Malabe,13914.769249521065,Very Large,1.0,6
House for sale,76108834.0,5,5,3116.79,"Rathmalana, Colombo",Colombo,Rathmalana,24418.980425373542,Large,1.0,10
House for sale,44787875.0,4,3,2282.39,"Moratuwa, Colombo",Colombo,Moratuwa,19623.234854691793,Large,1.3333333333333333,7
House for sale,32917465.0,5,3,4033.85,"Awissawella, Colombo",Colombo,Awissawella,8160.3096297581715,Very Large,1.6666666666666667,8
House for sale,112068182.0,4,2,4216.58,"Kottawa, Colombo",Colombo,Kottawa,26577.980733200842,Very Large,2.0,6
House for sale,14076558.0,3,3,1174.0,"Padukka, Colombo",Colombo,Padukka,11990.253833049404,Medium,1.0,6
House for sale,34191745.0,2,1,2345.74,"Boralesgamuwa, Colombo",Colombo,Boralesgamuwa,14576.101784511498,Large,2.0,3
House for sale,32000211.0,3,2,1718.15,"Pannipitiya, Colombo",Colombo,Pannipitiya,18624.806332392396,Medium,1.5,5
House for sale,15000000.0,2,2,700.0,"Silva Lane, Kolonnawa",Colombo,Kolonnawa,21428.571428571428,Small,1.0,4
House for sale,94469201.0,5,4,2394.66,"Dehiwala, Colombo",Colombo,Dehiwala,39449.94320696884,Large,1.25,9
House for sale,121356064.0,5,4,5918.62,"Nugegoda, Colombo",Colombo,Nugegoda,20504.114810547053,Very Large,1.25,9
House for sale,88968604.0,3,3,2609.0,"Dehiwala, Colombo",Colombo,Dehiwala,34100.65312380222,Large,1.0,6
House for sale,135000000.0,5,4,1647.0,"Bambalapitiya, Colombo 6",Colombo,Bambalapitiya ,81967.2131147541,Medium,1.25,9
House for sale,33784278.0,3,3,2913.58,"Maharagama, Colombo",Colombo,Maharagama,11595.452330123078,Large,1.0,6
House for sale,32907994.0,3,3,1557.78,"Makadana, Colombo",Colombo,Makadana,21124.930349600072,Medium,1.0,6
House for sale,12079309.0,4,2,1480.25,"Padukka, Colombo",Colombo,Padukka,8160.316838371897,Medium,2.0,6
House for sale,66663321.0,5,4,1485.31,"Bambalapitiya , Colombo",Colombo,Bambalapitiya ,44881.75599706459,Medium,1.25,9
House for sale,301744136.0,8,6,9019.7,"Nugegoda, Colombo",Colombo,Nugegoda,33453.89935363703,Very Large,1.3333333333333333,14
House for sale,109578859.0,3,3,4083.88,"Dehiwala, Colombo",Colombo,Dehiwala,26832.046730070422,Very Large,1.0,6
House for sale,251327906.0,6,6,5599.78,"Kothalawala, Colombo",Colombo,Kothalawala,44881.74642575244,Very Large,1.0,12
House for sale,109355236.0,4,4,4101.64,"Maharagama, Colombo",Colombo,Maharagama,26661.344242790685,Very Large,1.0,8
House for sale,41420498.0,3,3,3539.65,"Malabe, Colombo",Colombo,Malabe,11701.862613535237,Very Large,1.0,6
House for sale,75958288.0,5,4,1692.41,"Bambalapitiya , Colombo",Colombo,Bambalapitiya ,44881.72960452845,Medium,1.25,9
House for sale,48367942.0,4,2,2410.46,"Rathmalana, Colombo",Colombo,Rathmalana,20065.855479866914,Large,2.0,6
House for sale,82631837.0,4,4,2941.63,"Dehiwala, Colombo",Colombo,Dehiwala,28090.493025975393,Large,1.0,8
House for sale,28075804.0,4,4,2660.14,"Colombo 9, Colombo",Colombo,Colombo 9,10554.258046568979,Large,1.0,8
House for sale,42932028.0,4,3,4217.4,"Morakatiya, Colombo",Colombo,Morakatiya,10179.738227343862,Very Large,1.3333333333333333,7
House for sale,64532306.0,4,3,2295.73,"Dehiwala, Colombo",Colombo,Dehiwala,28109.710636703792,Large,1.3333333333333333,7
House for sale,113959781.0,3,4,2682.66,"Nawala, Colombo",Colombo,Nawala,42480.143216061675,Large,0.75,7
House for sale,25740896.0,2,2,1330.44,"Boralesgamuwa, Colombo",Colombo,Boralesgamuwa,19347.65641441929,Medium,1.0,4
House for sale,63533615.0,4,4,3430.4,"Thalawathugoda, Colombo",Colombo,Thalawathugoda,18520.759969682837,Large,1.0,8
House for sale,35735164.0,4,3,3558.22,"Malabe, Colombo",Colombo,Malabe,10042.98891018543,Very Large,1.3333333333333333,7
House for sale,39984075.0,3,3,3411.55,"Malabe, Colombo",Colombo,Malabe,11720.20782342337,Large,1.0,6
House for sale,17328565.0,2,1,1065.1,"Mount Lavinia, Colombo",Colombo,Mount Lavinia,16269.42540606516,Medium,2.0,3
House for sale,29240220.0,2,1,2080.04,"Boralesgamuwa, Colombo",Colombo,Boralesgamuwa,14057.527739851157,Large,2.0,3
House for sale,32829813.0,6,4,4023.1,"Thalawathugoda, Colombo",Colombo,Thalawathugoda,8160.327359498894,Very Large,1.5,10
House for sale,16281131.0,3,2,1420.82,"Maththegoda, Colombo",Colombo,Maththegoda,11458.968060697345,Medium,1.5,5
House for sale,100910051.0,6,5,4543.86,"Kirulapona, Colombo",Colombo,Kirulapona,22208.00178702689,Very Large,1.2,11
House for sale,371419635.0,9,8,8528.49,"Colombo 7, Colombo",Colombo,Colombo 7,43550.45676315502,Very Large,1.125,17
House for sale,61667003.0,5,5,3659.3,"Dehiwala, Colombo",Colombo,Dehiwala,16852.13100866286,Very Large,1.0,10
House for sale,22944950.0,3,2,2331.24,"Polgasovita, Colombo",Colombo,Polgasovita,9842.380020933066,Large,1.5,5
House for sale,116976446.0,5,5,4695.75,"Maharagama, Colombo",Colombo,Maharagama,24911.13155512964,Very Large,1.0,10
Villa for sale,27391789.0,2,2,1482.44,"Thalawathugoda, Colombo",Colombo,Thalawathugoda,18477.502630797873,Medium,1.0,4
House for sale,24531388.0,4,3,2681.56,"Malabe, Colombo",Colombo,Malabe,9148.177926281716,Large,1.3333333333333333,7
House for sale,115229308.0,4,4,3522.21,"Kohuwala, Colombo",Colombo,Kohuwala,32715.05901124578,Very Large,1.0,8
House for sale,25815049.0,4,3,1292.66,"Kolonnawa, Colombo",Colombo,Kolonnawa,19970.486438816082,Medium,1.3333333333333333,7
House for sale,87506265.0,6,5,4315.75,"Mount Lavinia, Colombo",Colombo,Mount Lavinia,20276.027341713492,Very Large,1.2,11
House for sale,47874190.0,4,4,3091.24,"Pitakotte, Colombo",Colombo,Pitakotte,15487.050504004867,Large,1.0,8
House for sale,25420624.0,4,2,2492.01,"Pannipitiya, Colombo",Colombo,Pannipitiya,10200.851521462593,Large,2.0,6
House for sale,61939716.0,7,5,4117.23,"Pitakotte, Colombo",Colombo,Pitakotte,15044.02620208247,Very Large,1.4,12
House for sale,28420606.0,1,2,2679.03,"Boralesgamuwa, Colombo",Colombo,Boralesgamuwa,10608.543390704845,Large,0.5,3
House for sale,328801608.0,6,5,8992.22,"Nugegoda, Colombo",Colombo,Nugegoda,36565.120515289884,Very Large,1.2,11
House for sale,35780563.0,2,1,2894.62,"Boralesgamuwa, Colombo",Colombo,Boralesgamuwa,12361.057064485149,Large,2.0,3
House for sale,32353684.0,2,1,3347.25,"Boralesgamuwa, Colombo",Colombo,Boralesgamuwa,9665.750690865636,Large,2.0,3
House for sale,12829866.0,1,2,896.0,"Kolonnawa, Colombo",Colombo,Kolonnawa,14319.046875,Small,0.5,3
House for sale,123700788.0,6,5,4082.67,"Nawala, Colombo",Colombo,Nawala,30298.99257103807,Very Large,1.2,11
House for sale,109981042.0,4,5,2857.29,"Bambalapitiya , Colombo",Colombo,Bambalapitiya ,38491.38239380672,Large,0.8,9
House for sale,390474366.0,10,9,9019.7,"Nugegoda, Colombo",Colombo,Nugegoda,43291.280862999876,Very Large,1.1111111111111112,19
House for sale,40003181.0,5,5,1003.41,"Homagama, Colombo",Colombo,Homagama,39867.23373297057,Medium,1.0,10
House for sale,33399267.0,3,2,1112.58,"Awissawella, Colombo",Colombo,Awissawella,30019.654316992935,Medium,1.5,5
Villa for sale,144359589.0,4,4,3409.96,"Nawala, Colombo",Colombo,Nawala,42334.68691714859,Large,1.0,8
House for sale,15007663.0,1,1,1105.17,"Mount Lavinia, Colombo",Colombo,Mount Lavinia,13579.506320294615,Medium,1.0,2
Villa for sale,14622733.0,3,2,1469.5,"Kesbewa, Colombo",Colombo,Kesbewa,9950.822048315753,Medium,1.5,5
House for sale,25235115.0,4,3,2496.95,"Padukka, Colombo",Colombo,Padukka,10106.37577844971,Large,1.3333333333333333,7
House for sale,76328305.0,5,4,3333.38,"Pitakotte, Colombo",Colombo,Pitakotte,22898.17092560704,Large,1.25,9
House for sale,37184070.0,3,3,2236.44,"Moratuwa, Colombo",Colombo,Moratuwa,16626.45543810699,Large,1.0,6
House for sale,168947501.0,6,5,3764.28,"Mount Lavinia, Colombo",Colombo,Mount Lavinia,44881.75720190846,Very Large,1.2,11
Villa for sale,50554266.0,4,2,2889.44,"Thalawathugoda, Colombo",Colombo,Thalawathugoda,17496.21587574063,Large,2.0,6
House for sale,98096880.0,6,4,3022.9,"Battaramulla, Colombo",Colombo,Battaramulla,32451.2488008204,Large,1.5,10
House for sale,103925606.0,5,5,3207.15,"Nawala, Colombo",Colombo,Nawala,32404.348409023587,Large,1.0,10
House for sale,36651513.0,4,3,3575.46,"Makadana, Colombo",Colombo,Makadana,10250.852477723147,Very Large,1.3333333333333333,7
House for sale,32379673.0,6,4,2141.26,"Maththegoda, Colombo",Colombo,Maththegoda,15121.78483696515,Large,1.5,10
House for sale,190837172.0,5,4,4252.0,"Nugegoda, Colombo",Colombo,Nugegoda,44881.743179680154,Very Large,1.25,9
Villa for sale,98937087.0,6,5,3330.95,"Kothalawala, Colombo",Colombo,Kothalawala,29702.363289752175,Large,1.2,11
House for sale,186082442.0,5,4,4146.06,"Nawala, Colombo",Colombo,Nawala,44881.7532790167,Very Large,1.25,9
House for sale,45303084.0,4,2,2606.61,"Rathmalana, Colombo",Colombo,Rathmalana,17380.07757201883,Large,2.0,6
House for sale,82586529.0,4,4,1840.09,"Bambalapitiya , Colombo",Colombo,Bambalapitiya ,44881.78784733356,Medium,1.0,8
House for sale,117127595.0,6,4,4351.88,"Maharagama, Colombo",Colombo,Maharagama,26914.252001433862,Very Large,1.5,10
House for sale,13295312.0,2,2,1303.5,"Kesbewa, Colombo",Colombo,Kesbewa,10199.702339854239,Medium,1.0,4
House for sale,69706370.0,3,4,3627.36,"Dehiwala, Colombo",Colombo,Dehiwala,19216.832627585904,Very Large,0.75,7
House for sale,47355735.0,4,3,4061.47,"Polgasovita, Colombo",Colombo,Polgasovita,11659.75250340394,Very Large,1.3333333333333333,7
House for sale,52506319.0,4,4,3043.15,"Thalawathugoda, Colombo",Colombo,Thalawathugoda,17253.93720322692,Large,1.0,8
House for sale,12696252.0,3,2,1555.85,"Padukka, Colombo",Colombo,Padukka,8160.331651508822,Medium,1.5,5
House for sale,46369806.0,4,4,2182.62,"Pamankada, Colombo",Colombo,Pamankada,21245.020205074637,Large,1.0,8
House for sale,89905889.0,4,5,5225.47,"Kothalawala, Colombo",Colombo,Kothalawala,17205.321052460353,Very Large,0.8,9
House for sale,114050795.0,7,6,3318.82,"Pitakotte, Colombo",Colombo,Pitakotte,34364.86311399835,Large,1.1666666666666667,13
House for sale,33687288.0,5,3,2765.8,"Wellampitiya, Colombo",Colombo,Wellampitiya,12179.943596789355,Large,1.6666666666666667,8
House for sale,44178637.0,4,3,2391.62,"Wellampitiya, Colombo",Colombo,Wellampitiya,18472.26440655288,Large,1.3333333333333333,7
House for sale,38997201.0,5,3,2507.9,"Awissawella, Colombo",Colombo,Awissawella,15549.743211451812,Large,1.6666666666666667,8
House for sale,36780372.0,5,4,4507.22,"Mount Lavinia, Colombo",Colombo,Mount Lavinia,8160.323214753218,Very Large,1.25,9
House for sale,64603808.0,6,5,3600.27,"Dehiwala, Colombo",Colombo,Dehiwala,17944.156410491436,Very Large,1.2,11
House for sale,43789436.0,3,4,975.66,"Nawala, Colombo",Colombo,Nawala,44881.86048418507,Small,0.75,7
House for sale,89804749.0,5,3,3502.82,"Battaramulla, Colombo",Colombo,Battaramulla,25637.842937975685,Very Large,1.6666666666666667,8
House for sale,200000000.0,4,4,4000.0,"Nawala, Colombo",Colombo,Nawala,50000.0,Very Large,1.0,8
House for sale,29246764.0,4,4,1485.02,"Wellampitiya, Colombo",Colombo,Wellampitiya,19694.525326258234,Medium,1.0,8
House for sale,75463119.0,6,3,3059.6,"Battaramulla, Colombo",Colombo,Battaramulla,24664.3741011897,Large,2.0,9
House for sale,36623389.0,5,4,4487.99,"Awissawella, Colombo",Colombo,Awissawella,8160.3098491752435,Very Large,1.25,9
House for sale,47863950.0,2,2,2836.15,"Dehiwala, Colombo",Colombo,Dehiwala,16876.381714648378,Large,1.0,4
House for sale,8436193.0,2,1,1016.7,"Padukka, Colombo",Colombo,Padukka,8297.622700895052,Medium,2.0,3
House for sale,89000000.0,7,6,5500.0,"Boralesgamuwa, Colombo",Colombo,Boralesgamuwa,16181.818181818182,Very Large,1.1666666666666667,13
House for sale,79094609.0,4,4,3909.55,"Pitakotte, Colombo",Colombo,Pitakotte,20231.12864651942,Very Large,1.0,8
House for sale,61282381.0,5,3,3488.29,"Kolonnawa, Colombo",Colombo,Kolonnawa,17568.029320956688,Large,1.6666666666666667,8
House for sale,144802439.0,5,4,3226.31,"Kohuwala, Colombo",Colombo,Kohuwala,44881.75004881738,Large,1.25,9
House for sale,370536656.0,10,8,8615.4,"Battaramulla, Colombo",Colombo,Battaramulla,43008.64219885322,Very Large,1.25,18
Villa for sale,58715102.0,4,3,2226.56,"Kirulapona, Colombo",Colombo,Kirulapona,26370.321033342916,Large,1.3333333333333333,7
Villa for sale,10349569.0,3,2,1087.43,"Padukka, Colombo",Colombo,Padukka,9517.457675436579,Medium,1.5,5
Villa for sale,115128019.0,6,5,4902.44,"Bambalapitiya , Colombo",Colombo,Bambalapitiya ,23483.820097747248,Very Large,1.2,11
House for sale,56221128.0,4,3,2328.03,"Kaduwela, Colombo",Colombo,Kaduwela,24149.657865233694,Large,1.3333333333333333,7
House for sale,7777000.0,3,2,896.0,"Wellampitiya, Colombo",Colombo,Wellampitiya,8679.6875,Small,1.5,5
House for sale,27483065.0,3,3,1279.48,"Homagama, Colombo",Colombo,Homagama,21479.87072873355,Medium,1.0,6
House for sale,184509893.0,4,4,4111.02,"Nugegoda, Colombo",Colombo,Nugegoda,44881.77946105832,Very Large,1.0,8
House for sale,80407522.0,5,3,4202.0,"Nugegoda, Colombo",Colombo,Nugegoda,19135.53593526892,Very Large,1.6666666666666667,8
House for sale,850000000.0,5,5,6500.0,"Town Hall, Alexandra Place, Colombo 07",Colombo,Colombo 7,130769.23076923077,Very Large,1.0,10
House for sale,35217358.0,3,3,1662.36,"Morakatiya, Colombo",Colombo,Morakatiya,21185.157246324503,Medium,1.0,6
House for sale,299384584.0,8,7,7912.08,"Battaramulla, Colombo",Colombo,Battaramulla,37838.92276114498,Very Large,1.1428571428571428,15
House for sale,74937050.0,5,5,3357.96,"Rathmalana, Colombo",Colombo,Rathmalana,22316.242599673613,Large,1.0,10
House for sale,15674081.0,2,2,1270.61,"Maththegoda, Colombo",Colombo,Maththegoda,12335.870959617821,Medium,1.0,4
House for sale,32567973.0,5,5,2279.56,"Homagama, Colombo",Colombo,Homagama,14286.955816034673,Large,1.0,10
House for sale,404819885.0,8,6,9019.7,"Colombo 7, Colombo",Colombo,Colombo 7,44881.74606694235,Very Large,1.3333333333333333,14
House for sale,33962903.0,4,3,2618.08,"Pannipitiya, Colombo",Colombo,Pannipitiya,12972.446602090082,Large,1.3333333333333333,7
House for sale,54361751.0,5,4,3872.33,"Thalawathugoda, Colombo",Colombo,Thalawathugoda,14038.511955334385,Very Large,1.25,9
House for sale,64737790.0,4,3,3150.77,"Thalawathugoda, Colombo",Colombo,Thalawathugoda,20546.65684896073,Large,1.3333333333333333,7
House for sale,12058119.0,2,1,1477.65,"Moratuwa, Colombo",Colombo,Moratuwa,8160.334991371434,Medium,2.0,3
House for sale,86159919.0,4,4,3190.17,"Mount Lavinia, Colombo",Colombo,Mount Lavinia,27007.939702272917,Large,1.0,8
Villa for sale,13382549.0,2,1,1639.95,"Rathmalana, Colombo",Colombo,Rathmalana,8160.339644501357,Medium,2.0,3
House for sale,45000000.0,4,3,2000.0,"Daham Street, Moratuwa",Colombo,Moratuwa,22500.0,Large,1.3333333333333333,7
House for sale,30007651.0,1,1,2639.82,"Bambalapitiya , Colombo",Colombo,Bambalapitiya ,11367.309513527436,Large,1.0,2
House for sale,45000000.0,5,2,2500.0,"97/A Kandawala Road, Ratmalana",Colombo,Rathmalana,18000.0,Large,2.5,7
House for sale,27031065.0,3,2,1924.0,"Kottawa, Colombo",Colombo,Kottawa,14049.410083160083,Medium,1.5,5
House for sale,122160576.0,4,5,3663.14,"Battaramulla, Colombo",Colombo,Battaramulla,33348.596013256385,Very Large,0.8,9
House for sale,16984922.0,1,2,896.0,"Kolonnawa, Colombo",Colombo,Kolonnawa,18956.386160714286,Small,0.5,3
House for sale,61024740.0,3,3,2712.61,"Pitakotte, Colombo",Colombo,Pitakotte,22496.6876919277,Large,1.0,6
House for sale,51939091.0,5,4,3824.38,"Thalawathugoda, Colombo",Colombo,Thalawathugoda,13581.048692860018,Very Large,1.25,9
House for sale,50711585.0,3,3,4466.93,"Makadana, Colombo",Colombo,Makadana,11352.670626134726,Very Large,1.0,6
House for sale,19269953.0,5,3,2361.42,"Maththegoda, Colombo",Colombo,Maththegoda,8160.32429639793,Large,1.6666666666666667,8
House for sale,36239600.0,2,2,1271.97,"Maharagama, Colombo",Colombo,Maharagama,28490.92352807063,Medium,1.0,4
House for sale,86983438.0,6,4,4259.11,"Nugegoda, Colombo",Colombo,Nugegoda,20422.914176905506,Very Large,1.5,10
House for sale,307262582.0,9,9,9019.7,"Dematagoda, Colombo",Colombo,Dematagoda,34065.720811113446,Very Large,1.0,18
House for sale,41022212.0,5,4,1825.76,"Wellampitiya, Colombo",Colombo,Wellampitiya,22468.567610200684,Medium,1.25,9
House for sale,17144222.0,2,1,1285.05,"Mount Lavinia, Colombo",Colombo,Mount Lavinia,13341.287887630831,Medium,2.0,3
House for sale,99747264.0,3,4,2805.11,"Dehiwala, Colombo",Colombo,Dehiwala,35559.12744954743,Large,0.75,7
House for sale,70631715.0,5,4,4757.56,"Pitakotte, Colombo",Colombo,Pitakotte,14846.205828197646,Very Large,1.25,9
House for sale,139856744.0,5,5,3116.12,"Colombo 6, Colombo",Colombo,Colombo 6,44881.693901390194,Large,1.0,10
House for sale,55579999.0,3,3,2676.71,"Thalawathugoda, Colombo",Colombo,Thalawathugoda,20764.296094832836,Large,1.0,6
House for sale,70019925.0,5,4,2500.38,"Kothalawala, Colombo",Colombo,Kothalawala,28003.713435557795,Large,1.25,9
House for sale,104487061.0,5,5,4470.2,"Moratuwa, Colombo",Colombo,Moratuwa,23374.135609145007,Very Large,1.0,10
House for sale,11656522.0,3,3,896.0,"Wellampitiya, Colombo",Colombo,Wellampitiya,13009.511160714286,Small,1.0,6
House for sale,29279767.0,2,3,1357.46,"Kolonnawa, Colombo",Colombo,Kolonnawa,21569.52470054366,Medium,0.6666666666666666,5
House for sale,41981596.0,4,4,2256.73,"Athurugiriya, Colombo",Colombo,Athurugiriya,18602.843937910162,Large,1.0,8
House for sale,38955383.0,3,3,1799.17,"Homagama, Colombo",Colombo,Homagama,21651.863359215637,Medium,1.0,6
House for sale,43795187.0,4,3,2625.57,"Awissawella, Colombo",Colombo,Awissawella,16680.25876285911,Large,1.3333333333333333,7
House for sale,45859972.0,3,3,2294.49,"Kottawa, Colombo",Colombo,Kottawa,19987.00016125588,Large,1.0,6
House for sale,18860674.0,3,3,1292.63,"Makumbura, Colombo",Colombo,Makumbura,14590.930119214314,Medium,1.0,6
House for sale,345026311.0,10,8,9019.7,"Colombo 6, Colombo",Colombo,Colombo 6,38252.52624810138,Very Large,1.25,18
House for sale,82968052.0,3,3,2972.91,"Battaramulla, Colombo",Colombo,Battaramulla,27908.026815477093,Large,1.0,6
House for sale,101046144.0,3,2,4033.93,"Colombo 6, Colombo",Colombo,Colombo 6,25049.05737085175,Very Large,1.5,5
House for sale,59647943.0,6,5,3367.85,"Thalawathugoda, Colombo",Colombo,Thalawathugoda,17710.985643659904,Large,1.2,11
House for sale,107976877.0,5,3,4233.41,"Kohuwala, Colombo",Colombo,Kohuwala,25505.886979999577,Very Large,1.6666666666666667,8
House for sale,25088154.0,2,2,1246.98,"Makumbura, Colombo",Colombo,Makumbura,20119.13102054564,Medium,1.0,4
House for sale,15238246.0,3,3,930.86,"Pannipitiya, Colombo",Colombo,Pannipitiya,16370.072835872204,Small,1.0,6
House for sale,19454658.0,5,3,2384.06,"Piliyandala, Colombo",Colombo,Piliyandala,8160.305529223258,Large,1.6666666666666667,8
Villa for sale,191671633.0,3,3,4270.59,"Battaramulla, Colombo",Colombo,Battaramulla,44881.76879541234,Very Large,1.0,6
House for sale,34918968.0,2,2,1073.27,"Nugegoda, Colombo",Colombo,Nugegoda,32535.119774148163,Medium,1.0,4
House for sale,138536684.0,6,4,4262.78,"Kolonnawa, Colombo",Colombo,Kolonnawa,32499.139997841787,Very Large,1.5,10
House for sale,171360537.0,5,5,4743.69,"Nawala, Colombo",Colombo,Nawala,36123.89026264364,Very Large,1.0,10
House for sale,38247522.0,3,2,1779.87,"Thalawathugoda, Colombo",Colombo,Thalawathugoda,21488.94132717558,Medium,1.5,5
House for sale,17670411.0,2,2,1232.56,"Maththegoda, Colombo",Colombo,Maththegoda,14336.349548906343,Medium,1.0,4
House for sale,124682958.0,5,5,5496.18,"Pamankada, Colombo",Colombo,Pamankada,22685.384758141106,Very Large,1.0,10
House for sale,404819885.0,10,9,9019.7,"Dematagoda, Colombo",Colombo,Dematagoda,44881.74606694235,Very Large,1.1111111111111112,19
House for sale,34213716.0,3,3,2350.67,"Maharagama, Colombo",Colombo,Maharagama,14554.878396372098,Large,1.0,6
House for sale,67606115.0,8,6,4321.66,"Mount Lavinia, Colombo",Colombo,Mount Lavinia,15643.552477520212,Very Large,1.3333333333333333,14
House for sale,71536469.0,4,3,3918.96,"Kolonnawa, Colombo",Colombo,Kolonnawa,18253.942117296425,Very Large,1.3333333333333333,7
House for sale,42161640.0,3,3,3304.6,"Thalawathugoda, Colombo",Colombo,Thalawathugoda,12758.470011499123,Large,1.0,6
House for sale,300000000.0,5,5,9000.0,"Stanly Thilakarathna Road, Nugegoda",Colombo,Nugegoda,33333.333333333336,Very Large,1.0,10
House for sale,42084035.0,5,3,2251.17,"Malabe, Colombo",Colombo,Malabe,18694.294522403903,Large,1.6666666666666667,8
House for sale,16597875.0,2,2,1505.5,"Wellampitiya, Colombo",Colombo,Wellampitiya,11024.825639322484,Medium,1.0,4
House for sale,98174001.0,3,3,2892.23,"Battaramulla, Colombo",Colombo,Battaramulla,33944.05043858891,Large,1.0,6
House for sale,44442144.0,6,4,5446.13,"Awissawella, Colombo",Colombo,Awissawella,8160.316408165064,Very Large,1.5,10
House for sale,23848675.0,4,3,2434.45,"Kaduwela, Colombo",Colombo,Kaduwela,9796.329766477029,Large,1.3333333333333333,7
House for sale,58296445.0,5,5,3888.95,"Kothalawala, Colombo",Colombo,Kothalawala,14990.278867046376,Very Large,1.0,10
House for sale,20476891.0,3,2,2428.73,"Pannipitiya, Colombo",Colombo,Pannipitiya,8431.110498079242,Large,1.5,5
House for sale,103845383.0,4,4,4113.89,"Nugegoda, Colombo",Colombo,Nugegoda,25242.62510665088,Very Large,1.0,8
House for sale,120602499.0,4,4,4508.03,"Nugegoda, Colombo",Colombo,Nugegoda,26752.81641870174,Very Large,1.0,8
House for sale,19095617.0,2,3,1327.38,"Homagama, Colombo",Colombo,Homagama,14385.945998885021,Medium,0.6666666666666666,5
House for sale,45667361.0,3,2,3745.68,"Kolonnawa, Colombo",Colombo,Kolonnawa,12192.008126695288,Very Large,1.5,5
Villa for sale,21687965.0,5,3,2302.94,"Colombo 8, Colombo",Colombo,Colombo 8,9417.511962969074,Large,1.6666666666666667,8
House for sale,54778319.0,3,4,3270.69,"Thalawathugoda, Colombo",Colombo,Thalawathugoda,16748.245477254033,Large,0.75,7
House for sale,89531896.0,7,6,3643.37,"Moratuwa, Colombo",Colombo,Moratuwa,24573.923592717732,Very Large,1.1666666666666667,13
House for sale,306285855.0,5,5,6824.29,"Colombo 7, Colombo",Colombo,Colombo 7,44881.71736546952,Very Large,1.0,10
House for sale,56132876.0,3,3,2993.63,"Kothalawala, Colombo",Colombo,Kothalawala,18750.772807594793,Large,1.0,6
House for sale,26665707.0,5,4,2497.51,"Awissawella, Colombo",Colombo,Awissawella,10676.917009341303,Large,1.25,9
House for sale,94181135.0,4,4,3581.54,"Nugegoda, Colombo",Colombo,Nugegoda,26296.267806585995,Very Large,1.0,8
House for sale,35266539.0,4,3,1059.58,"Nugegoda, Colombo",Colombo,Nugegoda,33283.5076162253,Medium,1.3333333333333333,7
House for sale,36080595.0,5,4,2331.97,"Makadana, Colombo",Colombo,Makadana,15472.15230041553,Large,1.25,9
House for sale,75084657.0,9,6,4423.22,"Mount Lavinia, Colombo",Colombo,Mount Lavinia,16975.112474622558,Very Large,1.5,15
House for sale,180421356.0,5,4,4614.34,"Nawala, Colombo",Colombo,Nawala,39100.14346580442,Very Large,1.25,9
House for sale,76688128.0,4,3,3834.81,"Mount Lavinia, Colombo",Colombo,Mount Lavinia,19997.895071724546,Very Large,1.3333333333333333,7
House for sale,45357265.0,5,4,2948.8,"Battaramulla, Colombo",Colombo,Battaramulla,15381.600990233313,Large,1.25,9
House for sale,140819180.0,5,5,3182.94,"Mount Lavinia, Colombo",Colombo,Mount Lavinia,44241.85815629575,Large,1.0,10
House for sale,44033007.0,4,3,4172.83,"Malabe, Colombo",Colombo,Malabe,10552.312699055557,Very Large,1.3333333333333333,7
House for sale,28205230.0,3,3,2189.5,"Polgasovita, Colombo",Colombo,Polgasovita,12882.041562000457,Large,1.0,6
House for sale,43963610.0,3,3,1957.9,"Kolonnawa, Colombo",Colombo,Kolonnawa,22454.47162776444,Medium,1.0,6
House for sale,91054160.0,4,4,2935.76,"Dehiwala, Colombo",Colombo,Dehiwala,31015.53260484508,Large,1.0,8
House for sale,79105426.0,3,4,3841.21,"Pitakotte, Colombo",Colombo,Pitakotte,20593.882136097738,Very Large,0.75,7
House for sale,66491761.0,3,2,1923.33,"Mount Lavinia, Colombo",Colombo,Mount Lavinia,34571.16615453406,Medium,1.5,5
House for sale,70101533.0,4,4,3428.92,"Dehiwala, Colombo",Colombo,Dehiwala,20444.201964466945,Large,1.0,8
House for sale,104105620.0,5,5,5201.85,"Nugegoda, Colombo",Colombo,Nugegoda,20013.191460730315,Very Large,1.0,10
House for sale,34535211.0,5,3,2402.13,"Kaduwela, Colombo",Colombo,Kaduwela,14376.911740830014,Large,1.6666666666666667,8
House for sale,86069748.0,3,3,4836.04,"Colombo 6, Colombo",Colombo,Colombo 6,17797.567431204043,Very Large,1.0,6
Villa for sale,43532688.0,5,3,3567.25,"Kesbewa, Colombo",Colombo,Kesbewa,12203.430653865022,Very Large,1.6666666666666667,8
House for sale,39615726.0,6,3,4854.68,"Awissawella, Colombo",Colombo,Awissawella,8160.316642909522,Very Large,2.0,9
House for sale,49250375.0,3,3,2270.96,"Kirulapona, Colombo",Colombo,Kirulapona,21687.028833621025,Large,1.0,6
House for sale,34824144.0,5,3,2378.56,"Dehiwala, Colombo",Colombo,Dehiwala,14640.851607695413,Large,1.6666666666666667,8
House for sale,96426951.0,4,4,5038.11,"Maharagama, Colombo",Colombo,Maharagama,19139.50886344284,Very Large,1.0,8
House for sale,62500000.0,6,3,1800.0,"Dematagoda Place, Colombo 09",Colombo,Colombo 9,34722.22222222222,Medium,2.0,9
House for sale,71601787.0,5,5,3640.86,"Rathmalana, Colombo",Colombo,Rathmalana,19666.174200600955,Very Large,1.0,10
House for sale,32111542.0,3,2,1854.28,"Mount Lavinia, Colombo",Colombo,Mount Lavinia,17317.52593998749,Medium,1.5,5
House for sale,62659058.0,4,3,3106.05,"Pitakotte, Colombo",Colombo,Pitakotte,20173.229020782022,Large,1.3333333333333333,7
House for sale,97870380.0,8,7,5578.61,"Boralesgamuwa, Colombo",Colombo,Boralesgamuwa,17543.864869564284,Very Large,1.1428571428571428,15
House for sale,67868746.0,4,4,3844.63,"Pitakotte, Colombo",Colombo,Pitakotte,17652.868026312026,Very Large,1.0,8
House for sale,69396744.0,3,3,3457.41,"Thalawathugoda, Colombo",Colombo,Thalawathugoda,20071.88733763135,Large,1.0,6
House for sale,31751313.0,3,3,1312.71,"Wellampitiya, Colombo",Colombo,Wellampitiya,24187.60655437987,Medium,1.0,6
House for sale,132527863.0,7,6,4252.09,"Kottawa, Colombo",Colombo,Kottawa,31167.699413700084,Very Large,1.1666666666666667,13
House for sale,180779830.0,7,4,4027.91,"Kohuwala, Colombo",Colombo,Kohuwala,44881.794776943876,Very Large,1.75,11
House for sale,404819885.0,9,6,9019.7,"Colombo 7, Colombo",Colombo,Colombo 7,44881.74606694235,Very Large,1.5,15
House for sale,125861477.0,5,4,5739.89,"Nugegoda, Colombo",Colombo,Nugegoda,21927.50679891078,Very Large,1.25,9
House for sale,221656359.0,5,5,4938.68,"Colombo 7, Colombo",Colombo,Colombo 7,44881.700980828886,Very Large,1.0,10
House for sale,9901414.0,2,2,1213.36,"Padukka, Colombo",Colombo,Padukka,8160.326696116569,Medium,1.0,4
House for sale,30778140.0,4,4,2335.92,"Homagama, Colombo",Colombo,Homagama,13176.024863865201,Large,1.0,8
House for sale,265806013.0,10,8,9019.7,"Battaramulla, Colombo",Colombo,Battaramulla,29469.495992106164,Very Large,1.25,18
House for sale,25838751.0,4,3,2395.71,"Athurugiriya, Colombo",Colombo,Athurugiriya,10785.425197540604,Large,1.3333333333333333,7
House for sale,155188461.0,5,3,3457.72,"Colombo 7, Colombo",Colombo,Colombo 7,44881.73160348438,Large,1.6666666666666667,8
House for sale,111453516.0,4,4,3776.0,"Pitakotte, Colombo",Colombo,Pitakotte,29516.291313559323,Very Large,1.0,8
House for sale,128465812.0,5,4,3816.89,"Maharagama, Colombo",Colombo,Maharagama,33657.19525582346,Very Large,1.25,9
House for sale,42473360.0,5,3,5204.87,"Kaduwela, Colombo",Colombo,Kaduwela,8160.311400668989,Very Large,1.6666666666666667,8
House for sale,10504763.0,2,2,1287.3,"Padukka, Colombo",Colombo,Padukka,8160.306843781558,Medium,1.0,4
House for sale,354023117.0,7,5,7887.91,"Boralesgamuwa, Colombo",Colombo,Boralesgamuwa,44881.73888900862,Very Large,1.4,12
Villa for sale,7777000.0,2,1,896.0,"Pannipitiya, Colombo",Colombo,Pannipitiya,8679.6875,Small,2.0,3
House for sale,59428428.0,5,4,4917.35,"Mount Lavinia, Colombo",Colombo,Mount Lavinia,12085.45822445016,Very Large,1.25,9
House for sale,34360539.0,2,2,1213.34,"Kolonnawa, Colombo",Colombo,Kolonnawa,28318.96995071456,Medium,1.0,4
House for sale,41138299.0,4,4,3887.74,"Awissawella, Colombo",Colombo,Awissawella,10581.545833826336,Very Large,1.0,8
House for sale,12058598.0,2,2,1219.47,"Padukka, Colombo",Colombo,Padukka,9888.392498380445,Medium,1.0,4
House for sale,41811499.0,4,3,3250.37,"Colombo 9, Colombo",Colombo,Colombo 9,12863.61214261761,Large,1.3333333333333333,7
House for sale,38329241.0,5,3,1907.25,"Athurugiriya, Colombo",Colombo,Athurugiriya,20096.600340804824,Medium,1.6666666666666667,8
House for sale,48924367.0,4,3,1992.12,"Moratuwa, Colombo",Colombo,Moratuwa,24558.945746240188,Medium,1.3333333333333333,7
Villa for sale,93696058.0,3,5,4542.46,"Bambalapitiya , Colombo",Colombo,Bambalapitiya ,20626.72164421921,Very Large,0.6,8
House for sale,122568213.0,8,6,4455.85,"Kirulapona, Colombo",Colombo,Kirulapona,27507.25742563147,Very Large,1.3333333333333333,14
House for sale,36432326.0,5,5,950.6,"Colombo 9, Colombo",Colombo,Colombo 9,38325.61119293078,Small,1.0,10
House for sale,20574322.0,5,3,2521.26,"Padukka, Colombo",Colombo,Padukka,8160.333325400791,Large,1.6666666666666667,8
House for sale,52177611.0,3,3,3139.62,"Kolonnawa, Colombo",Colombo,Kolonnawa,16619.08479370115,Large,1.0,6
House for sale,21756930.0,5,3,2666.19,"Athurugiriya, Colombo",Colombo,Athurugiriya,8160.307404948634,Large,1.6666666666666667,8
House for sale,19506414.0,3,3,1692.75,"Kesbewa, Colombo",Colombo,Kesbewa,11523.505538325211,Medium,1.0,6
House for sale,16693074.0,3,2,1338.93,"Maththegoda, Colombo",Colombo,Maththegoda,12467.473280903407,Medium,1.5,5
Villa for sale,43551012.0,4,4,970.35,"Nawala, Colombo",Colombo,Nawala,44881.75606739836,Small,1.0,8
House for sale,11316290.0,2,1,1386.75,"Padukka, Colombo",Colombo,Padukka,8160.295655309176,Medium,2.0,3
House for sale,52213660.0,5,3,3803.13,"Kolonnawa, Colombo",Colombo,Kolonnawa,13729.128375837796,Very Large,1.6666666666666667,8
House for sale,165493054.0,5,4,3687.31,"Nugegoda, Colombo",Colombo,Nugegoda,44881.78482416721,Very Large,1.25,9
House for sale,15978490.0,3,2,1549.75,"Kesbewa, Colombo",Colombo,Kesbewa,10310.366188094855,Medium,1.5,5
House for sale,33576946.0,2,2,1063.73,"Nugegoda, Colombo",Colombo,Nugegoda,31565.290064208024,Medium,1.0,4
House for sale,83941782.0,6,4,3343.96,"Kirulapona, Colombo",Colombo,Kirulapona,25102.507805117286,Large,1.5,10
House for sale,22463763.0,3,2,2752.8,"Pannipitiya, Colombo",Colombo,Pannipitiya,8160.332388840453,Large,1.5,5
House for sale,404819885.0,9,9,9019.7,"Dematagoda, Colombo",Colombo,Dematagoda,44881.74606694235,Very Large,1.0,18
House for sale,321809931.0,6,5,9019.7,"Boralesgamuwa, Colombo",Colombo,Boralesgamuwa,35678.56259077352,Very Large,1.2,11
House for sale,44047082.0,6,4,5397.72,"Awissawella, Colombo",Colombo,Awissawella,8160.312502315792,Very Large,1.5,10
Villa for sale,181948620.0,7,4,4053.96,"Colombo 7, Colombo",Colombo,Colombo 7,44881.70085545984,Very Large,1.75,11
House for sale,124199951.0,4,5,3730.97,"Nawala, Colombo",Colombo,Nawala,33288.917091265816,Very Large,0.8,9
House for sale,62019700.0,3,3,3594.13,"Pitakotte, Colombo",Colombo,Pitakotte,17255.83103560528,Very Large,1.0,6
House for sale,67041400.0,4,5,3423.04,"Dehiwala, Colombo",Colombo,Dehiwala,19585.339347480603,Large,0.8,9
House for sale,15735089.0,3,3,1321.17,"Maththegoda, Colombo",Colombo,Maththegoda,11909.965409447686,Medium,1.0,6
House for sale,165447103.0,4,4,3686.29,"Boralesgamuwa, Colombo",Colombo,Boralesgamuwa,44881.73827886574,Very Large,1.0,8
House for sale,113100321.0,5,4,5545.21,"Nugegoda, Colombo",Colombo,Nugegoda,20396.039284355327,Very Large,1.25,9
House for sale,86821745.0,5,4,3768.05,"Kottawa, Colombo",Colombo,Kottawa,23041.558631122196,Very Large,1.25,9
House for sale,23966337.0,4,4,2538.74,"Colombo 8, Colombo",Colombo,Colombo 8,9440.248706051034,Large,1.0,8
House for sale,25275336.0,5,3,1864.5,"Wellampitiya, Colombo",Colombo,Wellampitiya,13556.093322606597,Medium,1.6666666666666667,8
House for sale,121928592.0,8,6,4813.37,"Rathmalana, Colombo",Colombo,Rathmalana,25331.23196429944,Very Large,1.3333333333333333,14
House for sale,83865731.0,6,4,4253.87,"Nugegoda, Colombo",Colombo,Nugegoda,19715.160783004652,Very Large,1.5,10
House for sale,40020753.0,5,3,2036.55,"Rathmalana, Colombo",Colombo,Rathmalana,19651.24990793253,Large,1.6666666666666667,8
House for sale,114817949.0,7,6,5810.42,"Boralesgamuwa, Colombo",Colombo,Boralesgamuwa,19760.69698920216,Very Large,1.1666666666666667,13
House for sale,93453220.0,4,3,2923.67,"Battaramulla, Colombo",Colombo,Battaramulla,31964.35302205789,Large,1.3333333333333333,7
House for sale,107739605.0,5,5,4025.87,"Mount Lavinia, Colombo",Colombo,Mount Lavinia,26761.819184424734,Very Large,1.0,10
House for sale,248529436.0,6,5,5537.43,"Colombo 7, Colombo",Colombo,Colombo 7,44881.72961102894,Very Large,1.2,11
House for sale,40282230.0,5,3,4387.21,"Makadana, Colombo",Colombo,Makadana,9181.741927101733,Very Large,1.6666666666666667,8
House for sale,404819885.0,9,6,9019.7,"Colombo 7, Colombo",Colombo,Colombo 7,44881.74606694235,Very Large,1.5,15
House for sale,16552608.0,2,2,1179.52,"Maththegoda, Colombo",Colombo,Maththegoda,14033.342376559956,Medium,1.0,4
House for sale,81980389.0,3,4,3891.24,"Thalawathugoda, Colombo",Colombo,Thalawathugoda,21067.934385954093,Very Large,0.75,7
House for sale,44528045.0,4,3,2487.15,"Kottawa, Colombo",Colombo,Kottawa,17903.24065697686,Large,1.3333333333333333,7
House for sale,51120053.0,4,4,1138.99,"Colombo 7, Colombo",Colombo,Colombo 7,44881.915556765205,Medium,1.0,8
House for sale,119622482.0,4,5,2665.28,"Colombo 6, Colombo",Colombo,Colombo 6,44881.769270020406,Large,0.8,9
Villa for sale,109697997.0,4,4,4678.39,"Moratuwa, Colombo",Colombo,Moratuwa,23447.809395967415,Very Large,1.0,8
House for sale,38384968.0,3,3,1537.18,"Kolonnawa, Colombo",Colombo,Kolonnawa,24971.030068046683,Medium,1.0,6
House for sale,74903379.0,5,5,4244.46,"Pitakotte, Colombo",Colombo,Pitakotte,17647.328282042945,Very Large,1.0,10
House for sale,17406466.0,2,1,1228.38,"Mount Lavinia, Colombo",Colombo,Mount Lavinia,14170.261645419168,Medium,2.0,3
House for sale,96763769.0,5,4,3209.06,"Kohuwala, Colombo",Colombo,Kohuwala,30153.306264139654,Large,1.25,9
House for sale,46730595.0,4,3,3422.6,"Makadana, Colombo",Colombo,Makadana,13653.536784900369,Large,1.3333333333333333,7
House for sale,98239699.0,5,5,4476.62,"Mount Lavinia, Colombo",Colombo,Mount Lavinia,21945.06100584816,Very Large,1.0,10
House for sale,32000000.0,2,1,2723.0,"Boralesgamuwa, Colombo",Colombo,Boralesgamuwa,11751.74439955931,Large,2.0,3
House for sale,49029721.0,5,3,3960.49,"Kesbewa, Colombo",Colombo,Kesbewa,12379.71084386023,Very Large,1.6666666666666667,8
House for sale,119229071.0,4,4,4012.6,"Moratuwa, Colombo",Colombo,Moratuwa,29713.669690475006,Very Large,1.0,8
House for sale,15341417.0,2,3,896.0,"Padukka, Colombo",Colombo,Padukka,17122.1171875,Small,0.6666666666666666,5
House for sale,404607476.0,8,6,9014.97,"Boralesgamuwa, Colombo",Colombo,Boralesgamuwa,44881.732939765745,Very Large,1.3333333333333333,14
House for sale,168120133.0,5,4,3745.85,"Nugegoda, Colombo",Colombo,Nugegoda,44881.7045530387,Very Large,1.25,9
House for sale,146991880.0,5,4,4138.19,"Mount Lavinia, Colombo",Colombo,Mount Lavinia,35520.8146556828,Very Large,1.25,9
House for sale,120129816.0,5,4,5188.55,"Nugegoda, Colombo",Colombo,Nugegoda,23152.868527816056,Very Large,1.25,9
House for sale,79598697.0,2,2,1773.52,"Pamankada, Colombo",Colombo,Pamankada,44881.75887500564,Medium,1.0,4
House for sale,24339920.0,2,2,1502.62,"Boralesgamuwa, Colombo",Colombo,Boralesgamuwa,16198.320267266508,Medium,1.0,4
House for sale,161239877.0,5,5,3592.55,"Colombo 7, Colombo",Colombo,Colombo 7,44881.73497933223,Very Large,1.0,10
House for sale,18274822.0,2,3,1086.1,"Homagama, Colombo",Colombo,Homagama,16826.09520301998,Medium,0.6666666666666666,5
House for sale,36343763.0,3,1,2480.44,"Boralesgamuwa, Colombo",Colombo,Boralesgamuwa,14652.143571301865,Large,3.0,4
House for sale,138784661.0,4,4,3092.23,"Boralesgamuwa, Colombo",Colombo,Boralesgamuwa,44881.73939195985,Large,1.0,8
House for sale,87629844.0,4,4,3154.2,"Pitakotte, Colombo",Colombo,Pitakotte,27781.95548792087,Large,1.0,8
House for sale,159514808.0,4,4,4179.75,"Bambalapitiya , Colombo",Colombo,Bambalapitiya ,38163.71983970333,Very Large,1.0,8
House for sale,23832941.0,4,3,2839.44,"Kaduwela, Colombo",Colombo,Kaduwela,8393.535697179725,Large,1.3333333333333333,7
House for sale,46710180.0,2,2,1796.85,"Moratuwa, Colombo",Colombo,Moratuwa,25995.592286501378,Medium,1.0,4
House for sale,32910029.0,4,3,4032.93,"Homagama, Colombo",Colombo,Homagama,8160.327355049555,Very Large,1.3333333333333333,7
Villa for sale,48018776.0,5,5,2711.85,"Battaramulla, Colombo",Colombo,Battaramulla,17707.01771853163,Large,1.0,10
House for sale,60512657.0,4,3,2770.37,"Pitakotte, Colombo",Colombo,Pitakotte,21842.806917487556,Large,1.3333333333333333,7
House for sale,10155040.0,3,1,1164.88,"Padukka, Colombo",Colombo,Padukka,8717.670489664171,Medium,3.0,4
House for sale,155953949.0,4,4,3474.77,"Nugegoda, Colombo",Colombo,Nugegoda,44881.80483888142,Large,1.0,8
House for sale,264484763.0,10,8,9019.7,"Battaramulla, Colombo",Colombo,Battaramulla,29323.011075756396,Very Large,1.25,18
House for sale,36805251.0,4,4,2562.18,"Homagama, Colombo",Colombo,Homagama,14364.818631009532,Large,1.0,8
House for sale,168436996.0,4,4,3752.91,"Nugegoda, Colombo",Colombo,Nugegoda,44881.70406431276,Very Large,1.0,8
House for sale,40509979.0,5,4,2681.58,"Maharagama, Colombo",Colombo,Maharagama,15106.757583215865,Large,1.25,9
House for sale,24956504.0,3,2,2640.68,"Padukka, Colombo",Colombo,Padukka,9450.786918520987,Large,1.5,5
House for sale,86401926.0,4,3,3999.09,"Kottawa, Colombo",Colombo,Kottawa,21605.396727755564,Very Large,1.3333333333333333,7
House for sale,29683625.0,2,2,2566.52,"Boralesgamuwa, Colombo",Colombo,Boralesgamuwa,11565.709598990072,Large,1.0,4
House for sale,198373103.0,5,5,5059.85,"Colombo 7, Colombo",Colombo,Colombo 7,39205.33276678162,Very Large,1.0,10
House for sale,14617017.0,3,2,1520.08,"Kesbewa, Colombo",Colombo,Kesbewa,9615.95244987106,Medium,1.5,5
House for sale,95671289.0,5,4,2459.57,"Dehiwala, Colombo",Colombo,Dehiwala,38897.567054403815,Large,1.25,9
House for sale,15686240.0,2,2,1922.26,"Moratuwa, Colombo",Colombo,Moratuwa,8160.3113002403425,Medium,1.0,4
House for sale,35392741.0,5,5,4337.18,"Pitakotte, Colombo",Colombo,Pitakotte,8160.311769398549,Very Large,1.0,10
Villa for sale,25705866.0,4,3,933.7,"Nugegoda, Colombo",Colombo,Nugegoda,27531.183463639285,Small,1.3333333333333333,7
House for sale,100873143.0,4,3,2981.22,"Battaramulla, Colombo",Colombo,Battaramulla,33836.19558435809,Large,1.3333333333333333,7
House for sale,78388841.0,3,3,1746.56,"Bambalapitiya , Colombo",Colombo,Bambalapitiya ,44881.84831898131,Medium,1.0,6
House for sale,58330182.0,5,5,3614.01,"Rathmalana, Colombo",Colombo,Rathmalana,16140.016768077563,Very Large,1.0,10
House for sale,41713528.0,4,3,5111.75,"Malabe, Colombo",Colombo,Malabe,8160.322394483298,Very Large,1.3333333333333333,7
House for sale,82391141.0,7,6,6524.73,"Boralesgamuwa, Colombo",Colombo,Boralesgamuwa,12627.517307229573,Very Large,1.1666666666666667,13
House for sale,49041700.0,4,4,3661.81,"Kothalawala, Colombo",Colombo,Kothalawala,13392.748394919452,Very Large,1.0,8
House for sale,37124359.0,4,5,3286.99,"Morakatiya, Colombo",Colombo,Morakatiya,11294.332809044141,Large,0.8,9
House for sale,19830608.0,4,3,2430.13,"Padukka, Colombo",Colombo,Padukka,8160.3074732627465,Large,1.3333333333333333,7
House for sale,30427998.0,3,3,1297.52,"Padukka, Colombo",Colombo,Padukka,23450.889388988224,Medium,1.0,6
House for sale,54994346.0,5,4,3046.65,"Thalawathugoda, Colombo",Colombo,Thalawathugoda,18050.759358639818,Large,1.25,9
House for sale,78727764.0,5,4,1754.12,"Bambalapitiya , Colombo",Colombo,Bambalapitiya ,44881.629535037515,Medium,1.25,9
House for sale,64447160.0,5,3,2244.86,"Colombo 9, Colombo",Colombo,Colombo 9,28708.765802767208,Large,1.6666666666666667,8
House for sale,247853413.0,6,6,5872.43,"Pitakotte, Colombo",Colombo,Pitakotte,42206.27798032501,Very Large,1.0,12
House for sale,9096128.0,1,1,896.0,"Wellampitiya, Colombo",Colombo,Wellampitiya,10151.92857142857,Small,1.0,2
House for sale,93968213.0,5,5,4674.58,"Moratuwa, Colombo",Colombo,Moratuwa,20101.958464717685,Very Large,1.0,10
House for sale,32994913.0,4,2,1064.16,"Nugegoda, Colombo",Colombo,Nugegoda,31005.59408359645,Medium,2.0,6
House for sale,45146717.0,3,3,3752.44,"Makadana, Colombo",Colombo,Makadana,12031.296169958747,Very Large,1.0,6
House for sale,10594516.0,2,1,1024.06,"Makumbura, Colombo",Colombo,Makumbura,10345.600843700566,Medium,2.0,3
House for sale,23223437.0,4,2,2414.27,"Pannipitiya, Colombo",Colombo,Pannipitiya,9619.23769918029,Large,2.0,6
House for sale,18649059.0,3,2,1280.04,"Pannipitiya, Colombo",Colombo,Pannipitiya,14569.122058685667,Medium,1.5,5
House for sale,59273466.0,5,4,3462.23,"Thalawathugoda, Colombo",Colombo,Thalawathugoda,17120.025532676915,Large,1.25,9
House for sale,29500000.0,5,3,4653.0,"Thalduwa, Awissawella",Colombo,Awissawella,6339.99570169783,Very Large,1.6666666666666667,8
House for sale,31372030.0,3,2,1869.86,"Boralesgamuwa, Colombo",Colombo,Boralesgamuwa,16777.742718706213,Medium,1.5,5
House for sale,97650186.0,3,4,2453.25,"Thalawathugoda, Colombo",Colombo,Thalawathugoda,39804.41699785998,Large,0.75,7
House for sale,75309002.0,4,5,3455.2,"Mount Lavinia, Colombo",Colombo,Mount Lavinia,21795.844524195418,Large,0.8,9
House for sale,129478366.0,5,5,3826.19,"Nawala, Colombo",Colombo,Nawala,33840.025194776004,Very Large,1.0,10
House for sale,77398103.0,5,4,3980.8,"Pitakotte, Colombo",Colombo,Pitakotte,19442.851436897105,Very Large,1.25,9
House for sale,288370262.0,7,5,6425.11,"Colombo 7, Colombo",Colombo,Colombo 7,44881.762646865194,Very Large,1.4,12
Villa for sale,83098042.0,6,5,5181.99,"Boralesgamuwa, Colombo",Colombo,Boralesgamuwa,16035.93252785127,Very Large,1.2,11
House for sale,38731304.0,4,3,2582.04,"Kottawa, Colombo",Colombo,Kottawa,15000.272652631253,Large,1.3333333333333333,7
House for sale,41915551.0,4,4,1864.59,"Morakatiya, Colombo",Colombo,Morakatiya,22479.768206415352,Medium,1.0,8
House for sale,404819885.0,7,5,9019.7,"Colombo 7, Colombo",Colombo,Colombo 7,44881.74606694235,Very Large,1.4,12
House for sale,13032211.0,2,2,896.0,"Kolonnawa, Colombo",Colombo,Kolonnawa,14544.878348214286,Small,1.0,4
House for sale,25710122.0,4,4,3150.63,"Colombo 8, Colombo",Colombo,Colombo 8,8160.311429777536,Large,1.0,8
House for sale,21142596.0,1,2,1253.79,"Maththegoda, Colombo",Colombo,Maththegoda,16862.948340631207,Medium,0.5,3
House for sale,36089035.0,5,3,4422.5,"Awissawella, Colombo",Colombo,Awissawella,8160.32447710571,Very Large,1.6666666666666667,8
House for sale,54205186.0,5,3,2758.86,"Kaduwela, Colombo",Colombo,Kaduwela,19647.675489151316,Large,1.6666666666666667,8
House for sale,72292964.0,5,5,1610.74,"Bambalapitiya , Colombo",Colombo,Bambalapitiya ,44881.83319468071,Medium,1.0,10
House for sale,89384023.0,4,4,2414.49,"Dehiwala, Colombo",Colombo,Dehiwala,37019.8356588762,Large,1.0,8
House for sale,23551523.0,1,2,1155.8,"Piliyandala, Colombo",Colombo,Piliyandala,20376.815192939957,Medium,0.5,3
House for sale,157738592.0,5,4,3514.54,"Colombo 7, Colombo",Colombo,Colombo 7,44881.717664331605,Very Large,1.25,9
House for sale,207448140.0,3,3,4622.1,"Colombo 7, Colombo",Colombo,Colombo 7,44881.79398974492,Very Large,1.0,6
House for sale,254425187.0,6,6,5668.79,"Kothalawala, Colombo",Colombo,Kothalawala,44881.74495791871,Very Large,1.0,12
House for sale,30391539.0,5,4,3724.31,"Pitakotte, Colombo",Colombo,Pitakotte,8160.313991048007,Very Large,1.25,9
House for sale,38956910.0,3,3,1940.97,"Homagama, Colombo",Colombo,Homagama,20070.846020288824,Medium,1.0,6
House for sale,168570823.0,4,4,3755.89,"Colombo 7, Colombo",Colombo,Colombo 7,44881.725236894585,Very Large,1.0,8
House for sale,38399539.0,3,3,2392.24,"Battaramulla, Colombo",Colombo,Battaramulla,16051.708440624689,Large,1.0,6
House for sale,8267402.0,3,2,896.0,"Makumbura, Colombo",Colombo,Makumbura,9227.011160714286,Small,1.5,5
House for sale,243697425.0,10,8,9019.7,"Battaramulla, Colombo",Colombo,Battaramulla,27018.351497278178,Very Large,1.25,18
House for sale,194373571.0,3,3,4330.79,"Colombo 7, Colombo",Colombo,Colombo 7,44881.78161490167,Very Large,1.0,6
House for sale,32446706.0,4,3,2257.06,"Kottawa, Colombo",Colombo,Kottawa,14375.650625149532,Large,1.3333333333333333,7
House for sale,22876847.0,2,3,1287.71,"Homagama, Colombo",Colombo,Homagama,17765.52717614991,Medium,0.6666666666666666,5
House for sale,80796204.0,5,4,3839.75,"Thalawathugoda, Colombo",Colombo,Thalawathugoda,21042.048050003257,Very Large,1.25,9
House for sale,169517662.0,4,4,3776.98,"Colombo 7, Colombo",Colombo,Colombo 7,44881.800274293215,Very Large,1.0,8
House for sale,59342393.0,3,2,2018.37,"Mount Lavinia, Colombo",Colombo,Mount Lavinia,29401.146965125325,Large,1.5,5
House for sale,12719275.0,3,3,976.76,"Wellampitiya, Colombo",Colombo,Wellampitiya,13021.904050124904,Small,1.0,6
House for sale,33659640.0,5,3,2326.87,"Awissawella, Colombo",Colombo,Awissawella,14465.62979453085,Large,1.6666666666666667,8
House for sale,20951857.0,2,3,1493.56,"Makumbura, Colombo",Colombo,Makumbura,14028.132113875574,Medium,0.6666666666666666,5
House for sale,39443360.0,4,3,1904.49,"Kolonnawa, Colombo",Colombo,Kolonnawa,20710.720455345,Medium,1.3333333333333333,7
House for sale,106412229.0,5,5,2608.32,"Colombo 6, Colombo",Colombo,Colombo 6,40797.22925101214,Large,1.0,10
House for sale,65239521.0,4,4,3558.44,"Thalawathugoda, Colombo",Colombo,Thalawathugoda,18333.74203302571,Very Large,1.0,8
House for sale,112070071.0,6,5,3377.57,"Dehiwala, Colombo",Colombo,Dehiwala,33180.68048922746,Large,1.2,11
House for sale,81976604.0,6,4,3906.52,"Pitakotte, Colombo",Colombo,Pitakotte,20984.560171200967,Very Large,1.5,10
House for sale,13300325.0,4,3,896.0,"Wellampitiya, Colombo",Colombo,Wellampitiya,14844.112723214286,Small,1.3333333333333333,7
House for sale,339314809.0,7,5,9019.7,"Kohuwala, Colombo",Colombo,Kohuwala,37619.300974533515,Very Large,1.4,12
Villa for sale,195692579.0,4,5,4360.18,"Colombo 7, Colombo",Colombo,Colombo 7,44881.76611974735,Very Large,0.8,9
Villa for sale,40305689.0,4,4,898.04,"Nawala, Colombo",Colombo,Nawala,44881.84156607724,Small,1.0,8
House for sale,65779751.0,4,3,3056.6,"Kothalawala, Colombo",Colombo,Kothalawala,21520.562389583196,Large,1.3333333333333333,7
House for sale,20735249.0,3,3,1209.11,"Kolonnawa, Colombo",Colombo,Kolonnawa,17149.183283572216,Medium,1.0,6
House for sale,46742511.0,4,4,4141.46,"Wellampitiya, Colombo",Colombo,Wellampitiya,11286.481337499335,Very Large,1.0,8
House for sale,62527176.0,6,5,3706.7,"Dehiwala, Colombo",Colombo,Dehiwala,16868.690749183912,Very Large,1.2,11
House for sale,34500000.0,5,3,2400.0,"Malabe Road, Kottawa",Colombo,Kottawa,14375.0,Large,1.6666666666666667,8
House for sale,126747855.0,9,6,4597.72,"Rathmalana, Colombo",Colombo,Rathmalana,27567.545435563712,Very Large,1.5,15
House for sale,10135422.0,2,1,1242.04,"Padukka, Colombo",Colombo,Padukka,8160.302405719623,Medium,2.0,3
House for sale,67883888.0,5,4,1512.51,"Colombo 6, Colombo",Colombo,Colombo 6,44881.61268355251,Medium,1.25,9
House for sale,25839826.0,5,4,2763.93,"Kaduwela, Colombo",Colombo,Kaduwela,9348.94371420405,Large,1.25,9
House for sale,25556782.0,3,3,1623.01,"Kolonnawa, Colombo",Colombo,Kolonnawa,15746.533909218058,Medium,1.0,6
House for sale,35599742.0,5,3,2474.01,"Piliyandala, Colombo",Colombo,Piliyandala,14389.489937389097,Large,1.6666666666666667,8
House for sale,40115019.0,4,3,3868.03,"Malabe, Colombo",Colombo,Malabe,10370.917236939733,Very Large,1.3333333333333333,7
House for sale,126453561.0,4,4,3893.29,"Thalawathugoda, Colombo",Colombo,Thalawathugoda,32479.87203624698,Very Large,1.0,8
House for sale,404819885.0,10,9,9019.7,"Dematagoda, Colombo",Colombo,Dematagoda,44881.74606694235,Very Large,1.1111111111111112,19
House for sale,11580150.0,4,2,1419.08,"Moratuwa, Colombo",Colombo,Moratuwa,8160.322180567692,Medium,2.0,6
House for sale,243186473.0,6,5,9015.82,"Nugegoda, Colombo",Colombo,Nugegoda,26973.306144088947,Very Large,1.2,11
House for sale,79117852.0,7,6,5985.77,"Boralesgamuwa, Colombo",Colombo,Boralesgamuwa,13217.65654209901,Very Large,1.1666666666666667,13
House for sale,58059938.0,4,2,3558.66,"Kolonnawa, Colombo",Colombo,Kolonnawa,16315.112429959592,Very Large,2.0,6
House for sale,97930680.0,4,3,4177.71,"Mount Lavinia, Colombo",Colombo,Mount Lavinia,23441.23455194353,Very Large,1.3333333333333333,7
House for sale,35029878.0,4,3,2634.81,"Maharagama, Colombo",Colombo,Maharagama,13295.030002163345,Large,1.3333333333333333,7
House for sale,30428358.0,6,4,3728.82,"Mount Lavinia, Colombo",Colombo,Mount Lavinia,8160.3182776320655,Very Large,1.5,10
House for sale,27396828.0,3,3,1458.86,"Kesbewa, Colombo",Colombo,Kesbewa,18779.61421932194,Medium,1.0,6
House for sale,58514347.0,3,3,3221.74,"Thalawathugoda, Colombo",Colombo,Thalawathugoda,18162.343019610522,Large,1.0,6
House for sale,36862469.0,5,3,4517.28,"Malabe, Colombo",Colombo,Malabe,8160.324133106648,Very Large,1.6666666666666667,8
House for sale,98938724.0,5,5,4994.21,"Moratuwa, Colombo",Colombo,Moratuwa,19810.68557389457,Very Large,1.0,10
House for sale,17197581.0,1,3,1267.45,"Homagama, Colombo",Colombo,Homagama,13568.646494930766,Medium,0.3333333333333333,4
House for sale,404819885.0,8,6,9019.7,"Nugegoda, Colombo",Colombo,Nugegoda,44881.74606694235,Very Large,1.3333333333333333,14
House for sale,26125728.0,2,2,1482.84,"Athurugiriya, Colombo",Colombo,Athurugiriya,17618.71004289067,Medium,1.0,4
House for sale,49776334.0,3,3,2659.6,"Athurugiriya, Colombo",Colombo,Athurugiriya,18715.721913069636,Large,1.0,6
House for sale,57302234.0,5,5,3688.46,"Kothalawala, Colombo",Colombo,Kothalawala,15535.544373532584,Very Large,1.0,10
House for sale,69744092.0,6,5,3431.42,"Kothalawala, Colombo",Colombo,Kothalawala,20325.140029492162,Large,1.2,11
House for sale,23123654.0,4,3,1308.6,"Makumbura, Colombo",Colombo,Makumbura,17670.52880941464,Medium,1.3333333333333333,7
House for sale,34395365.0,6,3,3019.13,"Awissawella, Colombo",Colombo,Awissawella,11392.475646957899,Large,2.0,9
House for sale,118919756.0,4,4,4675.87,"Maharagama, Colombo",Colombo,Maharagama,25432.64804196866,Very Large,1.0,8
House for sale,18130463.0,5,3,2221.78,"Kesbewa, Colombo",Colombo,Kesbewa,8160.332256118967,Large,1.6666666666666667,8
House for sale,54761137.0,2,2,3255.18,"Thalawathugoda, Colombo",Colombo,Thalawathugoda,16822.767711770164,Large,1.0,4
Villa for sale,37262119.0,3,3,1819.5,"Kolonnawa, Colombo",Colombo,Kolonnawa,20479.317944490245,Medium,1.0,6
House for sale,24639321.0,2,2,1538.31,"Thalawathugoda, Colombo",Colombo,Thalawathugoda,16017.136337929287,Medium,1.0,4
House for sale,105000000.0,4,4,4000.0,"Thalawathugoda, Colombo",Colombo,Thalawathugoda,26250.0,Very Large,1.0,8
House for sale,125758140.0,5,4,4306.88,"Bambalapitiya , Colombo",Colombo,Bambalapitiya ,29199.36009361765,Very Large,1.25,9
House for sale,87810650.0,4,4,3672.77,"Rathmalana, Colombo",Colombo,Rathmalana,23908.562202370416,Very Large,1.0,8
House for sale,93723054.0,4,4,3088.07,"Kirulapona, Colombo",Colombo,Kirulapona,30350.041935577883,Large,1.0,8
House for sale,62510035.0,3,3,1615.4,"Colombo 9, Colombo",Colombo,Colombo 9,38696.31979695431,Medium,1.0,6
House for sale,49457068.0,4,3,2657.25,"Kaduwela, Colombo",Colombo,Kaduwela,18612.124564869697,Large,1.3333333333333333,7
House for sale,184555690.0,4,4,4112.04,"Colombo 7, Colombo",Colombo,Colombo 7,44881.78373751228,Very Large,1.0,8
House for sale,91569515.0,4,4,3655.82,"Thalawathugoda, Colombo",Colombo,Thalawathugoda,25047.599444173946,Very Large,1.0,8
House for sale,39707196.0,3,3,2539.65,"Maharagama, Colombo",Colombo,Maharagama,15634.908747268324,Large,1.0,6
House for sale,61039795.0,4,3,2460.73,"Rathmalana, Colombo",Colombo,Rathmalana,24805.563796109283,Large,1.3333333333333333,7
Villa for sale,73136960.0,4,3,3546.21,"Kirulapona, Colombo",Colombo,Kirulapona,20623.978839380634,Very Large,1.3333333333333333,7
House for sale,31708881.0,2,1,2674.22,"Boralesgamuwa, Colombo",Colombo,Boralesgamuwa,11857.244729304246,Large,2.0,3
House for sale,40297996.0,4,4,2787.89,"Colombo 7, Colombo",Colombo,Colombo 7,14454.657823658754,Large,1.0,8
House for sale,34514666.0,3,3,2662.69,"Kaduwela, Colombo",Colombo,Kaduwela,12962.329824350563,Large,1.0,6
House for sale,143110747.0,3,3,3498.75,"Kohuwala, Colombo",Colombo,Kohuwala,40903.39321186138,Large,1.0,6
House for sale,63709226.0,5,4,3216.58,"Pitakotte, Colombo",Colombo,Pitakotte,19806.5106417375,Large,1.25,9
House for sale,145580805.0,3,3,4718.48,"Dehiwala, Colombo",Colombo,Dehiwala,30853.326706905616,Very Large,1.0,6
House for sale,114949722.0,5,5,2787.6,"Nawala, Colombo",Colombo,Nawala,41236.08910891089,Large,1.0,10
House for sale,30005898.0,3,2,2813.55,"Piliyandala, Colombo",Colombo,Piliyandala,10664.782214639867,Large,1.5,5
House for sale,48141010.0,5,3,2142.59,"Kaduwela, Colombo",Colombo,Kaduwela,22468.60575285052,Large,1.6666666666666667,8
House for sale,50058802.0,4,2,2715.04,"Mount Lavinia, Colombo",Colombo,Mount Lavinia,18437.5928163121,Large,2.0,6
House for sale,91402006.0,5,4,2487.44,"Dehiwala, Colombo",Colombo,Dehiwala,36745.411346605346,Large,1.25,9
House for sale,21429033.0,3,2,2626.0,"Athurugiriya, Colombo",Colombo,Athurugiriya,8160.33244478294,Large,1.5,5
House for sale,87624030.0,4,4,2425.89,"Kirulapona, Colombo",Colombo,Kirulapona,36120.36407256719,Large,1.0,8
House for sale,41078284.0,5,3,5033.91,"Awissawella, Colombo",Colombo,Awissawella,8160.313553480297,Very Large,1.6666666666666667,8
House for sale,108163772.0,5,5,2409.97,"Colombo 6, Colombo",Colombo,Colombo 6,44881.7918895256,Large,1.0,10
House for sale,43789945.0,4,3,3751.56,"Kesbewa, Colombo",Colombo,Kesbewa,11672.462922091077,Very Large,1.3333333333333333,7
House for sale,62723225.0,3,3,3404.1,"Mount Lavinia, Colombo",Colombo,Mount Lavinia,18425.78802032843,Large,1.0,6
House for sale,80190903.0,4,4,2303.34,"Dehiwala, Colombo",Colombo,Dehiwala,34815.05248899424,Large,1.0,8
House for sale,296251778.0,6,5,6600.72,"Boralesgamuwa, Colombo",Colombo,Boralesgamuwa,44881.736840829486,Very Large,1.2,11
House for sale,33962943.0,4,4,2740.55,"Homagama, Colombo",Colombo,Homagama,12392.747076316797,Large,1.0,8
House for sale,128117419.0,5,5,4127.01,"Nawala, Colombo",Colombo,Nawala,31043.64152255507,Very Large,1.0,10
House for sale,152441117.0,6,4,4035.37,"Mount Lavinia, Colombo",Colombo,Mount Lavinia,37776.24282283905,Very Large,1.5,10
House for sale,58217994.0,5,4,3240.02,"Thalawathugoda, Colombo",Colombo,Thalawathugoda,17968.405750581787,Large,1.25,9
House for sale,117310585.0,4,3,3210.51,"Battaramulla, Colombo",Colombo,Battaramulla,36539.54823376971,Large,1.3333333333333333,7
House for sale,37679152.0,4,4,4016.99,"Malabe, Colombo",Colombo,Malabe,9379.946676491603,Very Large,1.0,8
House for sale,84065585.0,5,5,4436.63,"Mount Lavinia, Colombo",Colombo,Mount Lavinia,18948.07207272186,Very Large,1.0,10
House for sale,42000000.0,4,3,4000.0,"Kahanthota Road, Malabe ",Colombo,Malabe,10500.0,Very Large,1.3333333333333333,7
House for sale,68285747.0,3,4,2345.22,"Dehiwala, Colombo",Colombo,Dehiwala,29116.989877282303,Large,0.75,7
House for sale,45562336.0,4,3,3825.55,"Makadana, Colombo",Colombo,Makadana,11910.009279711414,Very Large,1.3333333333333333,7
House for sale,19588505.0,4,3,2400.46,"Padukka, Colombo",Colombo,Padukka,8160.313023337194,Large,1.3333333333333333,7
House for sale,25454873.0,3,2,1564.42,"Makumbura, Colombo",Colombo,Makumbura,16271.124761892586,Medium,1.5,5
Villa for sale,68153520.0,4,4,1518.51,"Bambalapitiya , Colombo",Colombo,Bambalapitiya ,44881.83811762847,Medium,1.0,8
House for sale,26016614.0,4,3,2391.57,"Athurugiriya, Colombo",Colombo,Athurugiriya,10878.466446727463,Large,1.3333333333333333,7
House for sale,36440660.0,4,4,2156.27,"Kolonnawa, Colombo",Colombo,Kolonnawa,16899.85947956425,Large,1.0,8
Villa for sale,37203352.0,4,3,1624.79,"Homagama, Colombo",Colombo,Homagama,22897.329501043212,Medium,1.3333333333333333,7
House for sale,81561088.0,3,3,1817.24,"Bambalapitiya , Colombo",Colombo,Bambalapitiya ,44881.847196847964,Medium,1.0,6
House for sale,287738906.0,7,5,7669.84,"Nugegoda, Colombo",Colombo,Nugegoda,37515.63344215785,Very Large,1.4,12
House for sale,18148820.0,4,3,2224.03,"Colombo 8, Colombo",Colombo,Colombo 8,8160.330571080425,Large,1.3333333333333333,7
House for sale,20634564.0,3,3,997.36,"Homagama, Colombo",Colombo,Homagama,20689.183444292932,Small,1.0,6
House for sale,31423822.0,2,2,1020.99,"Maharagama, Colombo",Colombo,Maharagama,30777.796060686196,Medium,1.0,4
House for sale,74430647.0,4,4,3560.9,"Pitakotte, Colombo",Colombo,Pitakotte,20902.200848100198,Very Large,1.0,8
House for sale,69224743.0,5,5,3428.72,"Thalawathugoda, Colombo",Colombo,Thalawathugoda,20189.67515574325,Large,1.0,10
House for sale,53288459.0,4,3,4199.49,"Kolonnawa, Colombo",Colombo,Kolonnawa,12689.269173161503,Very Large,1.3333333333333333,7
House for sale,49985383.0,5,4,3842.49,"Kottawa, Colombo",Colombo,Kottawa,13008.591564324175,Very Large,1.25,9
House for sale,22471952.0,1,3,1121.46,"Homagama, Colombo",Colombo,Homagama,20038.12173416796,Medium,0.3333333333333333,4
House for sale,404819885.0,10,9,9019.7,"Nawala, Colombo",Colombo,Nawala,44881.74606694235,Very Large,1.1111111111111112,19
House for sale,388281538.0,7,6,8651.21,"Colombo 7, Colombo",Colombo,Colombo 7,44881.76081727297,Very Large,1.1666666666666667,13
House for sale,11823835.0,2,1,1038.45,"Padukka, Colombo",Colombo,Padukka,11386.041696759594,Medium,2.0,3
House for sale,99001312.0,8,6,6065.41,"Colombo 6, Colombo",Colombo,Colombo 6,16322.278625847222,Very Large,1.3333333333333333,14
House for sale,33906863.0,3,2,2679.43,"Piliyandala, Colombo",Colombo,Piliyandala,12654.505995678186,Large,1.5,5
House for sale,51904884.0,3,3,3065.28,"Moratuwa, Colombo",Colombo,Moratuwa,16933.1623864704,Large,1.0,6
